actions,agent_errors,calls,candidate,candidate_money,candidate_status,diag_errors,diag_market_overlay_active,diag_market_overlay_calls,diag_market_reorders,diag_market_sell_units,diag_mirror_latches,diag_mirror_releases,diag_sell_clipped,diag_terminal_liquidations,done,margin,market,max_ms,opponent,opponent_money,opponent_status,p50_ms,p95_ms,p99_ms,result,seat,seed,source
"{'PASS': 812, 'PICKUP': 167, 'WEST': 978, 'NORTH': 904, 'BUILD_PASTURE': 14, 'PLACE': 14, 'PLANT': 158, 'WATER': 922, 'FEED': 314, 'CARE': 322, 'EAST': 740, 'COLLECT_FERTILIZER': 314, 'SOUTH': 638, 'DROP': 106, 'HARVEST': 374, 'FERTILIZE': 80, 'DIG': 43}",0,719,v025b_route14_v022c_open_market,136470.0,DONE,0,694,718,43,1894,2,2,25,1,1,-1428.0,"{'HIRE': 277, 'BUY_ANIMAL': 8, 'BUY_SEED': 18, 'BUY_PRODUCT': 248, 'SELL': 337, 'SELL_FERTILIZER': 222, 'SELL_WHEAT': 813, 'SELL_WOOL': 153, 'BUY_LAND': 2, 'SELL_MILK': 220, 'SELL_MELON': 114, 'SELL_STRAWBERRY': 284}",0.355583,fixed_replay,137898.0,DONE,0.116625,0.145792,0.245292,loss,0,873102636,90336350.json
"{'PASS': 812, 'PICKUP': 167, 'WEST': 978, 'NORTH': 904, 'BUILD_PASTURE': 14, 'PLACE': 14, 'PLANT': 158, 'WATER': 922, 'FEED': 314, 'CARE': 322, 'EAST': 740, 'COLLECT_FERTILIZER': 314, 'SOUTH': 638, 'DROP': 106, 'HARVEST': 374, 'FERTILIZE': 80, 'DIG': 43}",0,719,v025b_route14_v022c_open_market,115069.0,DONE,0,694,718,45,1894,2,2,25,1,1,-5308.0,"{'HIRE': 277, 'BUY_ANIMAL': 8, 'BUY_SEED': 18, 'BUY_PRODUCT': 248, 'SELL': 337, 'SELL_FERTILIZER': 222, 'SELL_WHEAT': 813, 'SELL_WOOL': 153, 'BUY_LAND': 2, 'SELL_MILK': 220, 'SELL_MELON': 114, 'SELL_STRAWBERRY': 284}",0.354708,fixed_replay,120377.0,DONE,0.115667,0.143583,0.182791,loss,1,873102636,90336350.json
"{'PASS': 812, 'PICKUP': 167, 'WEST': 978, 'NORTH': 904, 'BUILD_PASTURE': 14, 'PLACE': 14, 'PLANT': 158, 'WATER': 922, 'FEED': 314, 'CARE': 322, 'EAST': 740, 'COLLECT_FERTILIZER': 314, 'SOUTH': 638, 'DROP': 106, 'HARVEST': 374, 'FERTILIZE': 80, 'DIG': 43}",0,719,v025b_route14_v022c_open_market,114968.0,DONE,0,694,718,45,1889,2,2,27,1,1,1715.0,"{'HIRE': 277, 'BUY_ANIMAL': 8, 'BUY_SEED': 18, 'BUY_PRODUCT': 248, 'SELL': 334, 'SELL_FERTILIZER': 224, 'SELL_WHEAT': 806, 'SELL_WOOL': 143, 'BUY_LAND': 2, 'SELL_MILK': 215, 'SELL_MELON': 114, 'SELL_STRAWBERRY': 293}",0.475666,fixed_replay,113253.0,DONE,0.114583,0.138042,0.178209,win,0,334626759,90337258.json
"{'PASS': 812, 'PICKUP': 167, 'WEST': 978, 'NORTH': 904, 'BUILD_PASTURE': 14, 'PLACE': 14, 'PLANT': 158, 'WATER': 922, 'FEED': 314, 'CARE': 322, 'EAST': 740, 'COLLECT_FERTILIZER': 314, 'SOUTH': 638, 'DROP': 106, 'HARVEST': 374, 'FERTILIZE': 80, 'DIG': 43}",0,719,v025b_route14_v022c_open_market,108419.0,DONE,0,694,718,45,1889,2,2,27,1,1,-4447.0,"{'HIRE': 277, 'BUY_ANIMAL': 8, 'BUY_SEED': 18, 'BUY_PRODUCT': 248, 'SELL': 334, 'SELL_FERTILIZER': 224, 'SELL_WHEAT': 806, 'SELL_WOOL': 143, 'BUY_LAND': 2, 'SELL_MILK': 215, 'SELL_MELON': 114, 'SELL_STRAWBERRY': 293}",0.404542,fixed_replay,112866.0,DONE,0.116875,0.14275,0.255125,loss,1,334626759,90337258.json
"{'PASS': 798, 'PICKUP': 166, 'WEST': 978, 'NORTH': 902, 'BUILD_PASTURE': 14, 'PLACE': 13, 'PLANT': 158, 'WATER': 922, 'FEED': 314, 'CARE': 322, 'EAST': 739, 'COLLECT_FERTILIZER': 312, 'SOUTH': 637, 'DROP': 106, 'HARVEST': 374, 'FERTILIZE': 80, 'DIG': 43}",0,719,v025b_route14_v022c_open_market,113735.0,DONE,0,694,718,45,1894,2,2,27,1,1,-104.0,"{'HIRE': 277, 'BUY_ANIMAL': 8, 'BUY_SEED': 18, 'BUY_PRODUCT': 248, 'SELL': 337, 'SELL_FERTILIZER': 215, 'SELL_WHEAT': 812, 'SELL_WOOL': 160, 'BUY_LAND': 2, 'SELL_MILK': 208, 'SELL_MELON': 114, 'SELL_STRAWBERRY': 272}",0.308917,fixed_replay,113839.0,DONE,0.114917,0.142167,0.274709,loss,0,1443152505,90339354.json
"{'PASS': 798, 'PICKUP': 166, 'WEST': 978, 'NORTH': 902, 'BUILD_PASTURE': 14, 'PLACE': 13, 'PLANT': 158, 'WATER': 922, 'FEED': 314, 'CARE': 322, 'EAST': 739, 'COLLECT_FERTILIZER': 312, 'SOUTH': 637, 'DROP': 106, 'HARVEST': 374, 'FERTILIZE': 80, 'DIG': 43}",0,719,v025b_route14_v022c_open_market,113838.0,DONE,0,694,718,45,1891,2,2,26,1,1,286.0,"{'HIRE': 277, 'BUY_ANIMAL': 8, 'BUY_SEED': 18, 'BUY_PRODUCT': 248, 'SELL': 337, 'SELL_FERTILIZER': 212, 'SELL_WHEAT': 817, 'SELL_WOOL': 160, 'BUY_LAND': 2, 'SELL_MILK': 208, 'SELL_MELON': 114, 'SELL_STRAWBERRY': 271}",0.354291,fixed_replay,113552.0,DONE,0.115083,0.137375,0.164125,win,1,1443152505,90339354.json
"{'PASS': 812, 'PICKUP': 167, 'WEST': 978, 'NORTH': 904, 'BUILD_PASTURE': 14, 'PLACE': 14, 'PLANT': 158, 'WATER': 922, 'FEED': 314, 'CARE': 322, 'EAST': 740, 'COLLECT_FERTILIZER': 314, 'SOUTH': 638, 'DROP': 106, 'HARVEST': 374, 'FERTILIZE': 80, 'DIG': 43}",0,719,v025b_route14_v022c_open_market,118444.0,DONE,0,694,718,45,1889,2,2,27,1,1,1925.0,"{'HIRE': 277, 'BUY_ANIMAL': 8, 'BUY_SEED': 18, 'BUY_PRODUCT': 248, 'SELL': 334, 'SELL_FERTILIZER': 224, 'SELL_WHEAT': 806, 'SELL_WOOL': 143, 'BUY_LAND': 2, 'SELL_MILK': 215, 'SELL_MELON': 114, 'SELL_STRAWBERRY': 293}",0.4175,fixed_replay,116519.0,DONE,0.117458,0.144167,0.250833,win,0,1307848446,90340065.json
"{'PASS': 812, 'PICKUP': 167, 'WEST': 978, 'NORTH': 904, 'BUILD_PASTURE': 14, 'PLACE': 14, 'PLANT': 158, 'WATER': 922, 'FEED': 314, 'CARE': 322, 'EAST': 740, 'COLLECT_FERTILIZER': 314, 'SOUTH': 638, 'DROP': 106, 'HARVEST': 374, 'FERTILIZE': 80, 'DIG': 43}",0,719,v025b_route14_v022c_open_market,118444.0,DONE,0,694,718,45,1889,2,2,27,1,1,2029.0,"{'HIRE': 277, 'BUY_ANIMAL': 8, 'BUY_SEED': 18, 'BUY_PRODUCT': 248, 'SELL': 334, 'SELL_FERTILIZER': 224, 'SELL_WHEAT': 806, 'SELL_WOOL': 143, 'BUY_LAND': 2, 'SELL_MILK': 215, 'SELL_MELON': 114, 'SELL_STRAWBERRY': 293}",0.344459,fixed_replay,116415.0,DONE,0.115166,0.141,0.163333,win,1,1307848446,90340065.json
"{'PASS': 812, 'PICKUP': 167, 'WEST': 978, 'NORTH': 904, 'BUILD_PASTURE': 14, 'PLACE': 14, 'PLANT': 158, 'WATER': 922, 'FEED': 314, 'CARE': 322, 'EAST': 740, 'COLLECT_FERTILIZER': 314, 'SOUTH': 638, 'DROP': 106, 'HARVEST': 374, 'FERTILIZE': 80, 'DIG': 43}",0,719,v025b_route14_v022c_open_market,110932.0,DONE,0,694,718,42,1894,2,2,23,1,1,-1720.0,"{'HIRE': 277, 'BUY_ANIMAL': 8, 'BUY_SEED': 18, 'BUY_PRODUCT': 248, 'SELL': 337, 'SELL_FERTILIZER': 222, 'SELL_WHEAT': 813, 'SELL_WOOL': 153, 'BUY_LAND': 2, 'SELL_MILK': 227, 'SELL_MELON': 114, 'SELL_STRAWBERRY': 284}",0.354583,fixed_replay,112652.0,DONE,0.114958,0.139625,0.162208,loss,0,766088176,90340786.json
"{'PASS': 812, 'PICKUP': 167, 'WEST': 978, 'NORTH': 904, 'BUILD_PASTURE': 14, 'PLACE': 14, 'PLANT': 158, 'WATER': 922, 'FEED': 314, 'CARE': 322, 'EAST': 740, 'COLLECT_FERTILIZER': 314, 'SOUTH': 638, 'DROP': 106, 'HARVEST': 374, 'FERTILIZE': 80, 'DIG': 43}",0,719,v025b_route14_v022c_open_market,110959.0,DONE,0,694,718,42,1894,2,2,23,1,1,-1904.0,"{'HIRE': 277, 'BUY_ANIMAL': 8, 'BUY_SEED': 18, 'BUY_PRODUCT': 248, 'SELL': 337, 'SELL_FERTILIZER': 222, 'SELL_WHEAT': 813, 'SELL_WOOL': 153, 'BUY_LAND': 2, 'SELL_MILK': 227, 'SELL_MELON': 114, 'SELL_STRAWBERRY': 284}",0.265667,fixed_replay,112863.0,DONE,0.115334,0.138834,0.157333,loss,1,766088176,90340786.json
"{'PASS': 798, 'PICKUP': 166, 'WEST': 978, 'NORTH': 902, 'BUILD_PASTURE': 14, 'PLACE': 13, 'PLANT': 158, 'WATER': 922, 'FEED': 314, 'CARE': 322, 'EAST': 739, 'COLLECT_FERTILIZER': 312, 'SOUTH': 637, 'DROP': 106, 'HARVEST': 374, 'FERTILIZE': 80, 'DIG': 43}",0,719,v025b_route14_v022c_open_market,93241.0,DONE,0,694,718,44,1888,2,2,26,1,1,-2825.0,"{'HIRE': 277, 'BUY_ANIMAL': 8, 'BUY_SEED': 18, 'BUY_PRODUCT': 248, 'SELL': 337, 'SELL_FERTILIZER': 210, 'SELL_WHEAT': 815, 'SELL_WOOL': 163, 'BUY_LAND': 2, 'SELL_MILK': 213, 'SELL_MELON': 113, 'SELL_STRAWBERRY': 260}",0.392166,fixed_replay,96066.0,DONE,0.1155,0.144083,0.252166,loss,0,1961900712,90342270.json
"{'PASS': 798, 'PICKUP': 166, 'WEST': 978, 'NORTH': 902, 'BUILD_PASTURE': 14, 'PLACE': 13, 'PLANT': 158, 'WATER': 922, 'FEED': 314, 'CARE': 322, 'EAST': 739, 'COLLECT_FERTILIZER': 312, 'SOUTH': 637, 'DROP': 106, 'HARVEST': 374, 'FERTILIZE': 80, 'DIG': 43}",0,719,v025b_route14_v022c_open_market,98277.0,DONE,0,694,718,44,1889,2,2,26,1,1,-9538.0,"{'HIRE': 277, 'BUY_ANIMAL': 8, 'BUY_SEED': 18, 'BUY_PRODUCT': 248, 'SELL': 337, 'SELL_FERTILIZER': 210, 'SELL_WHEAT': 815, 'SELL_WOOL': 163, 'BUY_LAND': 2, 'SELL_MILK': 211, 'SELL_MELON': 114, 'SELL_STRAWBERRY': 264}",0.373959,fixed_replay,107815.0,DONE,0.116083,0.140833,0.165208,loss,1,1961900712,90342270.json
"{'PASS': 812, 'PICKUP': 167, 'WEST': 978, 'NORTH': 904, 'BUILD_PASTURE': 14, 'PLACE': 14, 'PLANT': 158, 'WATER': 922, 'FEED': 314, 'CARE': 322, 'EAST': 740, 'COLLECT_FERTILIZER': 314, 'SOUTH': 638, 'DROP': 106, 'HARVEST': 374, 'FERTILIZE': 80, 'DIG': 43}",0,719,v025b_route14_v022c_open_market,106172.0,DONE,0,694,718,45,1895,2,2,25,1,1,-4137.0,"{'HIRE': 277, 'BUY_ANIMAL': 8, 'BUY_SEED': 18, 'BUY_PRODUCT': 248, 'SELL': 335, 'SELL_FERTILIZER': 225, 'SELL_WHEAT': 813, 'SELL_WOOL': 149, 'BUY_LAND': 2, 'SELL_MILK': 219, 'SELL_MELON': 114, 'SELL_STRAWBERRY': 285}",0.305917,fixed_replay,110309.0,DONE,0.116,0.141041,0.192958,loss,0,1854235827,90342933.json
"{'PASS': 812, 'PICKUP': 167, 'WEST': 978, 'NORTH': 904, 'BUILD_PASTURE': 14, 'PLACE': 14, 'PLANT': 158, 'WATER': 922, 'FEED': 314, 'CARE': 322, 'EAST': 740, 'COLLECT_FERTILIZER': 314, 'SOUTH': 638, 'DROP': 106, 'HARVEST': 374, 'FERTILIZE': 80, 'DIG': 43}",0,719,v025b_route14_v022c_open_market,126871.0,DONE,0,694,718,46,1895,1,1,25,1,1,-9243.0,"{'HIRE': 277, 'BUY_ANIMAL': 8, 'BUY_SEED': 18, 'BUY_PRODUCT': 248, 'SELL': 338, 'SELL_FERTILIZER': 223, 'SELL_WHEAT': 811, 'SELL_WOOL': 155, 'BUY_LAND': 2, 'SELL_MILK': 223, 'SELL_MELON': 114, 'SELL_STRAWBERRY': 284}",0.33975,fixed_replay,136114.0,DONE,0.117958,0.140542,0.259791,loss,1,1854235827,90342933.json
"{'PASS': 812, 'PICKUP': 167, 'WEST': 978, 'NORTH': 904, 'BUILD_PASTURE': 14, 'PLACE': 14, 'PLANT': 158, 'WATER': 922, 'FEED': 314, 'CARE': 322, 'EAST': 740, 'COLLECT_FERTILIZER': 314, 'SOUTH': 638, 'DROP': 106, 'HARVEST': 374, 'FERTILIZE': 80, 'DIG': 43}",0,719,v025b_route14_v022c_open_market,130818.0,DONE,0,694,718,41,1894,2,2,24,1,1,5466.0,"{'HIRE': 277, 'BUY_ANIMAL': 8, 'BUY_SEED': 18, 'BUY_PRODUCT': 248, 'SELL': 337, 'SELL_FERTILIZER': 222, 'SELL_WHEAT': 813, 'SELL_WOOL': 153, 'BUY_LAND': 2, 'SELL_MILK': 226, 'SELL_MELON': 114, 'SELL_STRAWBERRY': 284}",0.366667,fixed_replay,125352.0,DONE,0.114875,0.13825,0.22975,win,0,870490286,90343744.json
"{'PASS': 812, 'PICKUP': 167, 'WEST': 978, 'NORTH': 904, 'BUILD_PASTURE': 14, 'PLACE': 14, 'PLANT': 158, 'WATER': 922, 'FEED': 314, 'CARE': 322, 'EAST': 740, 'COLLECT_FERTILIZER': 314, 'SOUTH': 638, 'DROP': 106, 'HARVEST': 374, 'FERTILIZE': 80, 'DIG': 43}",0,719,v025b_route14_v022c_open_market,124940.0,DONE,0,694,718,43,1895,2,2,24,1,1,-3174.0,"{'HIRE': 277, 'BUY_ANIMAL': 8, 'BUY_SEED': 18, 'BUY_PRODUCT': 248, 'SELL': 337, 'SELL_FERTILIZER': 223, 'SELL_WHEAT': 808, 'SELL_WOOL': 156, 'BUY_LAND': 2, 'SELL_MILK': 225, 'SELL_MELON': 114, 'SELL_STRAWBERRY': 277}",0.368208,fixed_replay,128114.0,DONE,0.115292,0.14175,0.241333,loss,1,870490286,90343744.json
"{'PASS': 812, 'PICKUP': 167, 'WEST': 978, 'NORTH': 904, 'BUILD_PASTURE': 14, 'PLACE': 14, 'PLANT': 158, 'WATER': 922, 'FEED': 314, 'CARE': 322, 'EAST': 740, 'COLLECT_FERTILIZER': 314, 'SOUTH': 638, 'DROP': 106, 'HARVEST': 374, 'FERTILIZE': 80, 'DIG': 43}",0,719,v025b_route14_v022c_open_market,102846.0,DONE,0,694,718,44,1892,2,2,26,1,1,17489.0,"{'HIRE': 277, 'BUY_ANIMAL': 8, 'BUY_SEED': 18, 'BUY_PRODUCT': 248, 'SELL': 335, 'SELL_FERTILIZER': 225, 'SELL_WHEAT': 808, 'SELL_WOOL': 147, 'BUY_LAND': 2, 'SELL_MILK': 216, 'SELL_MELON': 114, 'SELL_STRAWBERRY': 291}",0.358583,fixed_replay,85357.0,DONE,0.115167,0.141042,0.234292,win,0,1626452036,90345241.json
"{'PASS': 812, 'PICKUP': 167, 'WEST': 978, 'NORTH': 904, 'BUILD_PASTURE': 14, 'PLACE': 14, 'PLANT': 158, 'WATER': 922, 'FEED': 314, 'CARE': 322, 'EAST': 740, 'COLLECT_FERTILIZER': 314, 'SOUTH': 638, 'DROP': 106, 'HARVEST': 374, 'FERTILIZE': 80, 'DIG': 43}",0,719,v025b_route14_v022c_open_market,97770.0,DONE,0,694,718,46,1892,2,2,26,1,1,-8943.0,"{'HIRE': 277, 'BUY_ANIMAL': 8, 'BUY_SEED': 18, 'BUY_PRODUCT': 248, 'SELL': 335, 'SELL_FERTILIZER': 225, 'SELL_WHEAT': 808, 'SELL_WOOL': 147, 'BUY_LAND': 2, 'SELL_MILK': 216, 'SELL_MELON': 114, 'SELL_STRAWBERRY': 291}",0.327875,fixed_replay,106713.0,DONE,0.116875,0.142792,0.197792,loss,1,1626452036,90345241.json
"{'PASS': 812, 'PICKUP': 167, 'WEST': 978, 'NORTH': 904, 'BUILD_PASTURE': 14, 'PLACE': 14, 'PLANT': 158, 'WATER': 922, 'FEED': 314, 'CARE': 322, 'EAST': 740, 'COLLECT_FERTILIZER': 314, 'SOUTH': 638, 'DROP': 106, 'HARVEST': 374, 'FERTILIZE': 80, 'DIG': 43}",0,719,v025b_route14_v022c_open_market,154963.0,DONE,0,694,718,43,1894,2,2,23,1,1,4711.0,"{'HIRE': 277, 'BUY_ANIMAL': 8, 'BUY_SEED': 18, 'BUY_PRODUCT': 248, 'SELL': 337, 'SELL_FERTILIZER': 222, 'SELL_WHEAT': 813, 'SELL_WOOL': 153, 'BUY_LAND': 2, 'SELL_MILK': 227, 'SELL_MELON': 114, 'SELL_STRAWBERRY': 284}",0.378709,fixed_replay,150252.0,DONE,0.115708,0.139125,0.191166,win,0,1117521613,90346724.json
"{'PASS': 812, 'PICKUP': 167, 'WEST': 978, 'NORTH': 904, 'BUILD_PASTURE': 14, 'PLACE': 14, 'PLANT': 158, 'WATER': 922, 'FEED': 314, 'CARE': 322, 'EAST': 740, 'COLLECT_FERTILIZER': 314, 'SOUTH': 638, 'DROP': 106, 'HARVEST': 374, 'FERTILIZE': 80, 'DIG': 43}",0,719,v025b_route14_v022c_open_market,121559.0,DONE,0,694,718,42,1896,2,2,26,1,1,-4773.0,"{'HIRE': 277, 'BUY_ANIMAL': 8, 'BUY_SEED': 18, 'BUY_PRODUCT': 248, 'SELL': 338, 'SELL_FERTILIZER': 224, 'SELL_WHEAT': 808, 'SELL_WOOL': 155, 'BUY_LAND': 2, 'SELL_MILK': 226, 'SELL_MELON': 114, 'SELL_STRAWBERRY': 282}",0.377291,fixed_replay,126332.0,DONE,0.114167,0.1385,0.170541,loss,1,1117521613,90346724.json
"{'PASS': 812, 'PICKUP': 167, 'WEST': 978, 'NORTH': 904, 'BUILD_PASTURE': 14, 'PLACE': 14, 'PLANT': 158, 'WATER': 922, 'FEED': 314, 'CARE': 322, 'EAST': 740, 'COLLECT_FERTILIZER': 314, 'SOUTH': 638, 'DROP': 106, 'HARVEST': 374, 'FERTILIZE': 80, 'DIG': 43}",0,719,v025b_route14_v022c_open_market,149687.0,DONE,0,694,718,44,1894,2,2,25,1,1,702.0,"{'HIRE': 277, 'BUY_ANIMAL': 8, 'BUY_SEED': 18, 'BUY_PRODUCT': 248, 'SELL': 336, 'SELL_FERTILIZER': 222, 'SELL_WHEAT': 813, 'SELL_WOOL': 153, 'BUY_LAND': 2, 'SELL_MILK': 219, 'SELL_MELON': 114, 'SELL_STRAWBERRY': 284}",0.353208,fixed_replay,148985.0,DONE,0.116166,0.13675,0.193458,win,0,163174040,90347495.json
"{'PASS': 812, 'PICKUP': 167, 'WEST': 978, 'NORTH': 904, 'BUILD_PASTURE': 14, 'PLACE': 14, 'PLANT': 158, 'WATER': 922, 'FEED': 314, 'CARE': 322, 'EAST': 740, 'COLLECT_FERTILIZER': 314, 'SOUTH': 638, 'DROP': 106, 'HARVEST': 374, 'FERTILIZE': 80, 'DIG': 43}",0,719,v025b_route14_v022c_open_market,133129.0,DONE,0,694,718,40,1895,2,2,25,1,1,645.0,"{'HIRE': 277, 'BUY_ANIMAL': 8, 'BUY_SEED': 18, 'BUY_PRODUCT': 248, 'SELL': 337, 'SELL_FERTILIZER': 223, 'SELL_WHEAT': 812, 'SELL_WOOL': 156, 'BUY_LAND': 2, 'SELL_MILK': 219, 'SELL_MELON': 114, 'SELL_STRAWBERRY': 280}",0.301834,fixed_replay,132484.0,DONE,0.115167,0.139041,0.176917,win,1,163174040,90347495.json
"{'PASS': 812, 'PICKUP': 167, 'WEST': 978, 'NORTH': 904, 'BUILD_PASTURE': 14, 'PLACE': 14, 'PLANT': 158, 'WATER': 922, 'FEED': 314, 'CARE': 322, 'EAST': 740, 'COLLECT_FERTILIZER': 314, 'SOUTH': 638, 'DROP': 106, 'HARVEST': 374, 'FERTILIZE': 80, 'DIG': 43}",0,719,v025b_route14_v022c_open_market,85486.0,DONE,0,694,718,46,1889,2,2,27,1,1,-3563.0,"{'HIRE': 277, 'BUY_ANIMAL': 8, 'BUY_SEED': 18, 'BUY_PRODUCT': 248, 'SELL': 334, 'SELL_FERTILIZER': 224, 'SELL_WHEAT': 806, 'SELL_WOOL': 143, 'BUY_LAND': 2, 'SELL_MILK': 215, 'SELL_MELON': 114, 'SELL_STRAWBERRY': 293}",0.425666,fixed_replay,89049.0,DONE,0.114958,0.143583,0.2035,loss,0,642633246,90348230.json
"{'PASS': 812, 'PICKUP': 167, 'WEST': 978, 'NORTH': 904, 'BUILD_PASTURE': 14, 'PLACE': 14, 'PLANT': 158, 'WATER': 922, 'FEED': 314, 'CARE': 322, 'EAST': 740, 'COLLECT_FERTILIZER': 314, 'SOUTH': 638, 'DROP': 106, 'HARVEST': 374, 'FERTILIZE': 80, 'DIG': 43}",0,719,v025b_route14_v022c_open_market,85486.0,DONE,0,694,718,46,1889,2,2,27,1,1,-3563.0,"{'HIRE': 277, 'BUY_ANIMAL': 8, 'BUY_SEED': 18, 'BUY_PRODUCT': 248, 'SELL': 334, 'SELL_FERTILIZER': 224, 'SELL_WHEAT': 806, 'SELL_WOOL': 143, 'BUY_LAND': 2, 'SELL_MILK': 215, 'SELL_MELON': 114, 'SELL_STRAWBERRY': 293}",0.287167,fixed_replay,89049.0,DONE,0.114667,0.141167,0.159708,loss,1,642633246,90348230.json
"{'PASS': 812, 'PICKUP': 167, 'WEST': 978, 'NORTH': 904, 'BUILD_PASTURE': 14, 'PLACE': 14, 'PLANT': 158, 'WATER': 922, 'FEED': 314, 'CARE': 322, 'EAST': 740, 'COLLECT_FERTILIZER': 314, 'SOUTH': 638, 'DROP': 106, 'HARVEST': 374, 'FERTILIZE': 80, 'DIG': 43}",0,719,v025b_route14_v022c_open_market,145216.0,DONE,0,694,718,41,1894,2,2,25,1,1,2292.0,"{'HIRE': 277, 'BUY_ANIMAL': 8, 'BUY_SEED': 18, 'BUY_PRODUCT': 248, 'SELL': 336, 'SELL_FERTILIZER': 222, 'SELL_WHEAT': 813, 'SELL_WOOL': 153, 'BUY_LAND': 2, 'SELL_MILK': 219, 'SELL_MELON': 114, 'SELL_STRAWBERRY': 284}",0.345708,fixed_replay,142924.0,DONE,0.114708,0.142375,0.273458,win,0,558578806,90350466.json
"{'PASS': 812, 'PICKUP': 167, 'WEST': 978, 'NORTH': 904, 'BUILD_PASTURE': 14, 'PLACE': 14, 'PLANT': 158, 'WATER': 922, 'FEED': 314, 'CARE': 322, 'EAST': 740, 'COLLECT_FERTILIZER': 314, 'SOUTH': 638, 'DROP': 106, 'HARVEST': 374, 'FERTILIZE': 80, 'DIG': 43}",0,719,v025b_route14_v022c_open_market,144291.0,DONE,0,694,718,43,1895,2,2,25,1,1,-2546.0,"{'HIRE': 277, 'BUY_ANIMAL': 8, 'BUY_SEED': 18, 'BUY_PRODUCT': 248, 'SELL': 335, 'SELL_FERTILIZER': 225, 'SELL_WHEAT': 813, 'SELL_WOOL': 149, 'BUY_LAND': 2, 'SELL_MILK': 219, 'SELL_MELON': 114, 'SELL_STRAWBERRY': 285}",0.43375,fixed_replay,146837.0,DONE,0.115375,0.139792,0.245,loss,1,558578806,90350466.json
"{'PASS': 812, 'PICKUP': 167, 'WEST': 978, 'NORTH': 904, 'BUILD_PASTURE': 14, 'PLACE': 14, 'PLANT': 158, 'WATER': 922, 'FEED': 314, 'CARE': 322, 'EAST': 740, 'COLLECT_FERTILIZER': 314, 'SOUTH': 638, 'DROP': 106, 'HARVEST': 374, 'FERTILIZE': 80, 'DIG': 43}",0,719,v025b_route14_v022c_open_market,114588.0,DONE,0,694,718,45,1895,1,1,25,1,1,-16132.0,"{'HIRE': 277, 'BUY_ANIMAL': 8, 'BUY_SEED': 18, 'BUY_PRODUCT': 248, 'SELL': 338, 'SELL_FERTILIZER': 223, 'SELL_WHEAT': 811, 'SELL_WOOL': 155, 'BUY_LAND': 2, 'SELL_MILK': 223, 'SELL_MELON': 114, 'SELL_STRAWBERRY': 284}",0.335583,fixed_replay,130720.0,DONE,0.11925,0.143167,0.228542,loss,0,583520709,90354933.json
"{'PASS': 812, 'PICKUP': 167, 'WEST': 978, 'NORTH': 904, 'BUILD_PASTURE': 14, 'PLACE': 14, 'PLANT': 158, 'WATER': 922, 'FEED': 314, 'CARE': 322, 'EAST': 740, 'COLLECT_FERTILIZER': 314, 'SOUTH': 638, 'DROP': 106, 'HARVEST': 374, 'FERTILIZE': 80, 'DIG': 43}",0,719,v025b_route14_v022c_open_market,122960.0,DONE,0,694,718,44,1894,3,3,24,1,1,228.0,"{'HIRE': 277, 'BUY_ANIMAL': 8, 'BUY_SEED': 18, 'BUY_PRODUCT': 248, 'SELL': 337, 'SELL_FERTILIZER': 222, 'SELL_WHEAT': 813, 'SELL_WOOL': 153, 'BUY_LAND': 2, 'SELL_MILK': 226, 'SELL_MELON': 114, 'SELL_STRAWBERRY': 284}",0.403458,fixed_replay,122732.0,DONE,0.115917,0.142,0.270708,win,1,583520709,90354933.json
"{'PASS': 812, 'PICKUP': 167, 'WEST': 978, 'NORTH': 904, 'BUILD_PASTURE': 14, 'PLACE': 14, 'PLANT': 158, 'WATER': 922, 'FEED': 314, 'CARE': 322, 'EAST': 740, 'COLLECT_FERTILIZER': 314, 'SOUTH': 638, 'DROP': 106, 'HARVEST': 374, 'FERTILIZE': 80, 'DIG': 43}",0,719,v025b_route14_v022c_open_market,143638.0,DONE,0,694,718,43,1895,1,1,25,1,1,-6844.0,"{'HIRE': 277, 'BUY_ANIMAL': 8, 'BUY_SEED': 18, 'BUY_PRODUCT': 248, 'SELL': 338, 'SELL_FERTILIZER': 223, 'SELL_WHEAT': 811, 'SELL_WOOL': 155, 'BUY_LAND': 2, 'SELL_MILK': 223, 'SELL_MELON': 114, 'SELL_STRAWBERRY': 284}",0.374125,fixed_replay,150482.0,DONE,0.118084,0.143875,0.262375,loss,0,1495296076,90356416.json
"{'PASS': 812, 'PICKUP': 167, 'WEST': 978, 'NORTH': 904, 'BUILD_PASTURE': 14, 'PLACE': 14, 'PLANT': 158, 'WATER': 922, 'FEED': 314, 'CARE': 322, 'EAST': 740, 'COLLECT_FERTILIZER': 314, 'SOUTH': 638, 'DROP': 106, 'HARVEST': 374, 'FERTILIZE': 80, 'DIG': 43}",0,719,v025b_route14_v022c_open_market,128979.0,DONE,0,694,718,44,1894,2,2,25,1,1,-1484.0,"{'HIRE': 277, 'BUY_ANIMAL': 8, 'BUY_SEED': 18, 'BUY_PRODUCT': 248, 'SELL': 336, 'SELL_FERTILIZER': 222, 'SELL_WHEAT': 813, 'SELL_WOOL': 153, 'BUY_LAND': 2, 'SELL_MILK': 219, 'SELL_MELON': 114, 'SELL_STRAWBERRY': 284}",0.446834,fixed_replay,130463.0,DONE,0.116208,0.142,0.279541,loss,1,1495296076,90356416.json
"{'PASS': 798, 'PICKUP': 166, 'WEST': 978, 'NORTH': 902, 'BUILD_PASTURE': 14, 'PLACE': 13, 'PLANT': 158, 'WATER': 922, 'FEED': 314, 'CARE': 322, 'EAST': 739, 'COLLECT_FERTILIZER': 312, 'SOUTH': 637, 'DROP': 106, 'HARVEST': 374, 'FERTILIZE': 80, 'DIG': 43}",0,719,v025b_route14_v022c_open_market,144508.0,DONE,0,694,718,44,1889,2,2,26,1,1,-1734.0,"{'HIRE': 277, 'BUY_ANIMAL': 8, 'BUY_SEED': 18, 'BUY_PRODUCT': 248, 'SELL': 337, 'SELL_FERTILIZER': 210, 'SELL_WHEAT': 815, 'SELL_WOOL': 163, 'BUY_LAND': 2, 'SELL_MILK': 211, 'SELL_MELON': 114, 'SELL_STRAWBERRY': 264}",0.367,fixed_replay,146242.0,DONE,0.116667,0.139083,0.230084,loss,0,676570722,90356430.json
"{'PASS': 798, 'PICKUP': 166, 'WEST': 978, 'NORTH': 902, 'BUILD_PASTURE': 14, 'PLACE': 13, 'PLANT': 158, 'WATER': 922, 'FEED': 314, 'CARE': 322, 'EAST': 739, 'COLLECT_FERTILIZER': 312, 'SOUTH': 637, 'DROP': 106, 'HARVEST': 374, 'FERTILIZE': 80, 'DIG': 43}",0,719,v025b_route14_v022c_open_market,144508.0,DONE,0,694,718,44,1889,2,2,26,1,1,-1884.0,"{'HIRE': 277, 'BUY_ANIMAL': 8, 'BUY_SEED': 18, 'BUY_PRODUCT': 248, 'SELL': 337, 'SELL_FERTILIZER': 210, 'SELL_WHEAT': 815, 'SELL_WOOL': 163, 'BUY_LAND': 2, 'SELL_MILK': 211, 'SELL_MELON': 114, 'SELL_STRAWBERRY': 264}",0.366542,fixed_replay,146392.0,DONE,0.115583,0.139333,0.163833,loss,1,676570722,90356430.json
"{'PASS': 812, 'PICKUP': 167, 'WEST': 978, 'NORTH': 904, 'BUILD_PASTURE': 14, 'PLACE': 14, 'PLANT': 158, 'WATER': 922, 'FEED': 314, 'CARE': 322, 'EAST': 740, 'COLLECT_FERTILIZER': 314, 'SOUTH': 638, 'DROP': 106, 'HARVEST': 374, 'FERTILIZE': 80, 'DIG': 43}",0,719,v025b_route14_v022c_open_market,129252.0,DONE,0,694,718,44,1895,1,1,25,1,1,-8108.0,"{'HIRE': 277, 'BUY_ANIMAL': 8, 'BUY_SEED': 18, 'BUY_PRODUCT': 248, 'SELL': 338, 'SELL_FERTILIZER': 223, 'SELL_WHEAT': 811, 'SELL_WOOL': 155, 'BUY_LAND': 2, 'SELL_MILK': 223, 'SELL_MELON': 114, 'SELL_STRAWBERRY': 284}",0.604541,fixed_replay,137360.0,DONE,0.117708,0.14225,0.268333,loss,0,1660726062,90356973.json
"{'PASS': 812, 'PICKUP': 167, 'WEST': 978, 'NORTH': 904, 'BUILD_PASTURE': 14, 'PLACE': 14, 'PLANT': 158, 'WATER': 922, 'FEED': 314, 'CARE': 322, 'EAST': 740, 'COLLECT_FERTILIZER': 314, 'SOUTH': 638, 'DROP': 106, 'HARVEST': 374, 'FERTILIZE': 80, 'DIG': 43}",0,719,v025b_route14_v022c_open_market,138756.0,DONE,0,694,718,41,1894,2,2,24,1,1,-1249.0,"{'HIRE': 277, 'BUY_ANIMAL': 8, 'BUY_SEED': 18, 'BUY_PRODUCT': 248, 'SELL': 337, 'SELL_FERTILIZER': 222, 'SELL_WHEAT': 813, 'SELL_WOOL': 153, 'BUY_LAND': 2, 'SELL_MILK': 226, 'SELL_MELON': 114, 'SELL_STRAWBERRY': 284}",0.472542,fixed_replay,140005.0,DONE,0.116708,0.145333,0.188584,loss,1,1660726062,90356973.json
"{'PASS': 812, 'PICKUP': 167, 'WEST': 978, 'NORTH': 904, 'BUILD_PASTURE': 14, 'PLACE': 14, 'PLANT': 158, 'WATER': 922, 'FEED': 314, 'CARE': 322, 'EAST': 740, 'COLLECT_FERTILIZER': 314, 'SOUTH': 638, 'DROP': 106, 'HARVEST': 374, 'FERTILIZE': 80, 'DIG': 43}",0,719,v025b_route14_v022c_open_market,140211.0,DONE,0,694,718,42,1894,2,2,25,1,1,-1584.0,"{'HIRE': 277, 'BUY_ANIMAL': 8, 'BUY_SEED': 18, 'BUY_PRODUCT': 248, 'SELL': 336, 'SELL_FERTILIZER': 222, 'SELL_WHEAT': 813, 'SELL_WOOL': 153, 'BUY_LAND': 2, 'SELL_MILK': 219, 'SELL_MELON': 114, 'SELL_STRAWBERRY': 284}",0.306417,fixed_replay,141795.0,DONE,0.114875,0.140083,0.193667,loss,0,1144642740,90356984.json
"{'PASS': 812, 'PICKUP': 167, 'WEST': 978, 'NORTH': 904, 'BUILD_PASTURE': 14, 'PLACE': 14, 'PLANT': 158, 'WATER': 922, 'FEED': 314, 'CARE': 322, 'EAST': 740, 'COLLECT_FERTILIZER': 314, 'SOUTH': 638, 'DROP': 106, 'HARVEST': 374, 'FERTILIZE': 80, 'DIG': 43}",0,719,v025b_route14_v022c_open_market,153370.0,DONE,0,694,718,45,1895,1,1,25,1,1,-9998.0,"{'HIRE': 277, 'BUY_ANIMAL': 8, 'BUY_SEED': 18, 'BUY_PRODUCT': 248, 'SELL': 338, 'SELL_FERTILIZER': 223, 'SELL_WHEAT': 811, 'SELL_WOOL': 155, 'BUY_LAND': 2, 'SELL_MILK': 223, 'SELL_MELON': 114, 'SELL_STRAWBERRY': 284}",0.283333,fixed_replay,163368.0,DONE,0.117959,0.142625,0.199167,loss,1,1144642740,90356984.json
"{'PASS': 812, 'PICKUP': 167, 'WEST': 978, 'NORTH': 904, 'BUILD_PASTURE': 14, 'PLACE': 14, 'PLANT': 158, 'WATER': 922, 'FEED': 314, 'CARE': 322, 'EAST': 740, 'COLLECT_FERTILIZER': 314, 'SOUTH': 638, 'DROP': 106, 'HARVEST': 374, 'FERTILIZE': 80, 'DIG': 43}",0,719,v025b_route14_v022c_open_market,89600.0,DONE,0,694,718,46,1894,1,1,24,1,1,-8079.0,"{'HIRE': 277, 'BUY_ANIMAL': 8, 'BUY_SEED': 18, 'BUY_PRODUCT': 248, 'SELL': 337, 'SELL_FERTILIZER': 222, 'SELL_WHEAT': 813, 'SELL_WOOL': 153, 'BUY_LAND': 2, 'SELL_MILK': 223, 'SELL_MELON': 114, 'SELL_STRAWBERRY': 284}",0.283125,fixed_replay,97679.0,DONE,0.117875,0.14225,0.240958,loss,0,883442441,90362231.json
"{'PASS': 812, 'PICKUP': 167, 'WEST': 978, 'NORTH': 904, 'BUILD_PASTURE': 14, 'PLACE': 14, 'PLANT': 158, 'WATER': 922, 'FEED': 314, 'CARE': 322, 'EAST': 740, 'COLLECT_FERTILIZER': 314, 'SOUTH': 638, 'DROP': 106, 'HARVEST': 374, 'FERTILIZE': 80, 'DIG': 43}",0,719,v025b_route14_v022c_open_market,90860.0,DONE,0,694,718,46,1894,2,2,24,1,1,-3531.0,"{'HIRE': 277, 'BUY_ANIMAL': 8, 'BUY_SEED': 18, 'BUY_PRODUCT': 248, 'SELL': 337, 'SELL_FERTILIZER': 222, 'SELL_WHEAT': 813, 'SELL_WOOL': 153, 'BUY_LAND': 2, 'SELL_MILK': 226, 'SELL_MELON': 114, 'SELL_STRAWBERRY': 284}",0.346125,fixed_replay,94391.0,DONE,0.115334,0.139208,0.163291,loss,1,883442441,90362231.json
