phase,candidate,opponent,games,mean_cash,min_cash,max_cash,mean_margin,wins,ties,losses,win_rate,done_rate,agent_errors,invalid_actions,max_p99_ms,max_runtime_ms,total_wall_seconds
calibration,macro_000_13_8_6_34_10_9,baseline,2,83220.0,78431.0,88009.0,-33050.0,0,0,2,0.0,1,0,0,4.640416,34.116083,10.15199866599869
calibration,macro_000_13_8_6_34_10_9,v012,2,85241.0,81215.0,89267.0,-78908.5,0,0,2,0.0,1,0,0,4.862834,92.122,8.714407917002973
calibration,macro_001_10_8_6_34_10_9,baseline,2,80075.0,74562.0,85588.0,-40671.5,0,0,2,0.0,1,0,0,3.117041,143.116375,9.749351708000177
calibration,macro_001_10_8_6_34_10_9,v012,2,83880.0,82264.0,85496.0,-81566.5,0,0,2,0.0,1,0,0,3.187125,84.526375,8.703532000006817
calibration,macro_002_11_8_6_34_10_9,baseline,2,81074.0,74767.0,87381.0,-40083.5,0,0,2,0.0,1,0,0,3.831875,112.892542,9.920299624995096
calibration,macro_002_11_8_6_34_10_9,v012,2,76796.5,70998.0,82595.0,-88361.0,0,0,2,0.0,1,0,0,3.99825,8.65175,8.858389916997112
calibration,macro_003_12_8_6_34_10_9,baseline,2,86632.5,81702.0,91563.0,-33113.5,0,0,2,0.0,1,0,0,4.073125,97.977208,9.772770832998503
calibration,macro_003_12_8_6_34_10_9,v012,2,84097.0,77935.0,90259.0,-81093.0,0,0,2,0.0,1,0,0,3.954875,10.419584,9.085150540995528
calibration,macro_004_14_8_6_34_10_9,baseline,2,79752.0,77014.0,82490.0,-37523.5,0,0,2,0.0,1,0,0,4.8455,9.345958,10.120504582991998
calibration,macro_004_14_8_6_34_10_9,v012,2,80027.0,79575.0,80479.0,-82470.5,0,0,2,0.0,1,0,0,4.672291,6.885959,9.019401166995522
calibration,macro_005_13_6_6_34_10_9,baseline,2,83653.0,79899.0,87407.0,-31686.0,0,0,2,0.0,1,0,0,4.626875,9.413334,10.996184792005806
calibration,macro_005_13_6_6_34_10_9,v012,2,86399.5,85503.0,87296.0,-78692.0,0,0,2,0.0,1,0,0,4.97075,7.217291,9.834226457998739
calibration,macro_006_13_7_6_34_10_9,baseline,2,83220.0,78431.0,88009.0,-33050.0,0,0,2,0.0,1,0,0,4.931334,13.023875,11.324560665998433
calibration,macro_006_13_7_6_34_10_9,v012,2,85241.0,81215.0,89267.0,-78908.5,0,0,2,0.0,1,0,0,5.280333,15.290958,10.166949708000175
calibration,macro_007_13_9_6_34_10_9,baseline,2,83220.0,78431.0,88009.0,-33050.0,0,0,2,0.0,1,0,0,4.599792,17.277125,11.129823458009923
calibration,macro_007_13_9_6_34_10_9,v012,2,85241.0,81215.0,89267.0,-78908.5,0,0,2,0.0,1,0,0,5.797875,9.243208,10.010932083001535
calibration,macro_008_13_10_6_34_10_9,baseline,2,83220.0,78431.0,88009.0,-33050.0,0,0,2,0.0,1,0,0,4.971166,14.100083,10.48681800000486
calibration,macro_008_13_10_6_34_10_9,v012,2,85241.0,81215.0,89267.0,-78908.5,0,0,2,0.0,1,0,0,4.54425,12.013791,9.553562374996545
calibration,macro_009_13_12_6_34_10_9,baseline,2,83220.0,78431.0,88009.0,-33050.0,0,0,2,0.0,1,0,0,4.625292,5.86625,10.56559829100297
calibration,macro_009_13_12_6_34_10_9,v012,2,85241.0,81215.0,89267.0,-78908.5,0,0,2,0.0,1,0,0,5.018375,11.203458,9.464908041001763
calibration,macro_010_13_8_3_34_10_9,baseline,2,90503.0,82566.0,98440.0,-23500.0,0,0,2,0.0,1,0,0,4.213167,65.765959,10.381447209001635
calibration,macro_010_13_8_3_34_10_9,v012,2,90637.5,87758.0,93517.0,-78058.5,0,0,2,0.0,1,0,0,4.531042,10.243541,9.550165207998361
calibration,macro_011_13_8_4_34_10_9,baseline,2,90503.0,82566.0,98440.0,-23500.0,0,0,2,0.0,1,0,0,4.314541,6.203958,10.477307043009205
calibration,macro_011_13_8_4_34_10_9,v012,2,90637.5,87758.0,93517.0,-78058.5,0,0,2,0.0,1,0,0,4.351833,8.87075,9.645534873998258
calibration,macro_012_13_8_5_34_10_9,baseline,2,83220.0,78431.0,88009.0,-33050.0,0,0,2,0.0,1,0,0,4.866792,82.153916,10.893084291004925
calibration,macro_012_13_8_5_34_10_9,v012,2,85241.0,81215.0,89267.0,-78908.5,0,0,2,0.0,1,0,0,4.947792,8.8525,9.832229750005354
calibration,macro_013_13_8_7_34_10_9,baseline,2,83653.0,79899.0,87407.0,-31686.0,0,0,2,0.0,1,0,0,4.575,6.096791,11.164624125005503
calibration,macro_013_13_8_7_34_10_9,v012,2,86399.5,85503.0,87296.0,-78692.0,0,0,2,0.0,1,0,0,4.328666,7.717792,9.788085041996965
calibration,macro_014_13_8_8_34_10_9,baseline,2,85906.0,83169.0,88643.0,-29226.5,0,0,2,0.0,1,0,0,4.570208,6.262667,11.412360041998909
calibration,macro_014_13_8_8_34_10_9,v012,2,88845.5,83302.0,94389.0,-75824.0,0,0,2,0.0,1,0,0,5.64525,9.030791,10.044055292004487
calibration,macro_015_13_8_6_28_10_9,baseline,2,86836.0,86470.0,87202.0,-31941.0,0,0,2,0.0,1,0,0,4.543958,6.301459,11.249913709005341
calibration,macro_015_13_8_6_28_10_9,v012,2,85058.5,79256.0,90861.0,-77099.0,0,0,2,0.0,1,0,0,4.269875,6.772333,10.095145708000928
calibration,macro_016_13_8_6_30_10_9,baseline,2,83220.0,78431.0,88009.0,-33050.0,0,0,2,0.0,1,0,0,4.713916,71.491334,11.18498499999987
calibration,macro_016_13_8_6_30_10_9,v012,2,85241.0,81215.0,89267.0,-78908.5,0,0,2,0.0,1,0,0,4.827875,6.042834,10.121701167008723
calibration,macro_017_13_8_6_38_10_9,baseline,2,83665.5,80922.0,86409.0,-33089.0,0,0,2,0.0,1,0,0,5.456792,7.565917,11.409800165994966
calibration,macro_017_13_8_6_38_10_9,v012,2,85878.5,83789.0,87968.0,-77172.5,0,0,2,0.0,1,0,0,4.945292,7.292583,10.183088208010304
calibration,macro_018_13_8_6_42_10_9,baseline,2,80954.0,74322.0,87586.0,-30552.5,0,0,2,0.0,1,0,0,4.476125,6.69775,11.576449917003629
calibration,macro_018_13_8_6_42_10_9,v012,2,84581.0,82070.0,87092.0,-79049.5,0,0,2,0.0,1,0,0,4.494583,6.552042,10.414585708997038
calibration,macro_019_13_8_6_34_6_9,baseline,2,83305.0,81535.0,85075.0,-32818.0,0,0,2,0.0,1,0,0,5.105375,86.927208,11.571203123996384
calibration,macro_019_13_8_6_34_6_9,v012,2,76587.5,71505.0,81670.0,-84305.5,0,0,2,0.0,1,0,0,5.056625,73.468,10.540160291006032
calibration,macro_020_13_8_6_34_8_9,baseline,2,82265.5,81270.0,83261.0,-38933.5,0,0,2,0.0,1,0,0,4.694208,6.724917,11.612503540993202
calibration,macro_020_13_8_6_34_8_9,v012,2,74261.0,58477.0,90045.0,-84594.0,0,0,2,0.0,1,0,0,5.155792,60.359333,10.352081707998877
calibration,macro_021_13_8_6_34_12_9,baseline,2,86110.0,82981.0,89239.0,-33716.5,0,0,2,0.0,1,0,0,5.0845,15.680125,12.170745957999316
calibration,macro_021_13_8_6_34_12_9,v012,2,91591.0,87892.0,95290.0,-68966.5,0,0,2,0.0,1,0,0,4.486541,74.443167,10.683359666007163
calibration,macro_022_13_8_6_34_14_9,baseline,2,86110.0,82981.0,89239.0,-33716.5,0,0,2,0.0,1,0,0,5.672083,21.023458,12.190917291991354
calibration,macro_022_13_8_6_34_14_9,v012,2,91591.0,87892.0,95290.0,-68966.5,0,0,2,0.0,1,0,0,5.173208,9.946583,10.871913000992208
calibration,macro_023_13_8_6_34_10_7,baseline,2,85010.0,72998.0,97022.0,-38633.0,0,0,2,0.0,1,0,0,5.052417,7.417542,11.64396158400632
calibration,macro_023_13_8_6_34_10_7,v012,2,75804.0,60058.0,91550.0,-87602.5,0,0,2,0.0,1,0,0,4.609084,6.39525,10.52076025000133
calibration,macro_024_13_8_6_34_10_8,baseline,2,82091.5,81593.0,82590.0,-42224.0,0,0,2,0.0,1,0,0,4.723916,75.76175,11.568818500003545
calibration,macro_024_13_8_6_34_10_8,v012,2,83335.0,69307.0,97363.0,-83952.0,0,0,2,0.0,1,0,0,5.106042,81.132667,10.441758790999302
calibration,macro_025_13_8_6_34_10_10,baseline,2,81293.0,72714.0,89872.0,-30824.0,0,0,2,0.0,1,0,0,4.755542,24.429417,12.595049750001635
calibration,macro_025_13_8_6_34_10_10,v012,2,84270.5,80142.0,88399.0,-76771.5,0,0,2,0.0,1,0,0,5.040375,6.688208,11.041000625002198
calibration,macro_026_13_8_6_34_10_11,baseline,2,75677.5,73880.0,77475.0,-32664.0,0,0,2,0.0,1,0,0,5.303041,15.945583,13.108619999999064
calibration,macro_026_13_8_6_34_10_11,v012,2,83548.5,78422.0,88675.0,-77132.5,0,0,2,0.0,1,0,0,5.009042,52.385792,11.916403832998185
calibration,macro_027_13_8_6_34_10_9,baseline,2,84112.0,71185.0,97039.0,-38574.5,0,0,2,0.0,1,0,0,4.754583,7.206167,12.091128084000957
calibration,macro_027_13_8_6_34_10_9,v012,2,73904.0,69786.0,78022.0,-76093.5,0,0,2,0.0,1,0,0,4.981334,7.054375,11.512801874996512
calibration,macro_028_13_8_6_34_10_9,baseline,2,88410.0,87765.0,89055.0,-26802.5,0,0,2,0.0,1,0,0,4.797958,7.553041,12.305328709000605
calibration,macro_028_13_8_6_34_10_9,v012,2,79114.5,69308.0,88921.0,-74414.5,0,0,2,0.0,1,0,0,4.640625,7.031,10.983103250000568
calibration,macro_029_13_8_6_34_10_9,baseline,2,83220.0,78431.0,88009.0,-33050.0,0,0,2,0.0,1,0,0,5.189417,6.958625,12.311832540995965
calibration,macro_029_13_8_6_34_10_9,v012,2,85241.0,81215.0,89267.0,-78908.5,0,0,2,0.0,1,0,0,5.048,7.411166,11.08356145700236
calibration,macro_030_13_8_6_34_10_9,baseline,2,83220.0,78431.0,88009.0,-33050.0,0,0,2,0.0,1,0,0,4.910166,123.915541,12.445632207993185
calibration,macro_030_13_8_6_34_10_9,v012,2,85241.0,81215.0,89267.0,-78908.5,0,0,2,0.0,1,0,0,5.1155,6.297334,11.07340866800223
calibration,macro_031_13_8_6_34_10_9,baseline,2,84557.0,79702.0,89412.0,-43063.5,0,0,2,0.0,1,0,0,5.339667,6.680208,12.346830875001615
calibration,macro_031_13_8_6_34_10_9,v012,2,74154.0,74055.0,74253.0,-86937.5,0,0,2,0.0,1,0,0,5.558625,7.551125,11.160515748997568
calibration,macro_032_13_8_6_34_10_9,baseline,2,80163.5,79250.0,81077.0,-40732.0,0,0,2,0.0,1,0,0,5.432125,13.350875,13.249548749998212
calibration,macro_032_13_8_6_34_10_9,v012,2,72603.5,72308.0,72899.0,-91780.0,0,0,2,0.0,1,0,0,6.556542,23.072708,11.743791834000149
calibration,macro_033_13_8_6_34_10_9,baseline,2,81398.0,78155.0,84641.0,-30379.0,0,0,2,0.0,1,0,0,4.781458,6.934417,12.418405249998614
calibration,macro_033_13_8_6_34_10_9,v012,2,73207.5,62980.0,83435.0,-80763.0,0,0,2,0.0,1,0,0,5.207375,15.086167,11.97665616699669
calibration,macro_034_13_8_6_34_10_9,baseline,2,85067.5,81498.0,88637.0,-36696.0,0,0,2,0.0,1,0,0,4.590833,6.683625,12.719597876006446
calibration,macro_034_13_8_6_34_10_9,v012,2,73513.5,64929.0,82098.0,-76621.5,0,0,2,0.0,1,0,0,4.838333,6.434125,11.369607291999273
calibration,macro_035_13_8_6_34_10_9,baseline,2,83220.0,78431.0,88009.0,-33050.0,0,0,2,0.0,1,0,0,5.237584,7.060041,12.629706458006694
calibration,macro_035_13_8_6_34_10_9,v012,2,85241.0,81215.0,89267.0,-78908.5,0,0,2,0.0,1,0,0,4.856458,6.664167,11.162037374997453
calibration,macro_036_13_8_6_34_10_9,baseline,2,83220.0,78431.0,88009.0,-33050.0,0,0,2,0.0,1,0,0,5.317208,16.299584,13.54362100000435
calibration,macro_036_13_8_6_34_10_9,v012,2,85241.0,81215.0,89267.0,-78908.5,0,0,2,0.0,1,0,0,4.653792,6.844,11.50522141699912
calibration,macro_037_13_8_6_34_10_9,baseline,2,83220.0,78431.0,88009.0,-33050.0,0,0,2,0.0,1,0,0,5.771291,7.264584,13.550337624998065
calibration,macro_037_13_8_6_34_10_9,v012,2,85241.0,81215.0,89267.0,-78908.5,0,0,2,0.0,1,0,0,5.378166,11.77,12.268491709000955
calibration,macro_038_13_8_6_34_10_9,baseline,2,83220.0,78431.0,88009.0,-33050.0,0,0,2,0.0,1,0,0,5.632833,35.580667,13.487336582998978
calibration,macro_038_13_8_6_34_10_9,v012,2,85241.0,81215.0,89267.0,-78908.5,0,0,2,0.0,1,0,0,5.136917,77.536792,11.762928791002196
calibration,macro_039_13_8_6_34_10_9,baseline,2,83220.0,78431.0,88009.0,-33050.0,0,0,2,0.0,1,0,0,5.938458,25.1925,14.239754292000725
calibration,macro_039_13_8_6_34_10_9,v012,2,85241.0,81215.0,89267.0,-78908.5,0,0,2,0.0,1,0,0,5.127416,11.9075,12.413040708001063
calibration,macro_040_13_8_6_34_10_9,baseline,2,83220.0,78431.0,88009.0,-33050.0,0,0,2,0.0,1,0,0,5.133833,68.968166,13.688491082997643
calibration,macro_040_13_8_6_34_10_9,v012,2,85241.0,81215.0,89267.0,-78908.5,0,0,2,0.0,1,0,0,5.176667,103.060458,12.459059375003562
calibration,macro_041_13_8_6_34_10_9,baseline,2,83220.0,78431.0,88009.0,-33050.0,0,0,2,0.0,1,0,0,6.144125,77.414416,13.157395834001363
calibration,macro_041_13_8_6_34_10_9,v012,2,85241.0,81215.0,89267.0,-78908.5,0,0,2,0.0,1,0,0,4.764834,15.75475,12.005738665997342
calibration,macro_042_13_8_6_34_10_9,baseline,2,81920.0,77743.0,86097.0,-33794.5,0,0,2,0.0,1,0,0,4.525375,99.738125,13.025675584001874
calibration,macro_042_13_8_6_34_10_9,v012,2,83257.5,82977.0,83538.0,-83554.5,0,0,2,0.0,1,0,0,5.204708,14.657541,11.990602917001524
calibration,macro_043_13_8_6_34_10_9,baseline,2,80740.0,77306.0,84174.0,-36600.0,0,0,2,0.0,1,0,0,4.535875,68.579875,13.029134917000192
calibration,macro_043_13_8_6_34_10_9,v012,2,87764.5,83828.0,91701.0,-85644.5,0,0,2,0.0,1,0,0,4.422584,6.214875,11.744816417005495
calibration,macro_044_13_8_6_34_10_9,baseline,2,89622.0,83241.0,96003.0,-32726.5,0,0,2,0.0,1,0,0,4.610625,11.177583,13.063352167999255
calibration,macro_044_13_8_6_34_10_9,v012,2,79100.0,73253.0,84947.0,-68894.0,0,0,2,0.0,1,0,0,4.576833,26.78925,11.925061833004293
calibration,macro_045_13_8_6_34_10_9,baseline,2,84706.0,84615.0,84797.0,-27935.0,0,0,2,0.0,1,0,0,5.593708,7.487458,13.36896416599484
calibration,macro_045_13_8_6_34_10_9,v012,2,88962.0,83711.0,94213.0,-71288.0,0,0,2,0.0,1,0,0,5.099625,7.460333,12.04940195800009
calibration,macro_046_13_8_6_34_10_9,baseline,2,79699.5,77554.0,81845.0,-42477.5,0,0,2,0.0,1,0,0,4.4985,5.961042,13.065953249992162
calibration,macro_046_13_8_6_34_10_9,v012,2,84831.5,81922.0,87741.0,-84398.5,0,0,2,0.0,1,0,0,5.147834,7.862208,12.041399707988603
calibration,macro_047_13_8_6_34_10_9,baseline,2,77816.5,74647.0,80986.0,-40357.5,0,0,2,0.0,1,0,0,5.143125,8.024,13.508089208000456
calibration,macro_047_13_8_6_34_10_9,v012,2,71626.5,62463.0,80790.0,-81073.0,0,0,2,0.0,1,0,0,5.116292,7.162,11.889800001001277
calibration,macro_048_13_8_6_34_10_9,baseline,2,83220.0,78431.0,88009.0,-33050.0,0,0,2,0.0,1,0,0,5.317917,117.674875,13.47310462599853
calibration,macro_048_13_8_6_34_10_9,v012,2,85241.0,81215.0,89267.0,-78908.5,0,0,2,0.0,1,0,0,5.589333,14.706208,12.430323833992588
calibration,macro_049_13_8_6_34_10_9,baseline,2,83220.0,78431.0,88009.0,-33050.0,0,0,2,0.0,1,0,0,5.671291,7.257375,13.704025332997844
calibration,macro_049_13_8_6_34_10_9,v012,2,85241.0,81215.0,89267.0,-78908.5,0,0,2,0.0,1,0,0,5.164166,6.879125,12.248452248997637
calibration,macro_050_13_8_6_34_10_9,baseline,2,83220.0,78431.0,88009.0,-33050.0,0,0,2,0.0,1,0,0,5.628625,8.636625,13.886178374996234
calibration,macro_050_13_8_6_34_10_9,v012,2,85241.0,81215.0,89267.0,-78908.5,0,0,2,0.0,1,0,0,4.97525,9.112917,12.657741082999564
calibration,macro_051_13_8_6_34_10_9,baseline,2,84429.5,78431.0,90428.0,-31941.0,0,0,2,0.0,1,0,0,6.067833,8.972583,13.793939875002252
calibration,macro_051_13_8_6_34_10_9,v012,2,85539.0,81811.0,89267.0,-78687.0,0,0,2,0.0,1,0,0,6.004542,7.3515,12.68888387500192
calibration,macro_052_13_8_6_34_10_9,baseline,2,85346.0,82022.0,88670.0,-30097.5,0,0,2,0.0,1,0,0,5.637833,16.780541,13.882571415997518
calibration,macro_052_13_8_6_34_10_9,v012,2,82780.5,80413.0,85148.0,-75945.5,0,0,2,0.0,1,0,0,5.106084,8.987333,12.718040917003236
calibration,macro_053_13_8_6_34_10_9,baseline,2,85346.0,82022.0,88670.0,-30097.5,0,0,2,0.0,1,0,0,5.190459,6.9795,14.036670458997833
calibration,macro_053_13_8_6_34_10_9,v012,2,82780.5,80413.0,85148.0,-75945.5,0,0,2,0.0,1,0,0,5.7365,18.713084,12.624364457995398
calibration,macro_054_13_8_6_34_10_9,baseline,2,80873.0,77871.0,83875.0,-35651.0,0,0,2,0.0,1,0,0,4.837917,13.676125,13.596387083998707
calibration,macro_054_13_8_6_34_10_9,v012,2,86247.5,78707.0,93788.0,-77440.5,0,0,2,0.0,1,0,0,5.234625,77.757042,12.369501875000424
calibration,macro_055_13_8_6_34_10_9,baseline,2,82227.0,79032.0,85422.0,-33628.5,0,0,2,0.0,1,0,0,5.392583,7.261084,13.801864042005036
calibration,macro_055_13_8_6_34_10_9,v012,2,84215.5,77128.0,91303.0,-79401.5,0,0,2,0.0,1,0,0,5.127875,8.440666,12.252364333995502
calibration,macro_056_13_8_6_34_10_9,baseline,2,78228.5,74319.0,82138.0,-41053.0,0,0,2,0.0,1,0,0,5.365208,8.493084,13.793064249999588
calibration,macro_056_13_8_6_34_10_9,v012,2,69529.5,65311.0,73748.0,-80228.5,0,0,2,0.0,1,0,0,4.823875,10.512125,12.51743524899939
calibration,macro_057_13_8_6_34_10_9,baseline,2,77580.0,75385.0,79775.0,-43563.5,0,0,2,0.0,1,0,0,5.05825,11.746041,13.834641792993352
calibration,macro_057_13_8_6_34_10_9,v012,2,80188.5,75875.0,84502.0,-80258.0,0,0,2,0.0,1,0,0,5.516834,14.437625,12.513099375006277
calibration,macro_058_13_8_6_34_10_9,baseline,2,83220.0,78431.0,88009.0,-33050.0,0,0,2,0.0,1,0,0,4.856417,135.067625,13.839165042001696
calibration,macro_058_13_8_6_34_10_9,v012,2,85241.0,81215.0,89267.0,-78908.5,0,0,2,0.0,1,0,0,5.140625,80.000583,12.43540991700138
calibration,macro_059_13_8_6_34_10_9,baseline,2,83220.0,78431.0,88009.0,-33050.0,0,0,2,0.0,1,0,0,5.091792,5.974625,13.411598626000341
calibration,macro_059_13_8_6_34_10_9,v012,2,85241.0,81215.0,89267.0,-78908.5,0,0,2,0.0,1,0,0,5.5035,6.570125,12.001348666992271
calibration,macro_060_13_8_6_34_10_9,baseline,2,83220.0,78431.0,88009.0,-33050.0,0,0,2,0.0,1,0,0,5.552,88.639375,13.986757375998423
calibration,macro_060_13_8_6_34_10_9,v012,2,85241.0,81215.0,89267.0,-78908.5,0,0,2,0.0,1,0,0,4.870625,7.42975,12.190575791995798
calibration,macro_061_13_8_6_34_10_9,baseline,2,83220.0,78431.0,88009.0,-33050.0,0,0,2,0.0,1,0,0,5.022417,9.163792,13.895983708993299
calibration,macro_061_13_8_6_34_10_9,v012,2,81076.0,80416.0,81736.0,-75315.0,0,0,2,0.0,1,0,0,5.175375,133.750875,12.720415374998993
calibration,macro_062_13_8_6_34_10_9,baseline,2,85930.0,79319.0,92541.0,-28088.5,0,0,2,0.0,1,0,0,5.784208,34.415666,13.649421957998129
calibration,macro_062_13_8_6_34_10_9,v012,2,88217.5,82064.0,94371.0,-80572.5,0,0,2,0.0,1,0,0,4.89325,7.8875,12.1264597509944
calibration,macro_063_13_8_6_34_10_9,baseline,2,88066.0,81397.0,94735.0,-27167.5,0,0,2,0.0,1,0,0,5.260625,82.173791,14.447024332992441
calibration,macro_063_13_8_6_34_10_9,v012,2,87979.5,87566.0,88393.0,-74480.5,0,0,2,0.0,1,0,0,5.601542,10.633625,12.370740333004505
calibration,macro_064_13_8_6_34_10_9,baseline,2,90818.5,85331.0,96306.0,-24311.5,0,0,2,0.0,1,0,0,4.991542,11.267709,14.509989126003347
calibration,macro_064_13_8_6_34_10_9,v012,2,88028.5,87801.0,88256.0,-74676.0,0,0,2,0.0,1,0,0,6.372458,25.278958,13.254752416003612
calibration,macro_065_13_8_6_34_10_9,baseline,2,81424.0,75708.0,87140.0,-34907.5,0,0,2,0.0,1,0,0,5.415375,9.78775,13.386050790999434
calibration,macro_065_13_8_6_34_10_9,v012,2,84162.0,79292.0,89032.0,-80385.0,0,0,2,0.0,1,0,0,5.171333,7.796041,12.28679466599715
calibration,macro_066_12_8_5_30_12_8,baseline,2,84762.5,83946.0,85579.0,-39489.0,0,0,2,0.0,1,0,0,4.284042,99.6235,13.021247999997286
calibration,macro_066_12_8_5_30_12_8,v012,2,81468.0,78666.0,84270.0,-80190.5,0,0,2,0.0,1,0,0,3.990084,11.750917,12.066088791994844
calibration,macro_067_13_8_6_38_8_10,baseline,2,76326.0,74412.0,78240.0,-35854.0,0,0,2,0.0,1,0,0,5.026,6.478208,13.14692875000037
calibration,macro_067_13_8_6_38_8_10,v012,2,76674.5,62457.0,90892.0,-79013.0,0,0,2,0.0,1,0,0,4.900875,8.873125,11.913059083999542
calibration,macro_068_12_10_4_34_10_9,baseline,2,89825.0,89714.0,89936.0,-32753.5,0,0,2,0.0,1,0,0,4.262917,7.693458,13.08424675099377
calibration,macro_068_12_10_4_34_10_9,v012,2,85699.5,84858.0,86541.0,-75904.0,0,0,2,0.0,1,0,0,4.18625,72.943917,11.814521916996455
calibration,macro_069_14_7_7_38_10_9,baseline,2,80676.0,77463.0,83889.0,-39985.0,0,0,2,0.0,1,0,0,5.711958,10.982167,13.323853417001374
calibration,macro_069_14_7_7_38_10_9,v012,2,77307.0,75523.0,79091.0,-83343.0,0,0,2,0.0,1,0,0,5.969125,7.000083,11.906903915994917
calibration,macro_070_11_12_2_28_14_7,baseline,2,82696.5,82650.0,82743.0,-37523.0,0,0,2,0.0,1,0,0,4.225709,72.759459,13.170806125002855
calibration,macro_070_11_12_2_28_14_7,v012,2,79124.5,67184.0,91065.0,-86272.0,0,0,2,0.0,1,0,0,4.148542,17.150709,11.719750958996883
calibration,macro_071_13_6_8_34_10_9,baseline,2,83914.5,73678.0,94151.0,-35871.5,0,0,2,0.0,1,0,0,5.304708,10.9705,13.296275084001536
calibration,macro_071_13_6_8_34_10_9,v012,2,72003.0,69411.0,74595.0,-79210.5,0,0,2,0.0,1,0,0,4.802709,6.350875,11.98713150099502
calibration,macro_072_13_8_6_34_10_9,baseline,2,82217.0,81100.0,83334.0,-27441.0,0,0,2,0.0,1,0,0,4.713625,8.526083,13.180881792002765
calibration,macro_072_13_8_6_34_10_9,v012,2,79777.5,75274.0,84281.0,-80294.5,0,0,2,0.0,1,0,0,5.20375,11.473083,12.02575608400366
calibration,macro_073_13_8_6_34_10_9,baseline,2,83534.5,75620.0,91449.0,-32355.5,0,0,2,0.0,1,0,0,4.569375,6.379125,13.206580874997599
calibration,macro_073_13_8_6_34_10_9,v012,2,86744.5,81365.0,92124.0,-79583.0,0,0,2,0.0,1,0,0,4.7805,7.608167,11.964665750005224
calibration,macro_074_13_8_6_30_10_9,baseline,2,76594.0,75374.0,77814.0,-42845.5,0,0,2,0.0,1,0,0,4.991084,7.388167,12.985339040998952
calibration,macro_074_13_8_6_30_10_9,v012,2,77896.5,76481.0,79312.0,-95258.0,0,0,2,0.0,1,0,0,5.068125,8.040792,11.745052750004106
calibration,macro_075_13_8_6_34_12_9,baseline,2,86110.0,82981.0,89239.0,-33716.5,0,0,2,0.0,1,0,0,5.081666,7.140417,13.217470166993735
calibration,macro_075_13_8_6_34_12_9,v012,2,91591.0,87892.0,95290.0,-68966.5,0,0,2,0.0,1,0,0,4.912042,6.380542,11.683303500001784
calibration,macro_076_13_8_6_34_8_7,baseline,2,82759.0,76330.0,89188.0,-37543.0,0,0,2,0.0,1,0,0,5.296958,8.094083,13.397553458002221
calibration,macro_076_13_8_6_34_8_7,v012,2,77443.0,70958.0,83928.0,-82925.0,0,0,2,0.0,1,0,0,4.62425,9.817458,11.921071791999566
calibration,macro_077_13_8_6_30_10_7,baseline,2,93614.5,86338.0,100891.0,-30469.5,0,0,2,0.0,1,0,0,4.893417,6.31225,13.173130790994037
calibration,macro_077_13_8_6_30_10_7,v012,2,76404.5,60589.0,92220.0,-88337.0,0,0,2,0.0,1,0,0,4.807541,101.873333,11.931667333003134
calibration,macro_078_13_10_6_28_10_9,baseline,2,89745.5,88240.0,91251.0,-29900.0,0,0,2,0.0,1,0,0,5.384416,8.336458,14.068493958991894
calibration,macro_078_13_10_6_28_10_9,v012,2,86569.5,83251.0,89888.0,-75109.0,0,0,2,0.0,1,0,0,4.925,6.758791,12.193016083998373
calibration,macro_079_13_8_6_34_10_9,baseline,2,81853.0,77487.0,86219.0,-29784.0,0,0,2,0.0,1,0,0,5.216208,7.414917,14.10175970900309
calibration,macro_079_13_8_6_34_10_9,v012,2,78532.0,75638.0,81426.0,-90139.5,0,0,2,0.0,1,0,0,5.075166,7.841375,13.084071457997197
calibration,macro_080_11_8_6_34_12_9,baseline,2,84799.5,81374.0,88225.0,-39904.5,0,0,2,0.0,1,0,0,3.810541,4.377959,13.036241959001927
calibration,macro_080_11_8_6_34_12_9,v012,2,91336.5,89162.0,93511.0,-81791.0,0,0,2,0.0,1,0,0,3.703792,4.937458,11.905483082999126
calibration,macro_081_13_8_6_34_12_9,baseline,2,83110.5,83017.0,83204.0,-34601.0,0,0,2,0.0,1,0,0,4.802167,146.653917,13.890000166000391
calibration,macro_081_13_8_6_34_12_9,v012,2,69751.5,58397.0,81106.0,-86472.0,0,0,2,0.0,1,0,0,4.90875,6.726708,12.320027043002483
calibration,macro_082_13_8_6_30_10_9,baseline,2,80740.0,77306.0,84174.0,-36600.0,0,0,2,0.0,1,0,0,5.126875,126.584042,14.469671792001463
calibration,macro_082_13_8_6_30_10_9,v012,2,87764.5,83828.0,91701.0,-85644.5,0,0,2,0.0,1,0,0,5.458625,7.387333,12.952940334005689
calibration,macro_083_13_8_6_34_10_9,baseline,2,76603.5,73988.0,79219.0,-35694.5,0,0,2,0.0,1,0,0,4.257208,97.725958,13.829253083000367
calibration,macro_083_13_8_6_34_10_9,v012,2,77108.0,70873.0,83343.0,-75387.0,0,0,2,0.0,1,0,0,4.5805,52.732042,12.62755237500096
calibration,macro_084_13_8_6_34_10_9,baseline,2,83220.0,78431.0,88009.0,-33050.0,0,0,2,0.0,1,0,0,5.078792,6.309584,13.388090082997223
calibration,macro_084_13_8_6_34_10_9,v012,2,85241.0,81215.0,89267.0,-78908.5,0,0,2,0.0,1,0,0,5.043291,6.4565,12.220535125001334
calibration,macro_085_13_9_6_34_10_9,baseline,2,83220.0,78431.0,88009.0,-33050.0,0,0,2,0.0,1,0,0,5.032667,6.625125,13.649037499999395
calibration,macro_085_13_9_6_34_10_9,v012,2,85241.0,81215.0,89267.0,-78908.5,0,0,2,0.0,1,0,0,4.780834,11.516209,12.212838292005472
calibration,macro_086_13_8_6_34_10_9,baseline,2,89813.5,86811.0,92816.0,-31322.5,0,0,2,0.0,1,0,0,4.724792,6.543084,13.578085624998494
calibration,macro_086_13_8_6_34_10_9,v012,2,66740.5,66553.0,66928.0,-74565.5,0,0,2,0.0,1,0,0,5.299541,6.669334,12.336564250006631
calibration,macro_087_13_9_3_28_10_9,baseline,2,82716.5,79527.0,85906.0,-34732.0,0,0,2,0.0,1,0,0,5.666917,8.4825,13.976748041000974
calibration,macro_087_13_9_3_28_10_9,v012,2,75506.5,65342.0,85671.0,-75039.5,0,0,2,0.0,1,0,0,5.225208,122.410791,12.086441249004565
calibration,macro_088_13_8_6_34_10_10,baseline,2,87002.5,84835.0,89170.0,-33584.0,0,0,2,0.0,1,0,0,5.32825,7.590583,14.8827142500013
calibration,macro_088_13_8_6_34_10_10,v012,2,82547.0,77627.0,87467.0,-81247.5,0,0,2,0.0,1,0,0,5.559625,7.793125,13.035585791003541
calibration,macro_089_14_8_6_34_10_9,baseline,2,71467.5,68983.0,73952.0,-46751.5,0,0,2,0.0,1,0,0,5.75925,8.114791,14.572339082995313
calibration,macro_089_14_8_6_34_10_9,v012,2,62126.5,61555.0,62698.0,-93946.5,0,0,2,0.0,1,0,0,6.56,8.533208,13.444775500000105
calibration,macro_090_13_9_6_34_10_9,baseline,2,88410.0,87765.0,89055.0,-26802.5,0,0,2,0.0,1,0,0,4.768,6.094792,13.842543375001696
calibration,macro_090_13_9_6_34_10_9,v012,2,79114.5,69308.0,88921.0,-74414.5,0,0,2,0.0,1,0,0,5.4025,7.249292,13.053624207997927
calibration,macro_091_13_8_6_34_14_11,baseline,2,73463.0,71814.0,75112.0,-35053.0,0,0,2,0.0,1,0,0,5.569375,7.892625,13.957214665999345
calibration,macro_091_13_8_6_34_14_11,v012,2,80501.0,76491.0,84511.0,-80665.0,0,0,2,0.0,1,0,0,5.48175,6.743042,12.549630458001047
calibration,macro_092_13_8_3_28_10_9,baseline,2,80114.0,77314.0,82914.0,-27783.5,0,0,2,0.0,1,0,0,4.593916,6.376208,13.75183320799988
calibration,macro_092_13_8_3_28_10_9,v012,2,76391.0,60296.0,92486.0,-75347.5,0,0,2,0.0,1,0,0,5.04775,64.674458,12.332899500004714
calibration,macro_093_13_8_6_34_10_7,baseline,2,91831.0,79724.0,103938.0,-30231.0,0,0,2,0.0,1,0,0,4.418916,7.823791,14.559220582996204
calibration,macro_093_13_8_6_34_10_7,v012,2,80353.5,60681.0,100026.0,-81575.5,0,0,2,0.0,1,0,0,4.692291,76.431667,13.061592457997904
calibration,macro_094_13_10_6_34_10_9,baseline,2,79018.0,76579.0,81457.0,-33820.5,0,0,2,0.0,1,0,0,4.901083,6.326084,13.976808708001045
calibration,macro_094_13_10_6_34_10_9,v012,2,76472.0,71945.0,80999.0,-92385.0,0,0,2,0.0,1,0,0,5.266584,6.490667,13.194521375000477
calibration,macro_095_13_7_6_34_10_9,baseline,2,90607.0,85946.0,95268.0,-22361.5,0,0,2,0.0,1,0,0,3.359875,5.590417,11.177977334009483
calibration,macro_095_13_7_6_34_10_9,v012,2,89924.5,85473.0,94376.0,-78021.5,0,0,2,0.0,1,0,0,4.137959,5.952166,11.248046415996214
calibration,v012_control,baseline,2,153745.5,138456.0,169035.0,47246.0,2,0,0,1.0,1,0,0,0.19825,0.318917,8.590392500002054
calibration,v012_control,v012,2,137069.0,131077.0,143061.0,-3485.5,0,0,2,0.0,1,0,0,0.167125,0.623125,7.714293875003932
