actions,agent_errors,calls,candidate,candidate_money,candidate_status,done,margin,market,max_ms,opponent,opponent_money,opponent_status,p50_ms,p95_ms,p99_ms,result,seat,seed,source
"{'BUILD_PASTURE': 14, 'NORTH': 1018, 'WEST': 878, 'PICKUP': 261, 'PLACE': 14, 'PLANT': 134, 'WATER': 920, 'EAST': 665, 'SOUTH': 782, 'FEED': 322, 'CARE': 317, 'PASS': 442, 'COLLECT_FERTILIZER': 320, 'DROP': 100, 'HARVEST': 341, 'DIG': 37, 'FERTILIZE': 103}",0,719,v022c_control,44345.0,DONE,1,-88498.0,"{'BUY_ANIMAL': 10, 'BUY_SEED': 62, 'BUY_PRODUCT': 163, 'HIRE': 284, 'SELL': 231, 'SELL_FERTILIZER': 236, 'SELL_WHEAT': 191, 'SELL_WOOL': 164, 'BUY_LAND': 2, 'SELL_MILK': 230, 'SELL_MELON': 132, 'SELL_STRAWBERRY': 270}",0.305583,fixed_replay,132843.0,DONE,0.053208,0.087042,0.217083,loss,0,873102636,90336350.json
"{'BUILD_PASTURE': 14, 'NORTH': 1018, 'WEST': 878, 'PICKUP': 261, 'PLACE': 14, 'PLANT': 134, 'WATER': 920, 'EAST': 665, 'SOUTH': 783, 'FEED': 322, 'CARE': 317, 'PASS': 442, 'COLLECT_FERTILIZER': 320, 'DROP': 100, 'HARVEST': 341, 'DIG': 36, 'FERTILIZE': 103}",0,719,v022c_control,44345.0,DONE,1,-88529.0,"{'BUY_ANIMAL': 10, 'BUY_SEED': 62, 'BUY_PRODUCT': 163, 'HIRE': 284, 'SELL': 231, 'SELL_FERTILIZER': 236, 'SELL_WHEAT': 191, 'SELL_WOOL': 164, 'BUY_LAND': 2, 'SELL_MILK': 230, 'SELL_MELON': 132, 'SELL_STRAWBERRY': 270}",0.3035,fixed_replay,132874.0,DONE,0.051208,0.079041,0.1545,loss,1,873102636,90336350.json
"{'BUILD_PASTURE': 12, 'NORTH': 609, 'WEST': 532, 'PICKUP': 164, 'PLACE': 11, 'PLANT': 97, 'WATER': 601, 'EAST': 426, 'SOUTH': 458, 'FEED': 221, 'CARE': 191, 'PASS': 279, 'COLLECT_FERTILIZER': 195, 'DROP': 66, 'HARVEST': 205, 'DIG': 24, 'FERTILIZE': 57}",0,719,v022c_control,4291.0,DONE,1,-185078.0,"{'BUY_ANIMAL': 10, 'BUY_SEED': 62, 'BUY_PRODUCT': 163, 'HIRE': 284, 'SELL': 231, 'SELL_FERTILIZER': 236, 'SELL_WHEAT': 191, 'SELL_WOOL': 164, 'BUY_LAND': 2, 'SELL_MILK': 230, 'SELL_MELON': 132, 'SELL_STRAWBERRY': 270}",0.429584,fixed_replay,189369.0,DONE,0.047542,0.086,0.223042,loss,0,334626759,90337258.json
"{'BUILD_PASTURE': 12, 'NORTH': 861, 'WEST': 733, 'PICKUP': 221, 'PLACE': 11, 'PLANT': 110, 'WATER': 791, 'EAST': 564, 'SOUTH': 667, 'FEED': 287, 'CARE': 256, 'PASS': 378, 'COLLECT_FERTILIZER': 268, 'DROP': 90, 'HARVEST': 311, 'DIG': 37, 'FERTILIZE': 87}",0,719,v022c_control,6562.0,DONE,1,-158045.0,"{'BUY_ANIMAL': 10, 'BUY_SEED': 62, 'BUY_PRODUCT': 163, 'HIRE': 284, 'SELL': 231, 'SELL_FERTILIZER': 236, 'SELL_WHEAT': 191, 'SELL_WOOL': 164, 'BUY_LAND': 2, 'SELL_MILK': 230, 'SELL_MELON': 132, 'SELL_STRAWBERRY': 270}",775.515458,fixed_replay,164607.0,DONE,0.04925,0.084833,0.227042,loss,1,334626759,90337258.json
"{'BUILD_PASTURE': 14, 'NORTH': 1018, 'WEST': 878, 'PICKUP': 261, 'PLACE': 14, 'PLANT': 134, 'WATER': 920, 'EAST': 665, 'SOUTH': 783, 'FEED': 322, 'CARE': 317, 'PASS': 442, 'COLLECT_FERTILIZER': 320, 'DROP': 100, 'HARVEST': 341, 'DIG': 36, 'FERTILIZE': 103}",0,719,v022c_control,49836.0,DONE,1,-100388.0,"{'BUY_ANIMAL': 10, 'BUY_SEED': 62, 'BUY_PRODUCT': 163, 'HIRE': 284, 'SELL': 231, 'SELL_FERTILIZER': 236, 'SELL_WHEAT': 191, 'SELL_WOOL': 164, 'BUY_LAND': 2, 'SELL_MILK': 230, 'SELL_MELON': 132, 'SELL_STRAWBERRY': 270}",0.3425,fixed_replay,150224.0,DONE,0.051958,0.085167,0.21425,loss,0,1443152505,90339354.json
"{'BUILD_PASTURE': 14, 'NORTH': 1018, 'WEST': 878, 'PICKUP': 261, 'PLACE': 14, 'PLANT': 134, 'WATER': 920, 'EAST': 665, 'SOUTH': 783, 'FEED': 322, 'CARE': 317, 'PASS': 442, 'COLLECT_FERTILIZER': 320, 'DROP': 100, 'HARVEST': 341, 'DIG': 36, 'FERTILIZE': 103}",0,719,v022c_control,49840.0,DONE,1,-99703.0,"{'BUY_ANIMAL': 10, 'BUY_SEED': 62, 'BUY_PRODUCT': 163, 'HIRE': 284, 'SELL': 231, 'SELL_FERTILIZER': 236, 'SELL_WHEAT': 191, 'SELL_WOOL': 164, 'BUY_LAND': 2, 'SELL_MILK': 230, 'SELL_MELON': 132, 'SELL_STRAWBERRY': 270}",0.2385,fixed_replay,149543.0,DONE,0.051916,0.082209,0.209209,loss,1,1443152505,90339354.json
"{'BUILD_PASTURE': 12, 'NORTH': 960, 'WEST': 813, 'PICKUP': 237, 'PLACE': 10, 'PLANT': 131, 'WATER': 888, 'EAST': 628, 'SOUTH': 737, 'FEED': 302, 'CARE': 291, 'PASS': 416, 'COLLECT_FERTILIZER': 300, 'DROP': 93, 'HARVEST': 320, 'DIG': 35, 'FERTILIZE': 96}",0,719,v022c_control,8699.0,DONE,1,-178013.0,"{'BUY_ANIMAL': 10, 'BUY_SEED': 62, 'BUY_PRODUCT': 163, 'HIRE': 284, 'SELL': 231, 'SELL_FERTILIZER': 236, 'SELL_WHEAT': 191, 'SELL_WOOL': 164, 'BUY_LAND': 2, 'SELL_MILK': 230, 'SELL_MELON': 132, 'SELL_STRAWBERRY': 270}",0.369042,fixed_replay,186712.0,DONE,0.051333,0.091,0.214125,loss,0,1307848446,90340065.json
"{'BUILD_PASTURE': 12, 'NORTH': 960, 'WEST': 813, 'PICKUP': 237, 'PLACE': 10, 'PLANT': 131, 'WATER': 888, 'EAST': 628, 'SOUTH': 737, 'FEED': 302, 'CARE': 291, 'PASS': 416, 'COLLECT_FERTILIZER': 300, 'DROP': 93, 'HARVEST': 320, 'DIG': 35, 'FERTILIZE': 96}",0,719,v022c_control,8692.0,DONE,1,-178133.0,"{'BUY_ANIMAL': 10, 'BUY_SEED': 62, 'BUY_PRODUCT': 163, 'HIRE': 284, 'SELL': 231, 'SELL_FERTILIZER': 236, 'SELL_WHEAT': 191, 'SELL_WOOL': 164, 'BUY_LAND': 2, 'SELL_MILK': 230, 'SELL_MELON': 132, 'SELL_STRAWBERRY': 270}",0.377625,fixed_replay,186825.0,DONE,0.051583,0.089292,0.212709,loss,1,1307848446,90340065.json
"{'BUILD_PASTURE': 14, 'NORTH': 1018, 'WEST': 878, 'PICKUP': 261, 'PLACE': 14, 'PLANT': 135, 'WATER': 920, 'EAST': 665, 'SOUTH': 782, 'FEED': 322, 'CARE': 317, 'PASS': 442, 'COLLECT_FERTILIZER': 320, 'DROP': 100, 'HARVEST': 341, 'DIG': 36, 'FERTILIZE': 103}",0,719,v022c_control,116729.0,DONE,1,-22046.0,"{'BUY_ANIMAL': 10, 'BUY_SEED': 62, 'BUY_PRODUCT': 163, 'HIRE': 284, 'SELL': 231, 'SELL_FERTILIZER': 236, 'SELL_WHEAT': 191, 'SELL_WOOL': 164, 'BUY_LAND': 2, 'SELL_MILK': 230, 'SELL_MELON': 132, 'SELL_STRAWBERRY': 270}",0.3435,fixed_replay,138775.0,DONE,0.051709,0.082542,0.216,loss,0,766088176,90340786.json
"{'BUILD_PASTURE': 14, 'NORTH': 1018, 'WEST': 878, 'PICKUP': 261, 'PLACE': 14, 'PLANT': 135, 'WATER': 920, 'EAST': 665, 'SOUTH': 783, 'FEED': 322, 'CARE': 317, 'PASS': 442, 'COLLECT_FERTILIZER': 319, 'DROP': 100, 'HARVEST': 341, 'DIG': 36, 'FERTILIZE': 103}",0,719,v022c_control,116688.0,DONE,1,-22359.0,"{'BUY_ANIMAL': 10, 'BUY_SEED': 62, 'BUY_PRODUCT': 163, 'HIRE': 284, 'SELL': 231, 'SELL_FERTILIZER': 236, 'SELL_WHEAT': 191, 'SELL_WOOL': 164, 'BUY_LAND': 2, 'SELL_MILK': 230, 'SELL_MELON': 132, 'SELL_STRAWBERRY': 270}",0.312958,fixed_replay,139047.0,DONE,0.051167,0.080542,0.200625,loss,1,766088176,90340786.json
"{'BUILD_PASTURE': 14, 'NORTH': 1018, 'WEST': 878, 'PICKUP': 261, 'PLACE': 14, 'PLANT': 134, 'WATER': 920, 'EAST': 665, 'SOUTH': 783, 'FEED': 322, 'CARE': 317, 'PASS': 441, 'COLLECT_FERTILIZER': 320, 'DROP': 100, 'HARVEST': 341, 'DIG': 37, 'FERTILIZE': 103}",0,719,v022c_control,135031.0,DONE,1,-23580.0,"{'BUY_ANIMAL': 10, 'BUY_SEED': 62, 'BUY_PRODUCT': 163, 'HIRE': 284, 'SELL': 231, 'SELL_FERTILIZER': 236, 'SELL_WHEAT': 191, 'SELL_WOOL': 164, 'BUY_LAND': 2, 'SELL_MILK': 230, 'SELL_MELON': 132, 'SELL_STRAWBERRY': 270}",2.621875,fixed_replay,158611.0,DONE,0.052,0.082791,0.14425,loss,0,1961900712,90342270.json
"{'BUILD_PASTURE': 14, 'NORTH': 1018, 'WEST': 878, 'PICKUP': 261, 'PLACE': 14, 'PLANT': 135, 'WATER': 920, 'EAST': 665, 'SOUTH': 783, 'FEED': 322, 'CARE': 317, 'PASS': 442, 'COLLECT_FERTILIZER': 320, 'DROP': 100, 'HARVEST': 341, 'DIG': 35, 'FERTILIZE': 103}",0,719,v022c_control,126543.0,DONE,1,-25438.0,"{'BUY_ANIMAL': 10, 'BUY_SEED': 62, 'BUY_PRODUCT': 163, 'HIRE': 284, 'SELL': 231, 'SELL_FERTILIZER': 236, 'SELL_WHEAT': 191, 'SELL_WOOL': 164, 'BUY_LAND': 2, 'SELL_MILK': 230, 'SELL_MELON': 132, 'SELL_STRAWBERRY': 270}",0.373833,fixed_replay,151981.0,DONE,0.050333,0.082,0.18275,loss,1,1961900712,90342270.json
"{'BUILD_PASTURE': 12, 'NORTH': 966, 'WEST': 823, 'PICKUP': 242, 'PLACE': 12, 'PLANT': 131, 'WATER': 894, 'EAST': 632, 'SOUTH': 741, 'FEED': 305, 'CARE': 297, 'PASS': 424, 'COLLECT_FERTILIZER': 304, 'DROP': 93, 'HARVEST': 321, 'DIG': 34, 'FERTILIZE': 96}",0,719,v022c_control,8497.0,DONE,1,-172015.0,"{'BUY_ANIMAL': 10, 'BUY_SEED': 62, 'BUY_PRODUCT': 163, 'HIRE': 284, 'SELL': 231, 'SELL_FERTILIZER': 236, 'SELL_WHEAT': 191, 'SELL_WOOL': 164, 'BUY_LAND': 2, 'SELL_MILK': 230, 'SELL_MELON': 132, 'SELL_STRAWBERRY': 270}",0.295584,fixed_replay,180512.0,DONE,0.051875,0.092084,0.216458,loss,0,1854235827,90342933.json
"{'BUILD_PASTURE': 14, 'NORTH': 1030, 'WEST': 896, 'PICKUP': 262, 'PLACE': 14, 'PLANT': 134, 'WATER': 938, 'EAST': 671, 'SOUTH': 793, 'FEED': 323, 'CARE': 322, 'PASS': 460, 'COLLECT_FERTILIZER': 324, 'DROP': 100, 'HARVEST': 341, 'DIG': 33, 'FERTILIZE': 103}",0,719,v022c_control,96936.0,DONE,1,-12114.0,"{'BUY_ANIMAL': 10, 'BUY_SEED': 62, 'BUY_PRODUCT': 163, 'HIRE': 284, 'SELL': 231, 'SELL_FERTILIZER': 236, 'SELL_WHEAT': 191, 'SELL_WOOL': 164, 'BUY_LAND': 2, 'SELL_MILK': 230, 'SELL_MELON': 132, 'SELL_STRAWBERRY': 270}",0.25425,fixed_replay,109050.0,DONE,0.050583,0.075583,0.142708,loss,1,1854235827,90342933.json
"{'BUILD_PASTURE': 14, 'NORTH': 1018, 'WEST': 878, 'PICKUP': 261, 'PLACE': 14, 'PLANT': 135, 'WATER': 920, 'EAST': 665, 'SOUTH': 783, 'FEED': 322, 'CARE': 317, 'PASS': 442, 'COLLECT_FERTILIZER': 320, 'DROP': 100, 'HARVEST': 341, 'DIG': 35, 'FERTILIZE': 103}",0,719,v022c_control,106020.0,DONE,1,-17962.0,"{'BUY_ANIMAL': 10, 'BUY_SEED': 62, 'BUY_PRODUCT': 163, 'HIRE': 284, 'SELL': 231, 'SELL_FERTILIZER': 236, 'SELL_WHEAT': 191, 'SELL_WOOL': 164, 'BUY_LAND': 2, 'SELL_MILK': 230, 'SELL_MELON': 132, 'SELL_STRAWBERRY': 270}",0.263625,fixed_replay,123982.0,DONE,0.051417,0.082125,0.122125,loss,0,870490286,90343744.json
"{'BUILD_PASTURE': 14, 'NORTH': 1018, 'WEST': 877, 'PICKUP': 261, 'PLACE': 14, 'PLANT': 135, 'WATER': 920, 'EAST': 665, 'SOUTH': 783, 'FEED': 322, 'CARE': 317, 'PASS': 441, 'COLLECT_FERTILIZER': 320, 'DROP': 100, 'HARVEST': 341, 'DIG': 37, 'FERTILIZE': 103}",0,719,v022c_control,105740.0,DONE,1,-18858.0,"{'BUY_ANIMAL': 10, 'BUY_SEED': 62, 'BUY_PRODUCT': 163, 'HIRE': 284, 'SELL': 231, 'SELL_FERTILIZER': 236, 'SELL_WHEAT': 191, 'SELL_WOOL': 164, 'BUY_LAND': 2, 'SELL_MILK': 230, 'SELL_MELON': 132, 'SELL_STRAWBERRY': 270}",0.309,fixed_replay,124598.0,DONE,0.052125,0.083458,0.20275,loss,1,870490286,90343744.json
"{'BUILD_PASTURE': 12, 'NORTH': 868, 'WEST': 769, 'PICKUP': 225, 'PLACE': 12, 'PLANT': 130, 'WATER': 837, 'EAST': 591, 'SOUTH': 672, 'FEED': 289, 'CARE': 275, 'PASS': 379, 'COLLECT_FERTILIZER': 281, 'DROP': 89, 'HARVEST': 289, 'DIG': 30, 'FERTILIZE': 85}",0,719,v022c_control,5033.0,DONE,1,-174042.0,"{'BUY_ANIMAL': 10, 'BUY_SEED': 62, 'BUY_PRODUCT': 163, 'HIRE': 284, 'SELL': 231, 'SELL_FERTILIZER': 236, 'SELL_WHEAT': 191, 'SELL_WOOL': 164, 'BUY_LAND': 2, 'SELL_MILK': 230, 'SELL_MELON': 132, 'SELL_STRAWBERRY': 270}",0.539084,fixed_replay,179075.0,DONE,0.050458,0.093583,0.220417,loss,0,1626452036,90345241.json
"{'BUILD_PASTURE': 12, 'NORTH': 932, 'WEST': 809, 'PICKUP': 234, 'PLACE': 12, 'PLANT': 131, 'WATER': 875, 'EAST': 624, 'SOUTH': 721, 'FEED': 299, 'CARE': 284, 'PASS': 404, 'COLLECT_FERTILIZER': 295, 'DROP': 94, 'HARVEST': 319, 'DIG': 31, 'FERTILIZE': 94}",0,719,v022c_control,7035.0,DONE,1,-175699.0,"{'BUY_ANIMAL': 10, 'BUY_SEED': 62, 'BUY_PRODUCT': 163, 'HIRE': 284, 'SELL': 231, 'SELL_FERTILIZER': 236, 'SELL_WHEAT': 191, 'SELL_WOOL': 164, 'BUY_LAND': 2, 'SELL_MILK': 230, 'SELL_MELON': 132, 'SELL_STRAWBERRY': 270}",0.242333,fixed_replay,182734.0,DONE,0.05,0.089292,0.212833,loss,1,1626452036,90345241.json
"{'BUILD_PASTURE': 12, 'NORTH': 942, 'WEST': 802, 'PICKUP': 242, 'PLACE': 12, 'PLANT': 119, 'WATER': 864, 'EAST': 614, 'SOUTH': 717, 'FEED': 306, 'CARE': 286, 'PASS': 399, 'COLLECT_FERTILIZER': 299, 'DROP': 93, 'HARVEST': 320, 'DIG': 33, 'FERTILIZE': 98}",0,719,v022c_control,6811.0,DONE,1,-160570.0,"{'BUY_ANIMAL': 10, 'BUY_SEED': 62, 'BUY_PRODUCT': 163, 'HIRE': 284, 'SELL': 231, 'SELL_FERTILIZER': 236, 'SELL_WHEAT': 191, 'SELL_WOOL': 164, 'BUY_LAND': 2, 'SELL_MILK': 230, 'SELL_MELON': 132, 'SELL_STRAWBERRY': 270}",0.274333,fixed_replay,167381.0,DONE,0.051209,0.087334,0.199958,loss,0,1117521613,90346724.json
"{'BUILD_PASTURE': 12, 'NORTH': 948, 'WEST': 803, 'PICKUP': 242, 'PLACE': 12, 'PLANT': 119, 'WATER': 870, 'EAST': 618, 'SOUTH': 719, 'FEED': 306, 'CARE': 287, 'PASS': 398, 'COLLECT_FERTILIZER': 300, 'DROP': 93, 'HARVEST': 320, 'DIG': 34, 'FERTILIZE': 99}",0,719,v022c_control,6763.0,DONE,1,-160450.0,"{'BUY_ANIMAL': 10, 'BUY_SEED': 62, 'BUY_PRODUCT': 163, 'HIRE': 284, 'SELL': 231, 'SELL_FERTILIZER': 236, 'SELL_WHEAT': 191, 'SELL_WOOL': 164, 'BUY_LAND': 2, 'SELL_MILK': 230, 'SELL_MELON': 132, 'SELL_STRAWBERRY': 270}",0.366291,fixed_replay,167213.0,DONE,0.050291,0.084792,0.209375,loss,1,1117521613,90346724.json
"{'BUILD_PASTURE': 14, 'NORTH': 1018, 'WEST': 878, 'PICKUP': 261, 'PLACE': 14, 'PLANT': 135, 'WATER': 919, 'EAST': 665, 'SOUTH': 783, 'FEED': 322, 'CARE': 317, 'PASS': 442, 'COLLECT_FERTILIZER': 320, 'DROP': 100, 'HARVEST': 341, 'DIG': 36, 'FERTILIZE': 103}",0,719,v022c_control,138763.0,DONE,1,-26859.0,"{'BUY_ANIMAL': 10, 'BUY_SEED': 62, 'BUY_PRODUCT': 163, 'HIRE': 284, 'SELL': 231, 'SELL_FERTILIZER': 236, 'SELL_WHEAT': 191, 'SELL_WOOL': 164, 'BUY_LAND': 2, 'SELL_MILK': 230, 'SELL_MELON': 132, 'SELL_STRAWBERRY': 270}",0.374917,fixed_replay,165622.0,DONE,0.052541,0.0825,0.21775,loss,0,163174040,90347495.json
"{'BUILD_PASTURE': 14, 'NORTH': 1018, 'WEST': 878, 'PICKUP': 261, 'PLACE': 14, 'PLANT': 135, 'WATER': 920, 'EAST': 665, 'SOUTH': 783, 'FEED': 322, 'CARE': 317, 'PASS': 442, 'COLLECT_FERTILIZER': 320, 'DROP': 100, 'HARVEST': 341, 'DIG': 35, 'FERTILIZE': 103}",0,719,v022c_control,130794.0,DONE,1,-21098.0,"{'BUY_ANIMAL': 10, 'BUY_SEED': 62, 'BUY_PRODUCT': 163, 'HIRE': 284, 'SELL': 231, 'SELL_FERTILIZER': 236, 'SELL_WHEAT': 191, 'SELL_WOOL': 164, 'BUY_LAND': 2, 'SELL_MILK': 230, 'SELL_MELON': 132, 'SELL_STRAWBERRY': 270}",0.379625,fixed_replay,151892.0,DONE,0.051375,0.082875,0.173,loss,1,163174040,90347495.json
"{'BUILD_PASTURE': 12, 'NORTH': 500, 'WEST': 475, 'PICKUP': 134, 'PLACE': 11, 'PLANT': 83, 'WATER': 534, 'EAST': 363, 'SOUTH': 389, 'FEED': 185, 'CARE': 161, 'PASS': 262, 'COLLECT_FERTILIZER': 171, 'DROP': 56, 'HARVEST': 168, 'DIG': 12, 'FERTILIZE': 40}",0,719,v022c_control,2246.0,DONE,1,-177568.0,"{'BUY_ANIMAL': 10, 'BUY_SEED': 62, 'BUY_PRODUCT': 163, 'HIRE': 284, 'SELL': 231, 'SELL_FERTILIZER': 236, 'SELL_WHEAT': 191, 'SELL_WOOL': 164, 'BUY_LAND': 2, 'SELL_MILK': 230, 'SELL_MELON': 132, 'SELL_STRAWBERRY': 270}",0.3145,fixed_replay,179814.0,DONE,0.046125,0.085667,0.205292,loss,0,642633246,90348230.json
"{'BUILD_PASTURE': 12, 'NORTH': 500, 'WEST': 475, 'PICKUP': 134, 'PLACE': 11, 'PLANT': 83, 'WATER': 534, 'EAST': 363, 'SOUTH': 389, 'FEED': 185, 'CARE': 161, 'PASS': 262, 'COLLECT_FERTILIZER': 171, 'DROP': 56, 'HARVEST': 168, 'DIG': 12, 'FERTILIZE': 40}",0,719,v022c_control,2246.0,DONE,1,-177519.0,"{'BUY_ANIMAL': 10, 'BUY_SEED': 62, 'BUY_PRODUCT': 163, 'HIRE': 284, 'SELL': 231, 'SELL_FERTILIZER': 236, 'SELL_WHEAT': 191, 'SELL_WOOL': 164, 'BUY_LAND': 2, 'SELL_MILK': 230, 'SELL_MELON': 132, 'SELL_STRAWBERRY': 270}",0.320167,fixed_replay,179765.0,DONE,0.044125,0.082208,0.202375,loss,1,642633246,90348230.json
"{'BUILD_PASTURE': 12, 'NORTH': 954, 'WEST': 808, 'PICKUP': 242, 'PLACE': 12, 'PLANT': 119, 'WATER': 874, 'EAST': 621, 'SOUTH': 729, 'FEED': 306, 'CARE': 288, 'PASS': 406, 'COLLECT_FERTILIZER': 300, 'DROP': 94, 'HARVEST': 323, 'DIG': 33, 'FERTILIZE': 99}",0,719,v022c_control,7137.0,DONE,1,-161319.0,"{'BUY_ANIMAL': 10, 'BUY_SEED': 62, 'BUY_PRODUCT': 163, 'HIRE': 284, 'SELL': 231, 'SELL_FERTILIZER': 236, 'SELL_WHEAT': 191, 'SELL_WOOL': 164, 'BUY_LAND': 2, 'SELL_MILK': 230, 'SELL_MELON': 132, 'SELL_STRAWBERRY': 270}",0.327084,fixed_replay,168456.0,DONE,0.0505,0.086958,0.096083,loss,0,558578806,90350466.json
"{'BUILD_PASTURE': 12, 'NORTH': 951, 'WEST': 805, 'PICKUP': 242, 'PLACE': 12, 'PLANT': 119, 'WATER': 873, 'EAST': 618, 'SOUTH': 725, 'FEED': 306, 'CARE': 288, 'PASS': 406, 'COLLECT_FERTILIZER': 300, 'DROP': 93, 'HARVEST': 320, 'DIG': 33, 'FERTILIZE': 99}",0,719,v022c_control,7039.0,DONE,1,-162452.0,"{'BUY_ANIMAL': 10, 'BUY_SEED': 62, 'BUY_PRODUCT': 163, 'HIRE': 284, 'SELL': 231, 'SELL_FERTILIZER': 236, 'SELL_WHEAT': 191, 'SELL_WOOL': 164, 'BUY_LAND': 2, 'SELL_MILK': 230, 'SELL_MELON': 132, 'SELL_STRAWBERRY': 270}",784.749708,fixed_replay,169491.0,DONE,0.050792,0.085625,0.215792,loss,1,558578806,90350466.json
"{'BUILD_PASTURE': 14, 'NORTH': 1030, 'WEST': 896, 'PICKUP': 262, 'PLACE': 14, 'PLANT': 135, 'WATER': 938, 'EAST': 671, 'SOUTH': 793, 'FEED': 323, 'CARE': 322, 'PASS': 461, 'COLLECT_FERTILIZER': 324, 'DROP': 100, 'HARVEST': 341, 'DIG': 31, 'FERTILIZE': 103}",0,719,v022c_control,110699.0,DONE,1,-13972.0,"{'BUY_ANIMAL': 10, 'BUY_SEED': 62, 'BUY_PRODUCT': 163, 'HIRE': 284, 'SELL': 231, 'SELL_FERTILIZER': 236, 'SELL_WHEAT': 191, 'SELL_WOOL': 164, 'BUY_LAND': 2, 'SELL_MILK': 230, 'SELL_MELON': 132, 'SELL_STRAWBERRY': 270}",0.223083,fixed_replay,124671.0,DONE,0.051375,0.079667,0.109458,loss,0,583520709,90354933.json
"{'BUILD_PASTURE': 12, 'NORTH': 918, 'WEST': 764, 'PICKUP': 230, 'PLACE': 10, 'PLANT': 128, 'WATER': 848, 'EAST': 596, 'SOUTH': 700, 'FEED': 292, 'CARE': 271, 'PASS': 407, 'COLLECT_FERTILIZER': 282, 'DROP': 90, 'HARVEST': 308, 'DIG': 33, 'FERTILIZE': 87}",0,719,v022c_control,7473.0,DONE,1,-152543.0,"{'BUY_ANIMAL': 10, 'BUY_SEED': 62, 'BUY_PRODUCT': 163, 'HIRE': 284, 'SELL': 231, 'SELL_FERTILIZER': 236, 'SELL_WHEAT': 191, 'SELL_WOOL': 164, 'BUY_LAND': 2, 'SELL_MILK': 230, 'SELL_MELON': 132, 'SELL_STRAWBERRY': 270}",0.452542,fixed_replay,160016.0,DONE,0.05125,0.089667,0.21,loss,1,583520709,90354933.json
"{'BUILD_PASTURE': 14, 'NORTH': 1030, 'WEST': 896, 'PICKUP': 262, 'PLACE': 14, 'PLANT': 135, 'WATER': 937, 'EAST': 671, 'SOUTH': 792, 'FEED': 323, 'CARE': 322, 'PASS': 461, 'COLLECT_FERTILIZER': 324, 'DROP': 100, 'HARVEST': 341, 'DIG': 33, 'FERTILIZE': 103}",0,719,v022c_control,97865.0,DONE,1,-16409.0,"{'BUY_ANIMAL': 10, 'BUY_SEED': 62, 'BUY_PRODUCT': 163, 'HIRE': 284, 'SELL': 231, 'SELL_FERTILIZER': 236, 'SELL_WHEAT': 191, 'SELL_WOOL': 164, 'BUY_LAND': 2, 'SELL_MILK': 230, 'SELL_MELON': 132, 'SELL_STRAWBERRY': 270}",0.278958,fixed_replay,114274.0,DONE,0.051542,0.081083,0.148625,loss,0,1495296076,90356416.json
"{'BUILD_PASTURE': 14, 'NORTH': 1011, 'WEST': 868, 'PICKUP': 253, 'PLACE': 12, 'PLANT': 134, 'WATER': 917, 'EAST': 661, 'SOUTH': 782, 'FEED': 321, 'CARE': 314, 'PASS': 435, 'COLLECT_FERTILIZER': 318, 'DROP': 99, 'HARVEST': 341, 'DIG': 39, 'FERTILIZE': 103}",0,719,v022c_control,42499.0,DONE,1,-138433.0,"{'BUY_ANIMAL': 10, 'BUY_SEED': 62, 'BUY_PRODUCT': 163, 'HIRE': 284, 'SELL': 231, 'SELL_FERTILIZER': 236, 'SELL_WHEAT': 191, 'SELL_WOOL': 164, 'BUY_LAND': 2, 'SELL_MILK': 230, 'SELL_MELON': 132, 'SELL_STRAWBERRY': 270}",0.285167,fixed_replay,180932.0,DONE,0.051958,0.081459,0.134083,loss,1,1495296076,90356416.json
"{'BUILD_PASTURE': 12, 'NORTH': 555, 'WEST': 502, 'PICKUP': 155, 'PLACE': 10, 'PLANT': 81, 'WATER': 571, 'EAST': 388, 'SOUTH': 418, 'FEED': 210, 'CARE': 175, 'PASS': 280, 'COLLECT_FERTILIZER': 190, 'DROP': 62, 'HARVEST': 187, 'DIG': 15, 'FERTILIZE': 51}",0,719,v022c_control,2238.0,DONE,1,-180068.0,"{'BUY_ANIMAL': 10, 'BUY_SEED': 62, 'BUY_PRODUCT': 163, 'HIRE': 284, 'SELL': 231, 'SELL_FERTILIZER': 236, 'SELL_WHEAT': 191, 'SELL_WOOL': 164, 'BUY_LAND': 2, 'SELL_MILK': 230, 'SELL_MELON': 132, 'SELL_STRAWBERRY': 270}",0.32525,fixed_replay,182306.0,DONE,0.04775,0.092083,0.222291,loss,0,676570722,90356430.json
"{'BUILD_PASTURE': 12, 'NORTH': 555, 'WEST': 502, 'PICKUP': 155, 'PLACE': 10, 'PLANT': 81, 'WATER': 571, 'EAST': 388, 'SOUTH': 418, 'FEED': 210, 'CARE': 175, 'PASS': 280, 'COLLECT_FERTILIZER': 190, 'DROP': 62, 'HARVEST': 187, 'DIG': 15, 'FERTILIZE': 51}",0,719,v022c_control,2238.0,DONE,1,-180068.0,"{'BUY_ANIMAL': 10, 'BUY_SEED': 62, 'BUY_PRODUCT': 163, 'HIRE': 284, 'SELL': 231, 'SELL_FERTILIZER': 236, 'SELL_WHEAT': 191, 'SELL_WOOL': 164, 'BUY_LAND': 2, 'SELL_MILK': 230, 'SELL_MELON': 132, 'SELL_STRAWBERRY': 270}",0.273458,fixed_replay,182306.0,DONE,0.046042,0.082417,0.195083,loss,1,676570722,90356430.json
"{'BUILD_PASTURE': 14, 'NORTH': 1030, 'WEST': 896, 'PICKUP': 262, 'PLACE': 14, 'PLANT': 135, 'WATER': 938, 'EAST': 671, 'SOUTH': 793, 'FEED': 323, 'CARE': 322, 'PASS': 461, 'COLLECT_FERTILIZER': 324, 'DROP': 100, 'HARVEST': 341, 'DIG': 31, 'FERTILIZE': 103}",0,719,v022c_control,127408.0,DONE,1,-16965.0,"{'BUY_ANIMAL': 10, 'BUY_SEED': 62, 'BUY_PRODUCT': 163, 'HIRE': 284, 'SELL': 231, 'SELL_FERTILIZER': 236, 'SELL_WHEAT': 191, 'SELL_WOOL': 164, 'BUY_LAND': 2, 'SELL_MILK': 230, 'SELL_MELON': 132, 'SELL_STRAWBERRY': 270}",0.29,fixed_replay,144373.0,DONE,0.052125,0.078875,0.154291,loss,0,1660726062,90356973.json
"{'BUILD_PASTURE': 10, 'NORTH': 888, 'WEST': 775, 'PICKUP': 224, 'PLACE': 10, 'PLANT': 120, 'WATER': 835, 'EAST': 602, 'SOUTH': 704, 'FEED': 295, 'CARE': 273, 'PASS': 398, 'COLLECT_FERTILIZER': 285, 'DROP': 89, 'HARVEST': 311, 'DIG': 35, 'FERTILIZE': 93}",0,719,v022c_control,5847.0,DONE,1,-128302.0,"{'BUY_ANIMAL': 10, 'BUY_SEED': 62, 'BUY_PRODUCT': 163, 'HIRE': 284, 'SELL': 231, 'SELL_FERTILIZER': 236, 'SELL_WHEAT': 191, 'SELL_WOOL': 164, 'BUY_LAND': 2, 'SELL_MILK': 230, 'SELL_MELON': 132, 'SELL_STRAWBERRY': 270}",0.386375,fixed_replay,134149.0,DONE,0.050584,0.087625,0.211875,loss,1,1660726062,90356973.json
"{'BUILD_PASTURE': 14, 'NORTH': 1011, 'WEST': 869, 'PICKUP': 253, 'PLACE': 12, 'PLANT': 134, 'WATER': 917, 'EAST': 661, 'SOUTH': 782, 'FEED': 321, 'CARE': 314, 'PASS': 435, 'COLLECT_FERTILIZER': 318, 'DROP': 99, 'HARVEST': 341, 'DIG': 38, 'FERTILIZE': 103}",0,719,v022c_control,39556.0,DONE,1,-125222.0,"{'BUY_ANIMAL': 10, 'BUY_SEED': 62, 'BUY_PRODUCT': 163, 'HIRE': 284, 'SELL': 231, 'SELL_FERTILIZER': 236, 'SELL_WHEAT': 191, 'SELL_WOOL': 164, 'BUY_LAND': 2, 'SELL_MILK': 230, 'SELL_MELON': 132, 'SELL_STRAWBERRY': 270}",0.370208,fixed_replay,164778.0,DONE,0.053167,0.089333,0.222042,loss,0,1144642740,90356984.json
"{'BUILD_PASTURE': 14, 'NORTH': 1029, 'WEST': 896, 'PICKUP': 262, 'PLACE': 14, 'PLANT': 135, 'WATER': 937, 'EAST': 670, 'SOUTH': 793, 'FEED': 323, 'CARE': 322, 'PASS': 461, 'COLLECT_FERTILIZER': 324, 'DROP': 100, 'HARVEST': 341, 'DIG': 34, 'FERTILIZE': 103}",0,719,v022c_control,126401.0,DONE,1,-17067.0,"{'BUY_ANIMAL': 10, 'BUY_SEED': 62, 'BUY_PRODUCT': 163, 'HIRE': 284, 'SELL': 231, 'SELL_FERTILIZER': 236, 'SELL_WHEAT': 191, 'SELL_WOOL': 164, 'BUY_LAND': 2, 'SELL_MILK': 230, 'SELL_MELON': 132, 'SELL_STRAWBERRY': 270}",0.344417,fixed_replay,143468.0,DONE,0.050583,0.077958,0.199416,loss,1,1144642740,90356984.json
"{'BUILD_PASTURE': 14, 'NORTH': 1030, 'WEST': 896, 'PICKUP': 262, 'PLACE': 14, 'PLANT': 135, 'WATER': 938, 'EAST': 671, 'SOUTH': 793, 'FEED': 323, 'CARE': 322, 'PASS': 461, 'COLLECT_FERTILIZER': 324, 'DROP': 100, 'HARVEST': 341, 'DIG': 31, 'FERTILIZE': 103}",0,719,v022c_control,85679.0,DONE,1,-9291.0,"{'BUY_ANIMAL': 10, 'BUY_SEED': 62, 'BUY_PRODUCT': 163, 'HIRE': 284, 'SELL': 231, 'SELL_FERTILIZER': 236, 'SELL_WHEAT': 191, 'SELL_WOOL': 164, 'BUY_LAND': 2, 'SELL_MILK': 230, 'SELL_MELON': 132, 'SELL_STRAWBERRY': 270}",0.258542,fixed_replay,94970.0,DONE,0.051583,0.078792,0.2,loss,0,883442441,90362231.json
"{'BUILD_PASTURE': 14, 'NORTH': 1009, 'WEST': 865, 'PICKUP': 252, 'PLACE': 11, 'PLANT': 133, 'WATER': 914, 'EAST': 660, 'SOUTH': 779, 'FEED': 320, 'CARE': 312, 'PASS': 434, 'COLLECT_FERTILIZER': 316, 'DROP': 98, 'HARVEST': 340, 'DIG': 39, 'FERTILIZE': 103}",0,719,v022c_control,26845.0,DONE,1,-138923.0,"{'BUY_ANIMAL': 10, 'BUY_SEED': 62, 'BUY_PRODUCT': 163, 'HIRE': 284, 'SELL': 231, 'SELL_FERTILIZER': 236, 'SELL_WHEAT': 191, 'SELL_WOOL': 164, 'BUY_LAND': 2, 'SELL_MILK': 230, 'SELL_MELON': 132, 'SELL_STRAWBERRY': 270}",759.766,fixed_replay,165768.0,DONE,0.052125,0.08875,0.208083,loss,1,883442441,90362231.json
