actions,calls,candidate,candidate_money,candidate_status,done,errors,invalid,margin,max_ms,opponent,opponent_money,opponent_status,p50_ms,p95_ms,p99_ms,result,seat,seed
"{'PASS': 377, 'BUILD_PASTURE': 14, 'WEST': 1098, 'NORTH': 1236, 'PICKUP': 339, 'PLACE': 27, 'SOUTH': 929, 'FEED': 319, 'EAST': 857, 'CARE': 308, 'PLANT': 131, 'WATER': 851, 'COLLECT_FERTILIZER': 318, 'DROP': 80, 'HARVEST': 338, 'DIG': 25, 'FERTILIZE': 107}",719,control,143061.0,DONE,1,0,0,-6868.0,0.266042,control,149929.0,DONE,0.009125,0.052,0.072292,loss,0,17
"{'PASS': 377, 'BUILD_PASTURE': 14, 'WEST': 1098, 'NORTH': 1236, 'PICKUP': 339, 'PLACE': 27, 'SOUTH': 929, 'FEED': 319, 'EAST': 857, 'CARE': 308, 'PLANT': 131, 'WATER': 851, 'COLLECT_FERTILIZER': 318, 'DROP': 80, 'HARVEST': 338, 'DIG': 25, 'FERTILIZE': 107}",719,control,149929.0,DONE,1,0,0,6868.0,0.082,control,143061.0,DONE,0.007042,0.038167,0.060667,win,1,17
"{'PASS': 377, 'BUILD_PASTURE': 14, 'WEST': 1098, 'NORTH': 1236, 'PICKUP': 339, 'PLACE': 27, 'SOUTH': 929, 'FEED': 319, 'EAST': 857, 'CARE': 308, 'PLANT': 131, 'WATER': 851, 'COLLECT_FERTILIZER': 318, 'DROP': 80, 'HARVEST': 338, 'DIG': 25, 'FERTILIZE': 107}",719,control,138456.0,DONE,1,0,0,39666.0,0.30225,baseline,98790.0,DONE,0.009542,0.062917,0.198,win,0,17
"{'PASS': 377, 'BUILD_PASTURE': 14, 'WEST': 1098, 'NORTH': 1236, 'PICKUP': 339, 'PLACE': 27, 'SOUTH': 929, 'FEED': 319, 'EAST': 857, 'CARE': 308, 'PLANT': 131, 'WATER': 851, 'COLLECT_FERTILIZER': 318, 'DROP': 80, 'HARVEST': 338, 'DIG': 25, 'FERTILIZE': 107}",719,control,139022.0,DONE,1,0,0,40002.0,0.081375,baseline,99020.0,DONE,0.009042,0.020833,0.068083,win,1,17
"{'PASS': 377, 'BUILD_PASTURE': 14, 'WEST': 1098, 'NORTH': 1236, 'PICKUP': 339, 'PLACE': 27, 'SOUTH': 929, 'FEED': 319, 'EAST': 857, 'CARE': 308, 'PLANT': 131, 'WATER': 851, 'COLLECT_FERTILIZER': 318, 'DROP': 80, 'HARVEST': 338, 'DIG': 25, 'FERTILIZE': 107}",719,control,143303.0,DONE,1,0,0,-6436.0,63.291459,v18,149739.0,DONE,0.008667,0.050417,0.070125,loss,0,17
"{'PASS': 377, 'BUILD_PASTURE': 14, 'WEST': 1098, 'NORTH': 1236, 'PICKUP': 339, 'PLACE': 27, 'SOUTH': 929, 'FEED': 319, 'EAST': 857, 'CARE': 308, 'PLANT': 131, 'WATER': 851, 'COLLECT_FERTILIZER': 318, 'DROP': 80, 'HARVEST': 338, 'DIG': 25, 'FERTILIZE': 107}",719,control,150270.0,DONE,1,0,0,7519.0,0.097667,v18,142751.0,DONE,0.007167,0.039,0.061625,win,1,17
"{'PASS': 377, 'BUILD_PASTURE': 14, 'WEST': 1098, 'NORTH': 1236, 'PICKUP': 339, 'PLACE': 27, 'SOUTH': 929, 'FEED': 319, 'EAST': 857, 'CARE': 308, 'PLANT': 131, 'WATER': 851, 'COLLECT_FERTILIZER': 318, 'DROP': 80, 'HARVEST': 338, 'DIG': 25, 'FERTILIZE': 107}",719,control,122213.0,DONE,1,0,0,11941.0,0.290708,hamburger,110272.0,DONE,0.00875,0.055042,0.078458,win,0,17
"{'PASS': 377, 'BUILD_PASTURE': 14, 'WEST': 1098, 'NORTH': 1236, 'PICKUP': 339, 'PLACE': 27, 'SOUTH': 929, 'FEED': 319, 'EAST': 857, 'CARE': 308, 'PLANT': 131, 'WATER': 851, 'COLLECT_FERTILIZER': 318, 'DROP': 80, 'HARVEST': 338, 'DIG': 25, 'FERTILIZE': 107}",719,control,101598.0,DONE,1,0,0,19854.0,0.170667,hamburger,81744.0,DONE,0.008792,0.048834,0.070709,win,1,17
"{'PASS': 377, 'BUILD_PASTURE': 14, 'WEST': 1098, 'NORTH': 1236, 'PICKUP': 339, 'PLACE': 27, 'SOUTH': 929, 'FEED': 319, 'EAST': 857, 'CARE': 308, 'PLANT': 131, 'WATER': 851, 'COLLECT_FERTILIZER': 318, 'DROP': 80, 'HARVEST': 338, 'DIG': 25, 'FERTILIZE': 107}",719,control,139039.0,DONE,1,0,0,-1544.0,0.241583,frontier,140583.0,DONE,0.008833,0.0485,0.070167,loss,0,17
"{'PASS': 377, 'BUILD_PASTURE': 14, 'WEST': 1098, 'NORTH': 1236, 'PICKUP': 339, 'PLACE': 27, 'SOUTH': 929, 'FEED': 319, 'EAST': 857, 'CARE': 308, 'PLANT': 131, 'WATER': 851, 'COLLECT_FERTILIZER': 318, 'DROP': 80, 'HARVEST': 338, 'DIG': 25, 'FERTILIZE': 107}",719,control,148369.0,DONE,1,0,0,15573.0,0.342792,frontier,132796.0,DONE,0.00875,0.046708,0.072333,win,1,17
"{'PASS': 377, 'BUILD_PASTURE': 14, 'WEST': 1098, 'NORTH': 1236, 'PICKUP': 339, 'PLACE': 27, 'SOUTH': 929, 'FEED': 319, 'EAST': 857, 'CARE': 308, 'PLANT': 131, 'WATER': 851, 'COLLECT_FERTILIZER': 318, 'DROP': 80, 'HARVEST': 338, 'DIG': 25, 'FERTILIZE': 107}",719,control,175667.0,DONE,1,0,0,172172.0,0.345375,starter,3495.0,DONE,0.0085,0.053667,0.070416,win,0,17
"{'PASS': 377, 'BUILD_PASTURE': 14, 'WEST': 1098, 'NORTH': 1236, 'PICKUP': 339, 'PLACE': 27, 'SOUTH': 929, 'FEED': 319, 'EAST': 857, 'CARE': 308, 'PLANT': 131, 'WATER': 851, 'COLLECT_FERTILIZER': 318, 'DROP': 80, 'HARVEST': 338, 'DIG': 25, 'FERTILIZE': 107}",719,control,188626.0,DONE,1,0,0,185137.0,0.349041,starter,3489.0,DONE,0.008375,0.044709,0.070917,win,1,17
"{'PASS': 377, 'BUILD_PASTURE': 14, 'WEST': 1098, 'NORTH': 1236, 'PICKUP': 339, 'PLACE': 27, 'SOUTH': 929, 'FEED': 319, 'EAST': 857, 'CARE': 308, 'PLANT': 131, 'WATER': 851, 'COLLECT_FERTILIZER': 318, 'DROP': 80, 'HARVEST': 338, 'DIG': 25, 'FERTILIZE': 107}",719,control,176380.0,DONE,1,0,0,176380.0,0.289333,random,0.0,DONE,0.008416,0.056166,0.087875,win,0,17
"{'PASS': 377, 'BUILD_PASTURE': 14, 'WEST': 1098, 'NORTH': 1236, 'PICKUP': 339, 'PLACE': 27, 'SOUTH': 929, 'FEED': 319, 'EAST': 857, 'CARE': 308, 'PLANT': 131, 'WATER': 851, 'COLLECT_FERTILIZER': 318, 'DROP': 80, 'HARVEST': 338, 'DIG': 25, 'FERTILIZE': 107}",719,control,175587.0,DONE,1,0,0,175517.0,0.291375,random,70.0,DONE,0.00875,0.056292,0.082667,win,1,17
"{'PASS': 356, 'BUILD_PASTURE': 14, 'WEST': 1098, 'NORTH': 1236, 'PICKUP': 339, 'PLACE': 27, 'SOUTH': 928, 'FEED': 319, 'EAST': 857, 'CARE': 308, 'PLANT': 131, 'WATER': 851, 'COLLECT_FERTILIZER': 318, 'DROP': 80, 'HARVEST': 338, 'DIG': 26, 'FERTILIZE': 107}",719,v022a_weed_recovery,145713.0,DONE,1,0,0,0.0,0.233792,control,145713.0,DONE,0.039625,0.084542,0.143458,tie,0,17
"{'PASS': 356, 'BUILD_PASTURE': 14, 'WEST': 1098, 'NORTH': 1236, 'PICKUP': 339, 'PLACE': 27, 'SOUTH': 929, 'FEED': 319, 'EAST': 857, 'CARE': 308, 'PLANT': 131, 'WATER': 851, 'COLLECT_FERTILIZER': 318, 'DROP': 80, 'HARVEST': 338, 'DIG': 25, 'FERTILIZE': 107}",719,v022a_weed_recovery,149929.0,DONE,1,0,0,6868.0,0.365,control,143061.0,DONE,0.0385,0.07275,0.132791,win,1,17
"{'PASS': 376, 'BUILD_PASTURE': 14, 'WEST': 1098, 'NORTH': 1236, 'PICKUP': 339, 'PLACE': 27, 'SOUTH': 929, 'FEED': 319, 'EAST': 857, 'CARE': 308, 'PLANT': 131, 'WATER': 851, 'COLLECT_FERTILIZER': 318, 'DROP': 80, 'DIG': 26, 'HARVEST': 338, 'FERTILIZE': 107}",719,v022a_weed_recovery,139022.0,DONE,1,0,0,40002.0,0.241708,baseline,99020.0,DONE,0.041625,0.0865,0.137666,win,0,17
"{'PASS': 377, 'BUILD_PASTURE': 14, 'WEST': 1098, 'NORTH': 1236, 'PICKUP': 339, 'PLACE': 27, 'SOUTH': 929, 'FEED': 319, 'EAST': 857, 'CARE': 308, 'PLANT': 131, 'WATER': 851, 'COLLECT_FERTILIZER': 318, 'DROP': 80, 'HARVEST': 338, 'DIG': 25, 'FERTILIZE': 107}",719,v022a_weed_recovery,139022.0,DONE,1,0,0,40002.0,0.268917,baseline,99020.0,DONE,0.041375,0.0795,0.101583,win,1,17
"{'PASS': 356, 'BUILD_PASTURE': 14, 'WEST': 1098, 'NORTH': 1236, 'PICKUP': 339, 'PLACE': 27, 'SOUTH': 928, 'FEED': 319, 'EAST': 857, 'CARE': 308, 'PLANT': 131, 'WATER': 851, 'COLLECT_FERTILIZER': 318, 'DROP': 80, 'HARVEST': 338, 'DIG': 26, 'FERTILIZE': 107}",719,v022a_weed_recovery,146014.0,DONE,1,0,0,570.0,97.392084,v18,145444.0,DONE,0.039041,0.082708,0.116959,win,0,17
"{'PASS': 356, 'BUILD_PASTURE': 14, 'WEST': 1098, 'NORTH': 1236, 'PICKUP': 339, 'PLACE': 27, 'SOUTH': 929, 'FEED': 319, 'EAST': 857, 'CARE': 308, 'PLANT': 131, 'WATER': 851, 'COLLECT_FERTILIZER': 318, 'DROP': 80, 'HARVEST': 338, 'DIG': 25, 'FERTILIZE': 107}",719,v022a_weed_recovery,150270.0,DONE,1,0,0,7519.0,0.277583,v18,142751.0,DONE,0.038834,0.0755,0.114125,win,1,17
"{'PASS': 377, 'BUILD_PASTURE': 14, 'WEST': 1098, 'NORTH': 1236, 'PICKUP': 339, 'PLACE': 27, 'SOUTH': 928, 'FEED': 319, 'EAST': 857, 'CARE': 308, 'PLANT': 131, 'WATER': 851, 'COLLECT_FERTILIZER': 318, 'DROP': 80, 'HARVEST': 338, 'DIG': 26, 'FERTILIZE': 107}",719,v022a_weed_recovery,114962.0,DONE,1,0,0,18627.0,0.335375,hamburger,96335.0,DONE,0.0405,0.08725,0.190666,win,0,17
"{'PASS': 377, 'BUILD_PASTURE': 14, 'WEST': 1098, 'NORTH': 1236, 'PICKUP': 339, 'PLACE': 27, 'SOUTH': 928, 'FEED': 319, 'EAST': 857, 'CARE': 308, 'PLANT': 131, 'WATER': 851, 'COLLECT_FERTILIZER': 318, 'DROP': 80, 'HARVEST': 338, 'DIG': 26, 'FERTILIZE': 107}",719,v022a_weed_recovery,101598.0,DONE,1,0,0,19854.0,116.9545,hamburger,81744.0,DONE,0.03975,0.084666,0.214625,win,1,17
"{'PASS': 356, 'BUILD_PASTURE': 14, 'WEST': 1098, 'NORTH': 1236, 'PICKUP': 339, 'PLACE': 27, 'SOUTH': 928, 'FEED': 319, 'EAST': 857, 'CARE': 308, 'PLANT': 131, 'WATER': 851, 'COLLECT_FERTILIZER': 318, 'DROP': 80, 'HARVEST': 338, 'DIG': 26, 'FERTILIZE': 107}",719,v022a_weed_recovery,140768.0,DONE,1,0,0,5721.0,0.297375,frontier,135047.0,DONE,0.040083,0.085125,0.118917,win,0,17
"{'PASS': 356, 'BUILD_PASTURE': 14, 'WEST': 1098, 'NORTH': 1236, 'PICKUP': 339, 'PLACE': 27, 'SOUTH': 929, 'FEED': 319, 'EAST': 857, 'CARE': 308, 'PLANT': 131, 'WATER': 851, 'COLLECT_FERTILIZER': 318, 'DROP': 80, 'HARVEST': 338, 'DIG': 25, 'FERTILIZE': 107}",719,v022a_weed_recovery,148369.0,DONE,1,0,0,15573.0,0.330959,frontier,132796.0,DONE,0.040083,0.081,0.10975,win,1,17
"{'PASS': 398, 'BUILD_PASTURE': 14, 'WEST': 1098, 'NORTH': 1236, 'PICKUP': 339, 'PLACE': 27, 'SOUTH': 928, 'FEED': 319, 'EAST': 857, 'CARE': 308, 'PLANT': 131, 'WATER': 851, 'COLLECT_FERTILIZER': 318, 'DROP': 80, 'HARVEST': 338, 'DIG': 26, 'FERTILIZE': 107}",719,v022a_weed_recovery,183415.0,DONE,1,0,0,179920.0,0.328625,starter,3495.0,DONE,0.038833,0.07925,0.118333,win,0,17
"{'PASS': 398, 'BUILD_PASTURE': 14, 'WEST': 1097, 'NORTH': 1236, 'PICKUP': 339, 'PLACE': 27, 'SOUTH': 929, 'FEED': 319, 'EAST': 857, 'CARE': 308, 'PLANT': 131, 'WATER': 851, 'COLLECT_FERTILIZER': 318, 'DROP': 80, 'HARVEST': 338, 'DIG': 26, 'FERTILIZE': 107}",719,v022a_weed_recovery,188349.0,DONE,1,0,0,184860.0,0.380667,starter,3489.0,DONE,0.038916,0.076708,0.115208,win,1,17
"{'PASS': 398, 'BUILD_PASTURE': 14, 'WEST': 1098, 'NORTH': 1236, 'PICKUP': 339, 'PLACE': 27, 'SOUTH': 928, 'FEED': 319, 'EAST': 857, 'CARE': 308, 'PLANT': 131, 'WATER': 851, 'COLLECT_FERTILIZER': 318, 'DROP': 80, 'HARVEST': 338, 'DIG': 26, 'FERTILIZE': 107}",719,v022a_weed_recovery,194795.0,DONE,1,0,0,194795.0,92.408667,random,0.0,DONE,0.042667,0.095542,0.279042,win,0,17
"{'PASS': 398, 'BUILD_PASTURE': 14, 'WEST': 1098, 'NORTH': 1236, 'PICKUP': 339, 'PLACE': 27, 'SOUTH': 929, 'FEED': 319, 'EAST': 857, 'CARE': 308, 'PLANT': 131, 'WATER': 851, 'COLLECT_FERTILIZER': 318, 'DROP': 80, 'HARVEST': 338, 'DIG': 25, 'FERTILIZE': 107}",719,v022a_weed_recovery,186337.0,DONE,1,0,0,186337.0,53.445291,random,0.0,DONE,0.041417,0.099084,0.252542,win,1,17
"{'BUILD_PASTURE': 14, 'NORTH': 1030, 'WEST': 896, 'PICKUP': 262, 'PLACE': 14, 'PLANT': 135, 'WATER': 938, 'EAST': 671, 'SOUTH': 793, 'FEED': 323, 'CARE': 322, 'PASS': 461, 'COLLECT_FERTILIZER': 324, 'DROP': 100, 'HARVEST': 341, 'DIG': 31, 'FERTILIZE': 103}",719,v022b_fresh_medoid,83075.0,DONE,1,0,0,-7016.0,0.364292,control,90091.0,DONE,0.026667,0.056958,0.146875,loss,0,17
"{'BUILD_PASTURE': 14, 'NORTH': 1030, 'WEST': 896, 'PICKUP': 262, 'PLACE': 14, 'PLANT': 135, 'WATER': 938, 'EAST': 671, 'SOUTH': 793, 'FEED': 323, 'CARE': 322, 'PASS': 461, 'COLLECT_FERTILIZER': 324, 'DROP': 100, 'HARVEST': 341, 'DIG': 31, 'FERTILIZE': 103}",719,v022b_fresh_medoid,104673.0,DONE,1,0,0,2676.0,0.353875,control,101997.0,DONE,0.025916,0.0385,0.062542,win,1,17
"{'BUILD_PASTURE': 14, 'NORTH': 1019, 'WEST': 878, 'PICKUP': 258, 'PLACE': 13, 'PLANT': 135, 'WATER': 924, 'EAST': 667, 'SOUTH': 787, 'FEED': 321, 'CARE': 317, 'PASS': 446, 'COLLECT_FERTILIZER': 322, 'DROP': 100, 'HARVEST': 341, 'DIG': 31, 'FERTILIZE': 103}",719,v022b_fresh_medoid,111362.0,DONE,1,0,0,4634.0,0.286834,baseline,106728.0,DONE,0.028,0.056667,0.071,win,0,17
"{'BUILD_PASTURE': 14, 'NORTH': 1019, 'WEST': 878, 'PICKUP': 258, 'PLACE': 13, 'PLANT': 135, 'WATER': 924, 'EAST': 667, 'SOUTH': 787, 'FEED': 321, 'CARE': 317, 'PASS': 446, 'COLLECT_FERTILIZER': 322, 'DROP': 100, 'HARVEST': 341, 'DIG': 31, 'FERTILIZE': 103}",719,v022b_fresh_medoid,126688.0,DONE,1,0,0,17765.0,0.1885,baseline,108923.0,DONE,0.02775,0.039208,0.06725,win,1,17
"{'BUILD_PASTURE': 14, 'NORTH': 1030, 'WEST': 896, 'PICKUP': 262, 'PLACE': 14, 'PLANT': 135, 'WATER': 938, 'EAST': 671, 'SOUTH': 793, 'FEED': 323, 'CARE': 322, 'PASS': 461, 'COLLECT_FERTILIZER': 324, 'DROP': 100, 'HARVEST': 341, 'DIG': 31, 'FERTILIZE': 103}",719,v022b_fresh_medoid,82780.0,DONE,1,0,0,-7055.0,38.952,v18,89835.0,DONE,0.026333,0.055833,0.105708,loss,0,17
"{'BUILD_PASTURE': 14, 'NORTH': 1030, 'WEST': 896, 'PICKUP': 262, 'PLACE': 14, 'PLANT': 135, 'WATER': 938, 'EAST': 671, 'SOUTH': 793, 'FEED': 323, 'CARE': 322, 'PASS': 461, 'COLLECT_FERTILIZER': 324, 'DROP': 100, 'HARVEST': 341, 'DIG': 31, 'FERTILIZE': 103}",719,v022b_fresh_medoid,104616.0,DONE,1,0,0,3055.0,0.331791,v18,101561.0,DONE,0.026167,0.038833,0.058333,win,1,17
"{'BUILD_PASTURE': 14, 'NORTH': 1030, 'WEST': 896, 'PICKUP': 262, 'PLACE': 14, 'PLANT': 135, 'WATER': 938, 'EAST': 671, 'SOUTH': 793, 'FEED': 323, 'CARE': 322, 'PASS': 461, 'COLLECT_FERTILIZER': 324, 'DROP': 100, 'HARVEST': 341, 'DIG': 31, 'FERTILIZE': 103}",719,v022b_fresh_medoid,120989.0,DONE,1,0,0,-2731.0,0.279791,hamburger,123720.0,DONE,0.026458,0.052833,0.069916,loss,0,17
"{'BUILD_PASTURE': 14, 'NORTH': 1030, 'WEST': 896, 'PICKUP': 262, 'PLACE': 14, 'PLANT': 135, 'WATER': 938, 'EAST': 671, 'SOUTH': 793, 'FEED': 323, 'CARE': 322, 'PASS': 461, 'COLLECT_FERTILIZER': 324, 'DROP': 100, 'HARVEST': 341, 'DIG': 31, 'FERTILIZE': 103}",719,v022b_fresh_medoid,130436.0,DONE,1,0,0,13979.0,0.294083,hamburger,116457.0,DONE,0.025834,0.039333,0.062083,win,1,17
"{'BUILD_PASTURE': 14, 'NORTH': 1030, 'WEST': 896, 'PICKUP': 262, 'PLACE': 14, 'PLANT': 135, 'WATER': 938, 'EAST': 671, 'SOUTH': 793, 'FEED': 323, 'CARE': 322, 'PASS': 461, 'COLLECT_FERTILIZER': 324, 'DROP': 100, 'HARVEST': 341, 'DIG': 31, 'FERTILIZE': 103}",719,v022b_fresh_medoid,119888.0,DONE,1,0,0,-2898.0,0.368042,frontier,122786.0,DONE,0.026208,0.048458,0.069833,loss,0,17
"{'BUILD_PASTURE': 14, 'NORTH': 1030, 'WEST': 896, 'PICKUP': 262, 'PLACE': 14, 'PLANT': 135, 'WATER': 938, 'EAST': 671, 'SOUTH': 793, 'FEED': 323, 'CARE': 322, 'PASS': 461, 'COLLECT_FERTILIZER': 324, 'DROP': 100, 'HARVEST': 341, 'DIG': 31, 'FERTILIZE': 103}",719,v022b_fresh_medoid,128021.0,DONE,1,0,0,13766.0,38.679375,frontier,114255.0,DONE,0.025416,0.036667,0.103125,win,1,17
"{'BUILD_PASTURE': 14, 'NORTH': 1030, 'WEST': 896, 'PICKUP': 262, 'PLACE': 14, 'PLANT': 135, 'WATER': 938, 'EAST': 671, 'SOUTH': 793, 'FEED': 323, 'CARE': 322, 'PASS': 461, 'COLLECT_FERTILIZER': 324, 'DROP': 100, 'HARVEST': 341, 'DIG': 31, 'FERTILIZE': 103}",719,v022b_fresh_medoid,174740.0,DONE,1,0,0,171244.0,0.4175,starter,3496.0,DONE,0.026125,0.053458,0.079334,win,0,17
"{'BUILD_PASTURE': 14, 'NORTH': 1030, 'WEST': 896, 'PICKUP': 262, 'PLACE': 14, 'PLANT': 135, 'WATER': 938, 'EAST': 671, 'SOUTH': 793, 'FEED': 323, 'CARE': 322, 'PASS': 461, 'COLLECT_FERTILIZER': 324, 'DROP': 100, 'HARVEST': 341, 'DIG': 31, 'FERTILIZE': 103}",719,v022b_fresh_medoid,187121.0,DONE,1,0,0,183632.0,0.2985,starter,3489.0,DONE,0.025417,0.048042,0.062,win,1,17
"{'BUILD_PASTURE': 14, 'NORTH': 1030, 'WEST': 896, 'PICKUP': 262, 'PLACE': 14, 'PLANT': 135, 'WATER': 938, 'EAST': 671, 'SOUTH': 793, 'FEED': 323, 'CARE': 322, 'PASS': 461, 'COLLECT_FERTILIZER': 324, 'DROP': 100, 'HARVEST': 341, 'DIG': 31, 'FERTILIZE': 103}",719,v022b_fresh_medoid,169904.0,DONE,1,0,0,169904.0,36.793833,random,0.0,DONE,0.026375,0.068291,0.209875,win,0,17
"{'BUILD_PASTURE': 14, 'NORTH': 1030, 'WEST': 896, 'PICKUP': 262, 'PLACE': 14, 'PLANT': 135, 'WATER': 938, 'EAST': 671, 'SOUTH': 793, 'FEED': 323, 'CARE': 322, 'PASS': 461, 'COLLECT_FERTILIZER': 324, 'DROP': 100, 'HARVEST': 341, 'DIG': 31, 'FERTILIZE': 103}",719,v022b_fresh_medoid,176137.0,DONE,1,0,0,176137.0,50.351,random,0.0,DONE,0.02625,0.067083,0.182,win,1,17
"{'BUILD_PASTURE': 14, 'NORTH': 1030, 'WEST': 896, 'PICKUP': 262, 'PLACE': 14, 'PLANT': 135, 'WATER': 937, 'EAST': 671, 'SOUTH': 793, 'FEED': 323, 'CARE': 322, 'PASS': 461, 'COLLECT_FERTILIZER': 324, 'DROP': 100, 'HARVEST': 341, 'DIG': 32, 'FERTILIZE': 103}",719,v022c_medoid_recovery,103682.0,DONE,1,0,0,899.0,40.692417,control,102783.0,DONE,0.052167,0.083875,0.22175,win,0,17
"{'BUILD_PASTURE': 14, 'NORTH': 1030, 'WEST': 896, 'PICKUP': 262, 'PLACE': 14, 'PLANT': 135, 'WATER': 938, 'EAST': 671, 'SOUTH': 793, 'FEED': 323, 'CARE': 322, 'PASS': 461, 'COLLECT_FERTILIZER': 324, 'DROP': 100, 'HARVEST': 341, 'DIG': 31, 'FERTILIZE': 103}",719,v022c_medoid_recovery,104673.0,DONE,1,0,0,2676.0,0.189541,control,101997.0,DONE,0.051208,0.072625,0.08525,win,1,17
"{'BUILD_PASTURE': 14, 'NORTH': 1022, 'WEST': 883, 'PICKUP': 261, 'PLACE': 14, 'PLANT': 135, 'WATER': 924, 'EAST': 668, 'SOUTH': 786, 'FEED': 322, 'CARE': 319, 'PASS': 447, 'COLLECT_FERTILIZER': 322, 'DROP': 100, 'HARVEST': 341, 'DIG': 36, 'FERTILIZE': 103}",719,v022c_medoid_recovery,131700.0,DONE,1,0,0,27057.0,0.720542,baseline,104643.0,DONE,0.053292,0.083458,0.0975,win,0,17
"{'BUILD_PASTURE': 14, 'NORTH': 1022, 'WEST': 883, 'PICKUP': 261, 'PLACE': 14, 'PLANT': 135, 'WATER': 924, 'EAST': 668, 'SOUTH': 786, 'FEED': 322, 'CARE': 319, 'PASS': 448, 'COLLECT_FERTILIZER': 322, 'DROP': 100, 'HARVEST': 341, 'DIG': 35, 'FERTILIZE': 103}",719,v022c_medoid_recovery,129705.0,DONE,1,0,0,30309.0,0.392166,baseline,99396.0,DONE,0.051833,0.070417,0.099583,win,1,17
"{'BUILD_PASTURE': 14, 'NORTH': 1030, 'WEST': 896, 'PICKUP': 262, 'PLACE': 14, 'PLANT': 135, 'WATER': 937, 'EAST': 671, 'SOUTH': 793, 'FEED': 323, 'CARE': 322, 'PASS': 461, 'COLLECT_FERTILIZER': 324, 'DROP': 100, 'HARVEST': 341, 'DIG': 32, 'FERTILIZE': 103}",719,v022c_medoid_recovery,103642.0,DONE,1,0,0,1318.0,0.416417,v18,102324.0,DONE,0.051459,0.083375,0.106,win,0,17
"{'BUILD_PASTURE': 14, 'NORTH': 1030, 'WEST': 896, 'PICKUP': 262, 'PLACE': 14, 'PLANT': 135, 'WATER': 938, 'EAST': 671, 'SOUTH': 793, 'FEED': 323, 'CARE': 322, 'PASS': 461, 'COLLECT_FERTILIZER': 324, 'DROP': 100, 'HARVEST': 341, 'DIG': 31, 'FERTILIZE': 103}",719,v022c_medoid_recovery,104616.0,DONE,1,0,0,3055.0,84.815125,v18,101561.0,DONE,0.051125,0.074167,0.111542,win,1,17
"{'BUILD_PASTURE': 14, 'NORTH': 1030, 'WEST': 896, 'PICKUP': 262, 'PLACE': 14, 'PLANT': 135, 'WATER': 937, 'EAST': 671, 'SOUTH': 793, 'FEED': 323, 'CARE': 322, 'PASS': 461, 'COLLECT_FERTILIZER': 324, 'DROP': 100, 'HARVEST': 341, 'DIG': 32, 'FERTILIZE': 103}",719,v022c_medoid_recovery,128705.0,DONE,1,0,0,5759.0,0.281875,hamburger,122946.0,DONE,0.051166,0.080958,0.215334,win,0,17
"{'BUILD_PASTURE': 14, 'NORTH': 1030, 'WEST': 896, 'PICKUP': 262, 'PLACE': 14, 'PLANT': 135, 'WATER': 938, 'EAST': 671, 'SOUTH': 793, 'FEED': 323, 'CARE': 322, 'PASS': 461, 'COLLECT_FERTILIZER': 324, 'DROP': 100, 'HARVEST': 341, 'DIG': 31, 'FERTILIZE': 103}",719,v022c_medoid_recovery,130436.0,DONE,1,0,0,13979.0,0.292083,hamburger,116457.0,DONE,0.050875,0.078666,0.105167,win,1,17
"{'BUILD_PASTURE': 14, 'NORTH': 1030, 'WEST': 896, 'PICKUP': 262, 'PLACE': 14, 'PLANT': 135, 'WATER': 937, 'EAST': 671, 'SOUTH': 793, 'FEED': 323, 'CARE': 322, 'PASS': 461, 'COLLECT_FERTILIZER': 324, 'DROP': 100, 'HARVEST': 341, 'DIG': 32, 'FERTILIZE': 103}",719,v022c_medoid_recovery,125924.0,DONE,1,0,0,3425.0,0.816459,frontier,122499.0,DONE,0.051792,0.08225,0.125583,win,0,17
"{'BUILD_PASTURE': 14, 'NORTH': 1030, 'WEST': 896, 'PICKUP': 262, 'PLACE': 14, 'PLANT': 135, 'WATER': 938, 'EAST': 671, 'SOUTH': 793, 'FEED': 323, 'CARE': 322, 'PASS': 461, 'COLLECT_FERTILIZER': 324, 'DROP': 100, 'HARVEST': 341, 'DIG': 31, 'FERTILIZE': 103}",719,v022c_medoid_recovery,128021.0,DONE,1,0,0,13766.0,0.276792,frontier,114255.0,DONE,0.051125,0.078833,0.105125,win,1,17
"{'BUILD_PASTURE': 14, 'NORTH': 1030, 'WEST': 896, 'PICKUP': 262, 'PLACE': 14, 'PLANT': 135, 'WATER': 937, 'EAST': 671, 'SOUTH': 793, 'FEED': 323, 'CARE': 322, 'PASS': 461, 'COLLECT_FERTILIZER': 324, 'DROP': 100, 'HARVEST': 341, 'DIG': 32, 'FERTILIZE': 103}",719,v022c_medoid_recovery,185669.0,DONE,1,0,0,182173.0,0.346625,starter,3496.0,DONE,0.0515,0.085834,0.129917,win,0,17
"{'BUILD_PASTURE': 14, 'NORTH': 1030, 'WEST': 896, 'PICKUP': 262, 'PLACE': 14, 'PLANT': 135, 'WATER': 938, 'EAST': 671, 'SOUTH': 793, 'FEED': 323, 'CARE': 322, 'PASS': 461, 'COLLECT_FERTILIZER': 324, 'DROP': 100, 'HARVEST': 341, 'DIG': 31, 'FERTILIZE': 103}",719,v022c_medoid_recovery,187121.0,DONE,1,0,0,183632.0,17.138917,starter,3489.0,DONE,0.04975,0.085583,0.27875,win,1,17
"{'BUILD_PASTURE': 14, 'NORTH': 1030, 'WEST': 896, 'PICKUP': 262, 'PLACE': 14, 'PLANT': 135, 'WATER': 937, 'EAST': 671, 'SOUTH': 793, 'FEED': 323, 'CARE': 322, 'PASS': 461, 'COLLECT_FERTILIZER': 324, 'DROP': 100, 'HARVEST': 341, 'DIG': 32, 'FERTILIZE': 103}",719,v022c_medoid_recovery,187121.0,DONE,1,0,0,187121.0,46.124833,random,0.0,DONE,0.056042,0.120083,0.239125,win,0,17
"{'BUILD_PASTURE': 14, 'NORTH': 1030, 'WEST': 896, 'PICKUP': 262, 'PLACE': 14, 'PLANT': 135, 'WATER': 938, 'EAST': 671, 'SOUTH': 793, 'FEED': 323, 'CARE': 322, 'PASS': 461, 'COLLECT_FERTILIZER': 323, 'DROP': 100, 'HARVEST': 341, 'DIG': 32, 'FERTILIZE': 103}",719,v022c_medoid_recovery,187664.0,DONE,1,0,0,187664.0,0.356833,random,0.0,DONE,0.054375,0.107584,0.245125,win,1,17
"{'BUILD_PASTURE': 14, 'NORTH': 1014, 'WEST': 882, 'PICKUP': 259, 'PLACE': 14, 'PLANT': 134, 'WATER': 932, 'EAST': 659, 'SOUTH': 784, 'FEED': 322, 'CARE': 317, 'PASS': 443, 'COLLECT_FERTILIZER': 322, 'DROP': 100, 'HARVEST': 341, 'DIG': 29, 'FERTILIZE': 100}",719,v022d_medoid_recovery_tactical,106478.0,DONE,1,0,0,4602.0,0.484625,control,101876.0,DONE,0.100875,0.139417,0.257542,win,0,17
"{'BUILD_PASTURE': 14, 'NORTH': 1014, 'WEST': 882, 'PICKUP': 259, 'PLACE': 14, 'PLANT': 134, 'WATER': 933, 'EAST': 659, 'SOUTH': 784, 'FEED': 322, 'CARE': 317, 'PASS': 443, 'COLLECT_FERTILIZER': 322, 'DROP': 100, 'HARVEST': 341, 'DIG': 28, 'FERTILIZE': 100}",719,v022d_medoid_recovery_tactical,107530.0,DONE,1,0,0,6442.0,0.387583,control,101088.0,DONE,0.102541,0.13325,0.194334,win,1,17
"{'BUILD_PASTURE': 14, 'NORTH': 1013, 'WEST': 878, 'PICKUP': 259, 'PLACE': 14, 'PLANT': 134, 'WATER': 928, 'EAST': 658, 'SOUTH': 783, 'FEED': 322, 'CARE': 317, 'PASS': 438, 'COLLECT_FERTILIZER': 322, 'DIG': 30, 'DROP': 100, 'HARVEST': 341, 'FERTILIZE': 100}",719,v022d_medoid_recovery_tactical,148332.0,DONE,1,0,0,43841.0,0.310917,baseline,104491.0,DONE,0.103583,0.139083,0.266375,win,0,17
"{'BUILD_PASTURE': 14, 'NORTH': 1013, 'WEST': 878, 'PICKUP': 259, 'PLACE': 14, 'PLANT': 134, 'WATER': 929, 'EAST': 659, 'SOUTH': 783, 'FEED': 322, 'CARE': 317, 'PASS': 438, 'COLLECT_FERTILIZER': 322, 'DROP': 100, 'HARVEST': 341, 'DIG': 28, 'FERTILIZE': 100}",719,v022d_medoid_recovery_tactical,148548.0,DONE,1,0,0,44057.0,0.254458,baseline,104491.0,DONE,0.102875,0.126791,0.156292,win,1,17
"{'BUILD_PASTURE': 14, 'NORTH': 1014, 'WEST': 882, 'PICKUP': 259, 'PLACE': 14, 'PLANT': 134, 'WATER': 932, 'EAST': 659, 'SOUTH': 784, 'FEED': 322, 'CARE': 317, 'PASS': 443, 'COLLECT_FERTILIZER': 322, 'DROP': 100, 'HARVEST': 341, 'DIG': 29, 'FERTILIZE': 100}",719,v022d_medoid_recovery_tactical,106473.0,DONE,1,0,0,5082.0,0.2745,v18,101391.0,DONE,0.10075,0.131042,0.179125,win,0,17
"{'BUILD_PASTURE': 14, 'NORTH': 1014, 'WEST': 882, 'PICKUP': 259, 'PLACE': 14, 'PLANT': 134, 'WATER': 933, 'EAST': 659, 'SOUTH': 784, 'FEED': 322, 'CARE': 317, 'PASS': 443, 'COLLECT_FERTILIZER': 322, 'DROP': 100, 'HARVEST': 341, 'DIG': 28, 'FERTILIZE': 100}",719,v022d_medoid_recovery_tactical,107524.0,DONE,1,0,0,6916.0,0.417292,v18,100608.0,DONE,0.103083,0.140292,0.24325,win,1,17
"{'BUILD_PASTURE': 14, 'NORTH': 1014, 'WEST': 882, 'PICKUP': 259, 'PLACE': 14, 'PLANT': 134, 'WATER': 932, 'EAST': 659, 'SOUTH': 784, 'FEED': 322, 'CARE': 317, 'PASS': 443, 'COLLECT_FERTILIZER': 322, 'DROP': 100, 'HARVEST': 341, 'DIG': 29, 'FERTILIZE': 100}",719,v022d_medoid_recovery_tactical,131393.0,DONE,1,0,0,8832.0,67.985792,hamburger,122561.0,DONE,0.100375,0.134583,0.235084,win,0,17
"{'BUILD_PASTURE': 14, 'NORTH': 1014, 'WEST': 882, 'PICKUP': 259, 'PLACE': 14, 'PLANT': 134, 'WATER': 933, 'EAST': 659, 'SOUTH': 784, 'FEED': 322, 'CARE': 317, 'PASS': 443, 'COLLECT_FERTILIZER': 322, 'DROP': 100, 'HARVEST': 341, 'DIG': 28, 'FERTILIZE': 100}",719,v022d_medoid_recovery_tactical,132614.0,DONE,1,0,0,16701.0,0.329041,hamburger,115913.0,DONE,0.100709,0.134584,0.232875,win,1,17
"{'BUILD_PASTURE': 14, 'NORTH': 1014, 'WEST': 882, 'PICKUP': 259, 'PLACE': 14, 'PLANT': 134, 'WATER': 932, 'EAST': 659, 'SOUTH': 784, 'FEED': 322, 'CARE': 317, 'PASS': 443, 'COLLECT_FERTILIZER': 322, 'DROP': 100, 'HARVEST': 341, 'DIG': 29, 'FERTILIZE': 100}",719,v022d_medoid_recovery_tactical,129338.0,DONE,1,0,0,8338.0,0.63525,frontier,121000.0,DONE,0.1015,0.14,0.251542,win,0,17
"{'BUILD_PASTURE': 14, 'NORTH': 1014, 'WEST': 882, 'PICKUP': 259, 'PLACE': 14, 'PLANT': 134, 'WATER': 933, 'EAST': 659, 'SOUTH': 784, 'FEED': 322, 'CARE': 317, 'PASS': 443, 'COLLECT_FERTILIZER': 322, 'DROP': 100, 'HARVEST': 341, 'DIG': 28, 'FERTILIZE': 100}",719,v022d_medoid_recovery_tactical,131332.0,DONE,1,0,0,18409.0,0.306084,frontier,112923.0,DONE,0.10175,0.132958,0.177,win,1,17
"{'BUILD_PASTURE': 14, 'NORTH': 1014, 'WEST': 882, 'PICKUP': 259, 'PLACE': 14, 'PLANT': 134, 'WATER': 932, 'EAST': 659, 'SOUTH': 784, 'FEED': 322, 'CARE': 317, 'PASS': 443, 'COLLECT_FERTILIZER': 322, 'DROP': 100, 'HARVEST': 341, 'DIG': 29, 'FERTILIZE': 100}",719,v022d_medoid_recovery_tactical,186762.0,DONE,1,0,0,183266.0,0.490792,starter,3496.0,DONE,0.092083,0.135667,0.166958,win,0,17
"{'BUILD_PASTURE': 14, 'NORTH': 1014, 'WEST': 882, 'PICKUP': 259, 'PLACE': 14, 'PLANT': 134, 'WATER': 933, 'EAST': 659, 'SOUTH': 784, 'FEED': 322, 'CARE': 317, 'PASS': 443, 'COLLECT_FERTILIZER': 322, 'DROP': 100, 'HARVEST': 341, 'DIG': 28, 'FERTILIZE': 100}",719,v022d_medoid_recovery_tactical,188196.0,DONE,1,0,0,184707.0,17.750916,starter,3489.0,DONE,0.091542,0.138292,0.31975,win,1,17
"{'BUILD_PASTURE': 14, 'NORTH': 1014, 'WEST': 882, 'PICKUP': 259, 'PLACE': 14, 'PLANT': 134, 'WATER': 932, 'EAST': 659, 'SOUTH': 784, 'FEED': 322, 'CARE': 317, 'PASS': 443, 'COLLECT_FERTILIZER': 322, 'DROP': 100, 'HARVEST': 341, 'DIG': 29, 'FERTILIZE': 100}",719,v022d_medoid_recovery_tactical,184748.0,DONE,1,0,0,184748.0,39.265834,random,0.0,DONE,0.101375,0.175417,0.314125,win,0,17
"{'BUILD_PASTURE': 14, 'NORTH': 1014, 'WEST': 882, 'PICKUP': 259, 'PLACE': 14, 'PLANT': 134, 'WATER': 932, 'EAST': 659, 'SOUTH': 784, 'FEED': 322, 'CARE': 317, 'PASS': 443, 'COLLECT_FERTILIZER': 322, 'DROP': 100, 'HARVEST': 341, 'DIG': 29, 'FERTILIZE': 100}",719,v022d_medoid_recovery_tactical,176770.0,DONE,1,0,0,176770.0,44.502333,random,0.0,DONE,0.10275,0.175958,0.330084,win,1,17
