actual_margin_delta,control_margin,done,due,event_index,item,mode,opponent,opponent_cash_delta,own_cash_delta,raw_gain,seat,seed,single_event_margin,source_hash,step,transfer
169.0,5.0,1,240,0,WOOL,delay,v27_current,623.0,792.0,118.0,0,17,174.0,f48c21166eac68d1b05a401f04f94a2eb6154e65415af64893672365ff33c7b8,168,4
202.0,5.0,1,311,1,WOOL,delay,v27_current,34.0,236.0,436.0,0,17,207.0,f48c21166eac68d1b05a401f04f94a2eb6154e65415af64893672365ff33c7b8,240,10
77.0,5.0,1,381,2,WOOL,delay,v27_current,10.0,87.0,77.0,0,17,82.0,f48c21166eac68d1b05a401f04f94a2eb6154e65415af64893672365ff33c7b8,312,3
169.0,5.0,1,240,0,WOOL,delay,v27_current,623.0,792.0,85.0,1,17,174.0,f48c21166eac68d1b05a401f04f94a2eb6154e65415af64893672365ff33c7b8,168,4
202.0,5.0,1,311,1,WOOL,delay,v27_current,34.0,236.0,437.0,1,17,207.0,f48c21166eac68d1b05a401f04f94a2eb6154e65415af64893672365ff33c7b8,240,10
-23.0,5.0,1,381,2,WOOL,delay,v27_current,97.0,74.0,161.0,1,17,-18.0,f48c21166eac68d1b05a401f04f94a2eb6154e65415af64893672365ff33c7b8,312,6
-15.0,86.0,1,408,0,STRAWBERRY,delay,v27_current,24.0,9.0,188.0,0,42,71.0,f48c21166eac68d1b05a401f04f94a2eb6154e65415af64893672365ff33c7b8,384,7
0.0,86.0,1,455,1,MILK,delay,v27_current,0.0,0.0,366.0,0,42,86.0,f48c21166eac68d1b05a401f04f94a2eb6154e65415af64893672365ff33c7b8,432,5
273.0,86.0,1,519,2,WOOL,delay,v27_current,118.0,391.0,273.0,0,42,359.0,f48c21166eac68d1b05a401f04f94a2eb6154e65415af64893672365ff33c7b8,456,4
-15.0,-86.0,1,408,0,STRAWBERRY,delay,v27_current,24.0,9.0,172.0,1,42,-101.0,f48c21166eac68d1b05a401f04f94a2eb6154e65415af64893672365ff33c7b8,384,7
0.0,-86.0,1,455,1,MILK,delay,v27_current,0.0,0.0,366.0,1,42,-86.0,f48c21166eac68d1b05a401f04f94a2eb6154e65415af64893672365ff33c7b8,432,5
-120.0,-86.0,1,519,2,WOOL,delay,v27_current,516.0,396.0,357.0,1,42,-206.0,f48c21166eac68d1b05a401f04f94a2eb6154e65415af64893672365ff33c7b8,456,8
31.0,0.0,1,408,0,STRAWBERRY,delay,v27_current,10.0,41.0,240.0,0,2026,31.0,f48c21166eac68d1b05a401f04f94a2eb6154e65415af64893672365ff33c7b8,384,7
0.0,0.0,1,432,1,STRAWBERRY,delay,v27_current,0.0,0.0,77.0,0,2026,0.0,f48c21166eac68d1b05a401f04f94a2eb6154e65415af64893672365ff33c7b8,408,5
0.0,0.0,1,455,2,MILK,delay,v27_current,0.0,0.0,387.0,0,2026,0.0,f48c21166eac68d1b05a401f04f94a2eb6154e65415af64893672365ff33c7b8,432,5
31.0,0.0,1,408,0,STRAWBERRY,delay,v27_current,10.0,41.0,238.0,1,2026,31.0,f48c21166eac68d1b05a401f04f94a2eb6154e65415af64893672365ff33c7b8,384,7
0.0,0.0,1,432,1,STRAWBERRY,delay,v27_current,0.0,0.0,77.0,1,2026,0.0,f48c21166eac68d1b05a401f04f94a2eb6154e65415af64893672365ff33c7b8,408,5
0.0,0.0,1,455,2,MILK,delay,v27_current,0.0,0.0,387.0,1,2026,0.0,f48c21166eac68d1b05a401f04f94a2eb6154e65415af64893672365ff33c7b8,432,5
-663.0,16.0,1,240,0,WOOL,delay,v27_current,17959.0,17296.0,81.0,0,217,-647.0,f48c21166eac68d1b05a401f04f94a2eb6154e65415af64893672365ff33c7b8,168,4
209.0,16.0,1,311,1,WOOL,delay,v27_current,26.0,235.0,445.0,0,217,225.0,f48c21166eac68d1b05a401f04f94a2eb6154e65415af64893672365ff33c7b8,240,10
94.0,16.0,1,381,2,WOOL,delay,v27_current,-4.0,90.0,95.0,0,217,110.0,f48c21166eac68d1b05a401f04f94a2eb6154e65415af64893672365ff33c7b8,312,3
294.0,-16.0,1,240,0,WOOL,delay,v27_current,17488.0,17782.0,81.0,1,217,278.0,f48c21166eac68d1b05a401f04f94a2eb6154e65415af64893672365ff33c7b8,168,4
209.0,-16.0,1,311,1,WOOL,delay,v27_current,26.0,235.0,454.0,1,217,193.0,f48c21166eac68d1b05a401f04f94a2eb6154e65415af64893672365ff33c7b8,240,10
13.0,-16.0,1,381,2,WOOL,delay,v27_current,75.0,88.0,189.0,1,217,-3.0,f48c21166eac68d1b05a401f04f94a2eb6154e65415af64893672365ff33c7b8,312,6
18.0,0.0,1,384,0,STRAWBERRY,delay,v27_current,12.0,30.0,18.0,0,317,18.0,f48c21166eac68d1b05a401f04f94a2eb6154e65415af64893672365ff33c7b8,336,3
39.0,0.0,1,408,1,STRAWBERRY,delay,v27_current,5.0,44.0,345.0,0,317,39.0,f48c21166eac68d1b05a401f04f94a2eb6154e65415af64893672365ff33c7b8,384,9
0.0,0.0,1,432,2,STRAWBERRY,delay,v27_current,0.0,0.0,129.0,0,317,0.0,f48c21166eac68d1b05a401f04f94a2eb6154e65415af64893672365ff33c7b8,408,6
18.0,0.0,1,384,0,STRAWBERRY,delay,v27_current,12.0,30.0,18.0,1,317,18.0,f48c21166eac68d1b05a401f04f94a2eb6154e65415af64893672365ff33c7b8,336,3
39.0,0.0,1,408,1,STRAWBERRY,delay,v27_current,5.0,44.0,340.0,1,317,39.0,f48c21166eac68d1b05a401f04f94a2eb6154e65415af64893672365ff33c7b8,384,9
0.0,0.0,1,432,2,STRAWBERRY,delay,v27_current,0.0,0.0,116.0,1,317,0.0,f48c21166eac68d1b05a401f04f94a2eb6154e65415af64893672365ff33c7b8,408,6
189.0,-33.0,1,240,0,WOOL,delay,v27_current,13367.0,13556.0,85.0,0,733,156.0,f48c21166eac68d1b05a401f04f94a2eb6154e65415af64893672365ff33c7b8,168,4
202.0,-33.0,1,311,1,WOOL,delay,v27_current,34.0,236.0,436.0,0,733,169.0,f48c21166eac68d1b05a401f04f94a2eb6154e65415af64893672365ff33c7b8,240,10
77.0,-33.0,1,381,2,WOOL,delay,v27_current,10.0,87.0,77.0,0,733,44.0,f48c21166eac68d1b05a401f04f94a2eb6154e65415af64893672365ff33c7b8,312,3
151.0,43.0,1,240,0,WOOL,delay,v27_current,70.0,221.0,85.0,1,733,194.0,f48c21166eac68d1b05a401f04f94a2eb6154e65415af64893672365ff33c7b8,168,4
202.0,43.0,1,311,1,WOOL,delay,v27_current,34.0,236.0,437.0,1,733,245.0,f48c21166eac68d1b05a401f04f94a2eb6154e65415af64893672365ff33c7b8,240,10
-23.0,43.0,1,381,2,WOOL,delay,v27_current,97.0,74.0,161.0,1,733,20.0,f48c21166eac68d1b05a401f04f94a2eb6154e65415af64893672365ff33c7b8,312,6
-18816.0,8206.0,1,240,0,WOOL,delay,v14_public,4357.0,-14459.0,315.0,0,17,-10610.0,a7f827b9438885b34b7fd5bf8165458a72f8bb83031a288dd4640f21ade3294b,168,8
41.0,8206.0,1,384,1,STRAWBERRY,delay,v14_public,0.0,41.0,41.0,0,17,8247.0,a7f827b9438885b34b7fd5bf8165458a72f8bb83031a288dd4640f21ade3294b,336,3
31.0,8206.0,1,408,2,STRAWBERRY,delay,v14_public,7.0,38.0,345.0,0,17,8237.0,a7f827b9438885b34b7fd5bf8165458a72f8bb83031a288dd4640f21ade3294b,384,9
-18816.0,8206.0,1,240,0,WOOL,delay,v14_public,4357.0,-14459.0,315.0,1,17,-10610.0,a7f827b9438885b34b7fd5bf8165458a72f8bb83031a288dd4640f21ade3294b,168,8
41.0,8206.0,1,384,1,STRAWBERRY,delay,v14_public,0.0,41.0,41.0,1,17,8247.0,a7f827b9438885b34b7fd5bf8165458a72f8bb83031a288dd4640f21ade3294b,336,3
31.0,8206.0,1,408,2,STRAWBERRY,delay,v14_public,7.0,38.0,386.0,1,17,8237.0,a7f827b9438885b34b7fd5bf8165458a72f8bb83031a288dd4640f21ade3294b,384,9
106.0,16346.0,1,311,0,WOOL,delay,v14_public,0.0,106.0,178.0,0,42,16452.0,a7f827b9438885b34b7fd5bf8165458a72f8bb83031a288dd4640f21ade3294b,240,8
37.0,16346.0,1,384,1,STRAWBERRY,delay,v14_public,0.0,37.0,31.0,0,42,16383.0,a7f827b9438885b34b7fd5bf8165458a72f8bb83031a288dd4640f21ade3294b,336,3
-59.0,16346.0,1,408,2,STRAWBERRY,delay,v14_public,50.0,-9.0,256.0,0,42,16287.0,a7f827b9438885b34b7fd5bf8165458a72f8bb83031a288dd4640f21ade3294b,384,9
106.0,16346.0,1,311,0,WOOL,delay,v14_public,0.0,106.0,178.0,1,42,16452.0,a7f827b9438885b34b7fd5bf8165458a72f8bb83031a288dd4640f21ade3294b,240,8
37.0,16346.0,1,384,1,STRAWBERRY,delay,v14_public,0.0,37.0,31.0,1,42,16383.0,a7f827b9438885b34b7fd5bf8165458a72f8bb83031a288dd4640f21ade3294b,336,3
-59.0,16346.0,1,408,2,STRAWBERRY,delay,v14_public,50.0,-9.0,362.0,1,42,16287.0,a7f827b9438885b34b7fd5bf8165458a72f8bb83031a288dd4640f21ade3294b,384,9
106.0,13091.0,1,311,0,WOOL,delay,v14_public,0.0,106.0,178.0,0,2026,13197.0,a7f827b9438885b34b7fd5bf8165458a72f8bb83031a288dd4640f21ade3294b,240,8
45.0,13091.0,1,384,1,STRAWBERRY,delay,v14_public,0.0,45.0,45.0,0,2026,13136.0,a7f827b9438885b34b7fd5bf8165458a72f8bb83031a288dd4640f21ade3294b,336,3
-58.0,13091.0,1,408,2,STRAWBERRY,delay,v14_public,51.0,-7.0,361.0,0,2026,13033.0,a7f827b9438885b34b7fd5bf8165458a72f8bb83031a288dd4640f21ade3294b,384,9
106.0,13091.0,1,311,0,WOOL,delay,v14_public,0.0,106.0,178.0,1,2026,13197.0,a7f827b9438885b34b7fd5bf8165458a72f8bb83031a288dd4640f21ade3294b,240,8
45.0,13091.0,1,384,1,STRAWBERRY,delay,v14_public,0.0,45.0,45.0,1,2026,13136.0,a7f827b9438885b34b7fd5bf8165458a72f8bb83031a288dd4640f21ade3294b,336,3
-58.0,13091.0,1,408,2,STRAWBERRY,delay,v14_public,51.0,-7.0,369.0,1,2026,13033.0,a7f827b9438885b34b7fd5bf8165458a72f8bb83031a288dd4640f21ade3294b,384,9
340.0,5215.0,1,240,0,WOOL,delay,v14_public,2062.0,2402.0,113.0,0,217,5555.0,a7f827b9438885b34b7fd5bf8165458a72f8bb83031a288dd4640f21ade3294b,168,8
34.0,5215.0,1,384,1,STRAWBERRY,delay,v14_public,0.0,34.0,34.0,0,217,5249.0,a7f827b9438885b34b7fd5bf8165458a72f8bb83031a288dd4640f21ade3294b,336,3
40.0,5215.0,1,408,2,STRAWBERRY,delay,v14_public,0.0,40.0,378.0,0,217,5255.0,a7f827b9438885b34b7fd5bf8165458a72f8bb83031a288dd4640f21ade3294b,384,9
340.0,5215.0,1,240,0,WOOL,delay,v14_public,2062.0,2402.0,136.0,1,217,5555.0,a7f827b9438885b34b7fd5bf8165458a72f8bb83031a288dd4640f21ade3294b,168,8
34.0,5215.0,1,384,1,STRAWBERRY,delay,v14_public,0.0,34.0,34.0,1,217,5249.0,a7f827b9438885b34b7fd5bf8165458a72f8bb83031a288dd4640f21ade3294b,336,3
40.0,5215.0,1,408,2,STRAWBERRY,delay,v14_public,0.0,40.0,392.0,1,217,5255.0,a7f827b9438885b34b7fd5bf8165458a72f8bb83031a288dd4640f21ade3294b,384,9
-5036.0,10710.0,1,240,0,WOOL,delay,v14_public,-4073.0,-9109.0,105.0,0,317,5674.0,a7f827b9438885b34b7fd5bf8165458a72f8bb83031a288dd4640f21ade3294b,168,8
50.0,10710.0,1,384,1,STRAWBERRY,delay,v14_public,0.0,50.0,36.0,0,317,10760.0,a7f827b9438885b34b7fd5bf8165458a72f8bb83031a288dd4640f21ade3294b,336,3
51.0,10710.0,1,408,2,STRAWBERRY,delay,v14_public,5.0,56.0,397.0,0,317,10761.0,a7f827b9438885b34b7fd5bf8165458a72f8bb83031a288dd4640f21ade3294b,384,9
-5036.0,10710.0,1,240,0,WOOL,delay,v14_public,-4073.0,-9109.0,105.0,1,317,5674.0,a7f827b9438885b34b7fd5bf8165458a72f8bb83031a288dd4640f21ade3294b,168,8
50.0,10710.0,1,384,1,STRAWBERRY,delay,v14_public,0.0,50.0,36.0,1,317,10760.0,a7f827b9438885b34b7fd5bf8165458a72f8bb83031a288dd4640f21ade3294b,336,3
51.0,10710.0,1,408,2,STRAWBERRY,delay,v14_public,5.0,56.0,397.0,1,317,10761.0,a7f827b9438885b34b7fd5bf8165458a72f8bb83031a288dd4640f21ade3294b,384,9
-1922.0,7206.0,1,240,0,WOOL,delay,v14_public,240.0,-1682.0,113.0,0,733,5284.0,a7f827b9438885b34b7fd5bf8165458a72f8bb83031a288dd4640f21ade3294b,168,8
34.0,7206.0,1,384,1,STRAWBERRY,delay,v14_public,0.0,34.0,34.0,0,733,7240.0,a7f827b9438885b34b7fd5bf8165458a72f8bb83031a288dd4640f21ade3294b,336,3
40.0,7206.0,1,408,2,STRAWBERRY,delay,v14_public,0.0,40.0,347.0,0,733,7246.0,a7f827b9438885b34b7fd5bf8165458a72f8bb83031a288dd4640f21ade3294b,384,9
-1922.0,7206.0,1,240,0,WOOL,delay,v14_public,240.0,-1682.0,136.0,1,733,5284.0,a7f827b9438885b34b7fd5bf8165458a72f8bb83031a288dd4640f21ade3294b,168,8
34.0,7206.0,1,384,1,STRAWBERRY,delay,v14_public,0.0,34.0,34.0,1,733,7240.0,a7f827b9438885b34b7fd5bf8165458a72f8bb83031a288dd4640f21ade3294b,336,3
40.0,7206.0,1,408,2,STRAWBERRY,delay,v14_public,0.0,40.0,352.0,1,733,7246.0,a7f827b9438885b34b7fd5bf8165458a72f8bb83031a288dd4640f21ade3294b,384,9
-18816.0,8206.0,1,240,0,WOOL,delay,adaptive_replay,4357.0,-14459.0,315.0,0,17,-10610.0,3c41010de37114c082d481e4a4c3e42ca5148e826a140e2aa02964aca8636dd8,168,8
41.0,8206.0,1,384,1,STRAWBERRY,delay,adaptive_replay,0.0,41.0,41.0,0,17,8247.0,3c41010de37114c082d481e4a4c3e42ca5148e826a140e2aa02964aca8636dd8,336,3
31.0,8206.0,1,408,2,STRAWBERRY,delay,adaptive_replay,7.0,38.0,345.0,0,17,8237.0,3c41010de37114c082d481e4a4c3e42ca5148e826a140e2aa02964aca8636dd8,384,9
-18816.0,8206.0,1,240,0,WOOL,delay,adaptive_replay,4357.0,-14459.0,315.0,1,17,-10610.0,3c41010de37114c082d481e4a4c3e42ca5148e826a140e2aa02964aca8636dd8,168,8
41.0,8206.0,1,384,1,STRAWBERRY,delay,adaptive_replay,0.0,41.0,41.0,1,17,8247.0,3c41010de37114c082d481e4a4c3e42ca5148e826a140e2aa02964aca8636dd8,336,3
31.0,8206.0,1,408,2,STRAWBERRY,delay,adaptive_replay,7.0,38.0,386.0,1,17,8237.0,3c41010de37114c082d481e4a4c3e42ca5148e826a140e2aa02964aca8636dd8,384,9
106.0,16346.0,1,311,0,WOOL,delay,adaptive_replay,0.0,106.0,178.0,0,42,16452.0,3c41010de37114c082d481e4a4c3e42ca5148e826a140e2aa02964aca8636dd8,240,8
37.0,16346.0,1,384,1,STRAWBERRY,delay,adaptive_replay,0.0,37.0,31.0,0,42,16383.0,3c41010de37114c082d481e4a4c3e42ca5148e826a140e2aa02964aca8636dd8,336,3
-59.0,16346.0,1,408,2,STRAWBERRY,delay,adaptive_replay,50.0,-9.0,256.0,0,42,16287.0,3c41010de37114c082d481e4a4c3e42ca5148e826a140e2aa02964aca8636dd8,384,9
106.0,16346.0,1,311,0,WOOL,delay,adaptive_replay,0.0,106.0,178.0,1,42,16452.0,3c41010de37114c082d481e4a4c3e42ca5148e826a140e2aa02964aca8636dd8,240,8
37.0,16346.0,1,384,1,STRAWBERRY,delay,adaptive_replay,0.0,37.0,31.0,1,42,16383.0,3c41010de37114c082d481e4a4c3e42ca5148e826a140e2aa02964aca8636dd8,336,3
-59.0,16346.0,1,408,2,STRAWBERRY,delay,adaptive_replay,50.0,-9.0,362.0,1,42,16287.0,3c41010de37114c082d481e4a4c3e42ca5148e826a140e2aa02964aca8636dd8,384,9
106.0,13091.0,1,311,0,WOOL,delay,adaptive_replay,0.0,106.0,178.0,0,2026,13197.0,3c41010de37114c082d481e4a4c3e42ca5148e826a140e2aa02964aca8636dd8,240,8
45.0,13091.0,1,384,1,STRAWBERRY,delay,adaptive_replay,0.0,45.0,45.0,0,2026,13136.0,3c41010de37114c082d481e4a4c3e42ca5148e826a140e2aa02964aca8636dd8,336,3
-58.0,13091.0,1,408,2,STRAWBERRY,delay,adaptive_replay,51.0,-7.0,361.0,0,2026,13033.0,3c41010de37114c082d481e4a4c3e42ca5148e826a140e2aa02964aca8636dd8,384,9
106.0,13091.0,1,311,0,WOOL,delay,adaptive_replay,0.0,106.0,178.0,1,2026,13197.0,3c41010de37114c082d481e4a4c3e42ca5148e826a140e2aa02964aca8636dd8,240,8
45.0,13091.0,1,384,1,STRAWBERRY,delay,adaptive_replay,0.0,45.0,45.0,1,2026,13136.0,3c41010de37114c082d481e4a4c3e42ca5148e826a140e2aa02964aca8636dd8,336,3
-58.0,13091.0,1,408,2,STRAWBERRY,delay,adaptive_replay,51.0,-7.0,369.0,1,2026,13033.0,3c41010de37114c082d481e4a4c3e42ca5148e826a140e2aa02964aca8636dd8,384,9
340.0,5215.0,1,240,0,WOOL,delay,adaptive_replay,2062.0,2402.0,113.0,0,217,5555.0,3c41010de37114c082d481e4a4c3e42ca5148e826a140e2aa02964aca8636dd8,168,8
34.0,5215.0,1,384,1,STRAWBERRY,delay,adaptive_replay,0.0,34.0,34.0,0,217,5249.0,3c41010de37114c082d481e4a4c3e42ca5148e826a140e2aa02964aca8636dd8,336,3
40.0,5215.0,1,408,2,STRAWBERRY,delay,adaptive_replay,0.0,40.0,378.0,0,217,5255.0,3c41010de37114c082d481e4a4c3e42ca5148e826a140e2aa02964aca8636dd8,384,9
340.0,5215.0,1,240,0,WOOL,delay,adaptive_replay,2062.0,2402.0,136.0,1,217,5555.0,3c41010de37114c082d481e4a4c3e42ca5148e826a140e2aa02964aca8636dd8,168,8
34.0,5215.0,1,384,1,STRAWBERRY,delay,adaptive_replay,0.0,34.0,34.0,1,217,5249.0,3c41010de37114c082d481e4a4c3e42ca5148e826a140e2aa02964aca8636dd8,336,3
40.0,5215.0,1,408,2,STRAWBERRY,delay,adaptive_replay,0.0,40.0,392.0,1,217,5255.0,3c41010de37114c082d481e4a4c3e42ca5148e826a140e2aa02964aca8636dd8,384,9
-5036.0,10710.0,1,240,0,WOOL,delay,adaptive_replay,-4073.0,-9109.0,105.0,0,317,5674.0,3c41010de37114c082d481e4a4c3e42ca5148e826a140e2aa02964aca8636dd8,168,8
50.0,10710.0,1,384,1,STRAWBERRY,delay,adaptive_replay,0.0,50.0,36.0,0,317,10760.0,3c41010de37114c082d481e4a4c3e42ca5148e826a140e2aa02964aca8636dd8,336,3
51.0,10710.0,1,408,2,STRAWBERRY,delay,adaptive_replay,5.0,56.0,397.0,0,317,10761.0,3c41010de37114c082d481e4a4c3e42ca5148e826a140e2aa02964aca8636dd8,384,9
-5036.0,10710.0,1,240,0,WOOL,delay,adaptive_replay,-4073.0,-9109.0,105.0,1,317,5674.0,3c41010de37114c082d481e4a4c3e42ca5148e826a140e2aa02964aca8636dd8,168,8
50.0,10710.0,1,384,1,STRAWBERRY,delay,adaptive_replay,0.0,50.0,36.0,1,317,10760.0,3c41010de37114c082d481e4a4c3e42ca5148e826a140e2aa02964aca8636dd8,336,3
51.0,10710.0,1,408,2,STRAWBERRY,delay,adaptive_replay,5.0,56.0,397.0,1,317,10761.0,3c41010de37114c082d481e4a4c3e42ca5148e826a140e2aa02964aca8636dd8,384,9
-1922.0,7206.0,1,240,0,WOOL,delay,adaptive_replay,240.0,-1682.0,113.0,0,733,5284.0,3c41010de37114c082d481e4a4c3e42ca5148e826a140e2aa02964aca8636dd8,168,8
34.0,7206.0,1,384,1,STRAWBERRY,delay,adaptive_replay,0.0,34.0,34.0,0,733,7240.0,3c41010de37114c082d481e4a4c3e42ca5148e826a140e2aa02964aca8636dd8,336,3
40.0,7206.0,1,408,2,STRAWBERRY,delay,adaptive_replay,0.0,40.0,347.0,0,733,7246.0,3c41010de37114c082d481e4a4c3e42ca5148e826a140e2aa02964aca8636dd8,384,9
-1922.0,7206.0,1,240,0,WOOL,delay,adaptive_replay,240.0,-1682.0,136.0,1,733,5284.0,3c41010de37114c082d481e4a4c3e42ca5148e826a140e2aa02964aca8636dd8,168,8
34.0,7206.0,1,384,1,STRAWBERRY,delay,adaptive_replay,0.0,34.0,34.0,1,733,7240.0,3c41010de37114c082d481e4a4c3e42ca5148e826a140e2aa02964aca8636dd8,336,3
40.0,7206.0,1,408,2,STRAWBERRY,delay,adaptive_replay,0.0,40.0,352.0,1,733,7246.0,3c41010de37114c082d481e4a4c3e42ca5148e826a140e2aa02964aca8636dd8,384,9
-41008.0,9759.0,1,240,0,WOOL,delay,frontier_current,57452.0,16444.0,354.0,0,17,-31249.0,c3be7447f79a1c4e0a9fa537b9fbd2eb7ae1a199a09690e7dfdc15da1cb0b5a4,168,8
34.0,9759.0,1,384,1,STRAWBERRY,delay,frontier_current,0.0,34.0,143.0,0,17,9793.0,c3be7447f79a1c4e0a9fa537b9fbd2eb7ae1a199a09690e7dfdc15da1cb0b5a4,336,3
-32236.0,9759.0,1,240,0,WOOL,delay,frontier_current,55290.0,23054.0,313.0,1,17,-22477.0,c3be7447f79a1c4e0a9fa537b9fbd2eb7ae1a199a09690e7dfdc15da1cb0b5a4,168,8
34.0,9759.0,1,384,1,STRAWBERRY,delay,frontier_current,0.0,34.0,29.0,1,17,9793.0,c3be7447f79a1c4e0a9fa537b9fbd2eb7ae1a199a09690e7dfdc15da1cb0b5a4,336,3
1229.0,23855.0,1,240,0,WOOL,delay,frontier_current,-13206.0,-11977.0,54.0,0,42,25084.0,c3be7447f79a1c4e0a9fa537b9fbd2eb7ae1a199a09690e7dfdc15da1cb0b5a4,168,4
0.0,23855.0,1,381,1,WOOL,delay,frontier_current,0.0,0.0,17.0,0,42,23855.0,c3be7447f79a1c4e0a9fa537b9fbd2eb7ae1a199a09690e7dfdc15da1cb0b5a4,312,3
28.0,23855.0,1,408,2,STRAWBERRY,delay,frontier_current,9.0,37.0,178.0,0,42,23883.0,c3be7447f79a1c4e0a9fa537b9fbd2eb7ae1a199a09690e7dfdc15da1cb0b5a4,384,7
1465.0,21984.0,1,240,0,WOOL,delay,frontier_current,-13591.0,-12126.0,54.0,1,42,23449.0,c3be7447f79a1c4e0a9fa537b9fbd2eb7ae1a199a09690e7dfdc15da1cb0b5a4,168,4
0.0,21984.0,1,381,1,WOOL,delay,frontier_current,0.0,0.0,17.0,1,42,21984.0,c3be7447f79a1c4e0a9fa537b9fbd2eb7ae1a199a09690e7dfdc15da1cb0b5a4,312,3
-1.0,21984.0,1,432,2,STRAWBERRY,delay,frontier_current,4.0,3.0,40.0,1,42,21983.0,c3be7447f79a1c4e0a9fa537b9fbd2eb7ae1a199a09690e7dfdc15da1cb0b5a4,408,1
1057.0,20615.0,1,240,0,WOOL,delay,frontier_current,-9176.0,-8119.0,54.0,0,2026,21672.0,c3be7447f79a1c4e0a9fa537b9fbd2eb7ae1a199a09690e7dfdc15da1cb0b5a4,168,4
0.0,20615.0,1,381,1,WOOL,delay,frontier_current,0.0,0.0,22.0,0,2026,20615.0,c3be7447f79a1c4e0a9fa537b9fbd2eb7ae1a199a09690e7dfdc15da1cb0b5a4,312,3
39.0,20615.0,1,408,2,STRAWBERRY,delay,frontier_current,9.0,48.0,129.0,0,2026,20654.0,c3be7447f79a1c4e0a9fa537b9fbd2eb7ae1a199a09690e7dfdc15da1cb0b5a4,384,7
934.0,18938.0,1,240,0,WOOL,delay,frontier_current,-8421.0,-7487.0,54.0,1,2026,19872.0,c3be7447f79a1c4e0a9fa537b9fbd2eb7ae1a199a09690e7dfdc15da1cb0b5a4,168,4
0.0,18938.0,1,381,1,WOOL,delay,frontier_current,0.0,0.0,22.0,1,2026,18938.0,c3be7447f79a1c4e0a9fa537b9fbd2eb7ae1a199a09690e7dfdc15da1cb0b5a4,312,3
0.0,18938.0,1,432,2,STRAWBERRY,delay,frontier_current,0.0,0.0,44.0,1,2026,18938.0,c3be7447f79a1c4e0a9fa537b9fbd2eb7ae1a199a09690e7dfdc15da1cb0b5a4,408,1
-3170.0,8865.0,1,240,0,WOOL,delay,frontier_current,21649.0,18479.0,107.0,0,217,5695.0,c3be7447f79a1c4e0a9fa537b9fbd2eb7ae1a199a09690e7dfdc15da1cb0b5a4,168,8
26.0,8865.0,1,384,1,STRAWBERRY,delay,frontier_current,0.0,26.0,11.0,0,217,8891.0,c3be7447f79a1c4e0a9fa537b9fbd2eb7ae1a199a09690e7dfdc15da1cb0b5a4,336,3
-101.0,8865.0,1,408,2,STRAWBERRY,delay,frontier_current,64.0,-37.0,330.0,0,217,8764.0,c3be7447f79a1c4e0a9fa537b9fbd2eb7ae1a199a09690e7dfdc15da1cb0b5a4,384,9
-3217.0,8879.0,1,240,0,WOOL,delay,frontier_current,21687.0,18470.0,107.0,1,217,5662.0,c3be7447f79a1c4e0a9fa537b9fbd2eb7ae1a199a09690e7dfdc15da1cb0b5a4,168,8
26.0,8879.0,1,384,1,STRAWBERRY,delay,frontier_current,0.0,26.0,11.0,1,217,8905.0,c3be7447f79a1c4e0a9fa537b9fbd2eb7ae1a199a09690e7dfdc15da1cb0b5a4,336,3
-101.0,8879.0,1,408,2,STRAWBERRY,delay,frontier_current,64.0,-37.0,330.0,1,217,8778.0,c3be7447f79a1c4e0a9fa537b9fbd2eb7ae1a199a09690e7dfdc15da1cb0b5a4,384,9
-4087.0,14399.0,1,240,0,WOOL,delay,frontier_current,-556.0,-4643.0,103.0,0,317,10312.0,c3be7447f79a1c4e0a9fa537b9fbd2eb7ae1a199a09690e7dfdc15da1cb0b5a4,168,8
62.0,14399.0,1,377,1,MILK,delay,frontier_current,0.0,62.0,62.0,0,317,14461.0,c3be7447f79a1c4e0a9fa537b9fbd2eb7ae1a199a09690e7dfdc15da1cb0b5a4,360,5
17.0,14399.0,1,408,2,STRAWBERRY,delay,frontier_current,14.0,31.0,256.0,0,317,14416.0,c3be7447f79a1c4e0a9fa537b9fbd2eb7ae1a199a09690e7dfdc15da1cb0b5a4,384,7
-4144.0,14497.0,1,240,0,WOOL,delay,frontier_current,-501.0,-4645.0,103.0,1,317,10353.0,c3be7447f79a1c4e0a9fa537b9fbd2eb7ae1a199a09690e7dfdc15da1cb0b5a4,168,8
62.0,14497.0,1,377,1,MILK,delay,frontier_current,0.0,62.0,62.0,1,317,14559.0,c3be7447f79a1c4e0a9fa537b9fbd2eb7ae1a199a09690e7dfdc15da1cb0b5a4,360,5
17.0,14497.0,1,408,2,STRAWBERRY,delay,frontier_current,14.0,31.0,256.0,1,317,14514.0,c3be7447f79a1c4e0a9fa537b9fbd2eb7ae1a199a09690e7dfdc15da1cb0b5a4,384,7
-2312.0,28006.0,1,240,0,WOOL,delay,frontier_current,38838.0,36526.0,54.0,0,733,25694.0,c3be7447f79a1c4e0a9fa537b9fbd2eb7ae1a199a09690e7dfdc15da1cb0b5a4,168,4
0.0,28006.0,1,381,1,WOOL,delay,frontier_current,0.0,0.0,15.0,0,733,28006.0,c3be7447f79a1c4e0a9fa537b9fbd2eb7ae1a199a09690e7dfdc15da1cb0b5a4,312,3
-3.0,28006.0,1,408,2,STRAWBERRY,delay,frontier_current,13.0,10.0,202.0,0,733,28003.0,c3be7447f79a1c4e0a9fa537b9fbd2eb7ae1a199a09690e7dfdc15da1cb0b5a4,384,7
-3081.0,28727.0,1,240,0,WOOL,delay,frontier_current,40696.0,37615.0,54.0,1,733,25646.0,c3be7447f79a1c4e0a9fa537b9fbd2eb7ae1a199a09690e7dfdc15da1cb0b5a4,168,4
0.0,28727.0,1,381,1,WOOL,delay,frontier_current,0.0,0.0,15.0,1,733,28727.0,c3be7447f79a1c4e0a9fa537b9fbd2eb7ae1a199a09690e7dfdc15da1cb0b5a4,312,3
-3.0,28727.0,1,408,2,STRAWBERRY,delay,frontier_current,13.0,10.0,202.0,1,733,28724.0,c3be7447f79a1c4e0a9fa537b9fbd2eb7ae1a199a09690e7dfdc15da1cb0b5a4,384,7
-18816.0,8206.0,1,240,0,WOOL,delay,strong_barnyard,4357.0,-14459.0,315.0,0,17,-10610.0,997e6bfc5234534e246e945bc61c87858ebf997ab85b0a5c9427dd4ed710f1b6,168,8
41.0,8206.0,1,384,1,STRAWBERRY,delay,strong_barnyard,0.0,41.0,41.0,0,17,8247.0,997e6bfc5234534e246e945bc61c87858ebf997ab85b0a5c9427dd4ed710f1b6,336,3
31.0,8206.0,1,408,2,STRAWBERRY,delay,strong_barnyard,7.0,38.0,345.0,0,17,8237.0,997e6bfc5234534e246e945bc61c87858ebf997ab85b0a5c9427dd4ed710f1b6,384,9
-18816.0,8206.0,1,240,0,WOOL,delay,strong_barnyard,4357.0,-14459.0,315.0,1,17,-10610.0,997e6bfc5234534e246e945bc61c87858ebf997ab85b0a5c9427dd4ed710f1b6,168,8
41.0,8206.0,1,384,1,STRAWBERRY,delay,strong_barnyard,0.0,41.0,41.0,1,17,8247.0,997e6bfc5234534e246e945bc61c87858ebf997ab85b0a5c9427dd4ed710f1b6,336,3
31.0,8206.0,1,408,2,STRAWBERRY,delay,strong_barnyard,7.0,38.0,386.0,1,17,8237.0,997e6bfc5234534e246e945bc61c87858ebf997ab85b0a5c9427dd4ed710f1b6,384,9
106.0,16346.0,1,311,0,WOOL,delay,strong_barnyard,0.0,106.0,178.0,0,42,16452.0,997e6bfc5234534e246e945bc61c87858ebf997ab85b0a5c9427dd4ed710f1b6,240,8
37.0,16346.0,1,384,1,STRAWBERRY,delay,strong_barnyard,0.0,37.0,31.0,0,42,16383.0,997e6bfc5234534e246e945bc61c87858ebf997ab85b0a5c9427dd4ed710f1b6,336,3
-59.0,16346.0,1,408,2,STRAWBERRY,delay,strong_barnyard,50.0,-9.0,256.0,0,42,16287.0,997e6bfc5234534e246e945bc61c87858ebf997ab85b0a5c9427dd4ed710f1b6,384,9
106.0,16346.0,1,311,0,WOOL,delay,strong_barnyard,0.0,106.0,178.0,1,42,16452.0,997e6bfc5234534e246e945bc61c87858ebf997ab85b0a5c9427dd4ed710f1b6,240,8
37.0,16346.0,1,384,1,STRAWBERRY,delay,strong_barnyard,0.0,37.0,31.0,1,42,16383.0,997e6bfc5234534e246e945bc61c87858ebf997ab85b0a5c9427dd4ed710f1b6,336,3
-59.0,16346.0,1,408,2,STRAWBERRY,delay,strong_barnyard,50.0,-9.0,362.0,1,42,16287.0,997e6bfc5234534e246e945bc61c87858ebf997ab85b0a5c9427dd4ed710f1b6,384,9
106.0,13091.0,1,311,0,WOOL,delay,strong_barnyard,0.0,106.0,178.0,0,2026,13197.0,997e6bfc5234534e246e945bc61c87858ebf997ab85b0a5c9427dd4ed710f1b6,240,8
45.0,13091.0,1,384,1,STRAWBERRY,delay,strong_barnyard,0.0,45.0,45.0,0,2026,13136.0,997e6bfc5234534e246e945bc61c87858ebf997ab85b0a5c9427dd4ed710f1b6,336,3
-58.0,13091.0,1,408,2,STRAWBERRY,delay,strong_barnyard,51.0,-7.0,361.0,0,2026,13033.0,997e6bfc5234534e246e945bc61c87858ebf997ab85b0a5c9427dd4ed710f1b6,384,9
106.0,13091.0,1,311,0,WOOL,delay,strong_barnyard,0.0,106.0,178.0,1,2026,13197.0,997e6bfc5234534e246e945bc61c87858ebf997ab85b0a5c9427dd4ed710f1b6,240,8
45.0,13091.0,1,384,1,STRAWBERRY,delay,strong_barnyard,0.0,45.0,45.0,1,2026,13136.0,997e6bfc5234534e246e945bc61c87858ebf997ab85b0a5c9427dd4ed710f1b6,336,3
-58.0,13091.0,1,408,2,STRAWBERRY,delay,strong_barnyard,51.0,-7.0,369.0,1,2026,13033.0,997e6bfc5234534e246e945bc61c87858ebf997ab85b0a5c9427dd4ed710f1b6,384,9
340.0,5215.0,1,240,0,WOOL,delay,strong_barnyard,2062.0,2402.0,113.0,0,217,5555.0,997e6bfc5234534e246e945bc61c87858ebf997ab85b0a5c9427dd4ed710f1b6,168,8
34.0,5215.0,1,384,1,STRAWBERRY,delay,strong_barnyard,0.0,34.0,34.0,0,217,5249.0,997e6bfc5234534e246e945bc61c87858ebf997ab85b0a5c9427dd4ed710f1b6,336,3
40.0,5215.0,1,408,2,STRAWBERRY,delay,strong_barnyard,0.0,40.0,378.0,0,217,5255.0,997e6bfc5234534e246e945bc61c87858ebf997ab85b0a5c9427dd4ed710f1b6,384,9
340.0,5215.0,1,240,0,WOOL,delay,strong_barnyard,2062.0,2402.0,136.0,1,217,5555.0,997e6bfc5234534e246e945bc61c87858ebf997ab85b0a5c9427dd4ed710f1b6,168,8
34.0,5215.0,1,384,1,STRAWBERRY,delay,strong_barnyard,0.0,34.0,34.0,1,217,5249.0,997e6bfc5234534e246e945bc61c87858ebf997ab85b0a5c9427dd4ed710f1b6,336,3
40.0,5215.0,1,408,2,STRAWBERRY,delay,strong_barnyard,0.0,40.0,392.0,1,217,5255.0,997e6bfc5234534e246e945bc61c87858ebf997ab85b0a5c9427dd4ed710f1b6,384,9
-5036.0,10710.0,1,240,0,WOOL,delay,strong_barnyard,-4073.0,-9109.0,105.0,0,317,5674.0,997e6bfc5234534e246e945bc61c87858ebf997ab85b0a5c9427dd4ed710f1b6,168,8
50.0,10710.0,1,384,1,STRAWBERRY,delay,strong_barnyard,0.0,50.0,36.0,0,317,10760.0,997e6bfc5234534e246e945bc61c87858ebf997ab85b0a5c9427dd4ed710f1b6,336,3
51.0,10710.0,1,408,2,STRAWBERRY,delay,strong_barnyard,5.0,56.0,397.0,0,317,10761.0,997e6bfc5234534e246e945bc61c87858ebf997ab85b0a5c9427dd4ed710f1b6,384,9
-5036.0,10710.0,1,240,0,WOOL,delay,strong_barnyard,-4073.0,-9109.0,105.0,1,317,5674.0,997e6bfc5234534e246e945bc61c87858ebf997ab85b0a5c9427dd4ed710f1b6,168,8
50.0,10710.0,1,384,1,STRAWBERRY,delay,strong_barnyard,0.0,50.0,36.0,1,317,10760.0,997e6bfc5234534e246e945bc61c87858ebf997ab85b0a5c9427dd4ed710f1b6,336,3
51.0,10710.0,1,408,2,STRAWBERRY,delay,strong_barnyard,5.0,56.0,397.0,1,317,10761.0,997e6bfc5234534e246e945bc61c87858ebf997ab85b0a5c9427dd4ed710f1b6,384,9
-1922.0,7206.0,1,240,0,WOOL,delay,strong_barnyard,240.0,-1682.0,113.0,0,733,5284.0,997e6bfc5234534e246e945bc61c87858ebf997ab85b0a5c9427dd4ed710f1b6,168,8
34.0,7206.0,1,384,1,STRAWBERRY,delay,strong_barnyard,0.0,34.0,34.0,0,733,7240.0,997e6bfc5234534e246e945bc61c87858ebf997ab85b0a5c9427dd4ed710f1b6,336,3
40.0,7206.0,1,408,2,STRAWBERRY,delay,strong_barnyard,0.0,40.0,347.0,0,733,7246.0,997e6bfc5234534e246e945bc61c87858ebf997ab85b0a5c9427dd4ed710f1b6,384,9
-1922.0,7206.0,1,240,0,WOOL,delay,strong_barnyard,240.0,-1682.0,136.0,1,733,5284.0,997e6bfc5234534e246e945bc61c87858ebf997ab85b0a5c9427dd4ed710f1b6,168,8
34.0,7206.0,1,384,1,STRAWBERRY,delay,strong_barnyard,0.0,34.0,34.0,1,733,7240.0,997e6bfc5234534e246e945bc61c87858ebf997ab85b0a5c9427dd4ed710f1b6,336,3
40.0,7206.0,1,408,2,STRAWBERRY,delay,strong_barnyard,0.0,40.0,352.0,1,733,7246.0,997e6bfc5234534e246e945bc61c87858ebf997ab85b0a5c9427dd4ed710f1b6,384,9
-42829.0,10167.0,1,240,0,WOOL,delay,high_score_pipeline,59212.0,16383.0,335.0,0,17,-32662.0,ed8c8420514acb5a96c0d44cfd42a8786e49c7cdc01a0de61d2e6b8997dda87a,168,8
34.0,10167.0,1,384,1,STRAWBERRY,delay,high_score_pipeline,0.0,34.0,152.0,0,17,10201.0,ed8c8420514acb5a96c0d44cfd42a8786e49c7cdc01a0de61d2e6b8997dda87a,336,3
-33990.0,10167.0,1,240,0,WOOL,delay,high_score_pipeline,56999.0,23009.0,300.0,1,17,-23823.0,ed8c8420514acb5a96c0d44cfd42a8786e49c7cdc01a0de61d2e6b8997dda87a,168,8
34.0,10167.0,1,384,1,STRAWBERRY,delay,high_score_pipeline,0.0,34.0,29.0,1,17,10201.0,ed8c8420514acb5a96c0d44cfd42a8786e49c7cdc01a0de61d2e6b8997dda87a,336,3
-3989.0,29948.0,1,240,0,WOOL,delay,high_score_pipeline,-19651.0,-23640.0,48.0,0,42,25959.0,ed8c8420514acb5a96c0d44cfd42a8786e49c7cdc01a0de61d2e6b8997dda87a,168,4
355.0,29948.0,1,408,1,STRAWBERRY,delay,high_score_pipeline,-568.0,-213.0,239.0,0,42,30303.0,ed8c8420514acb5a96c0d44cfd42a8786e49c7cdc01a0de61d2e6b8997dda87a,384,7
0.0,29948.0,1,432,2,STRAWBERRY,delay,high_score_pipeline,0.0,0.0,185.0,0,42,29948.0,ed8c8420514acb5a96c0d44cfd42a8786e49c7cdc01a0de61d2e6b8997dda87a,408,5
-3291.0,28110.0,1,240,0,WOOL,delay,high_score_pipeline,-20578.0,-23869.0,48.0,1,42,24819.0,ed8c8420514acb5a96c0d44cfd42a8786e49c7cdc01a0de61d2e6b8997dda87a,168,4
1.0,28110.0,1,432,1,STRAWBERRY,delay,high_score_pipeline,3.0,4.0,40.0,1,42,28111.0,ed8c8420514acb5a96c0d44cfd42a8786e49c7cdc01a0de61d2e6b8997dda87a,408,1
0.0,28110.0,1,455,2,MILK,delay,high_score_pipeline,0.0,0.0,265.0,1,42,28110.0,ed8c8420514acb5a96c0d44cfd42a8786e49c7cdc01a0de61d2e6b8997dda87a,432,5
-12197.0,26287.0,1,240,0,WOOL,delay,high_score_pipeline,19498.0,7301.0,48.0,0,2026,14090.0,ed8c8420514acb5a96c0d44cfd42a8786e49c7cdc01a0de61d2e6b8997dda87a,168,4
47.0,26287.0,1,384,1,STRAWBERRY,delay,high_score_pipeline,0.0,47.0,33.0,0,2026,26334.0,ed8c8420514acb5a96c0d44cfd42a8786e49c7cdc01a0de61d2e6b8997dda87a,336,3
56.0,26287.0,1,408,2,STRAWBERRY,delay,high_score_pipeline,0.0,56.0,377.0,0,2026,26343.0,ed8c8420514acb5a96c0d44cfd42a8786e49c7cdc01a0de61d2e6b8997dda87a,384,9
-12653.0,24713.0,1,240,0,WOOL,delay,high_score_pipeline,19776.0,7123.0,48.0,1,2026,12060.0,ed8c8420514acb5a96c0d44cfd42a8786e49c7cdc01a0de61d2e6b8997dda87a,168,4
47.0,24713.0,1,384,1,STRAWBERRY,delay,high_score_pipeline,0.0,47.0,33.0,1,2026,24760.0,ed8c8420514acb5a96c0d44cfd42a8786e49c7cdc01a0de61d2e6b8997dda87a,336,3
0.0,24713.0,1,432,2,STRAWBERRY,delay,high_score_pipeline,0.0,0.0,47.0,1,2026,24713.0,ed8c8420514acb5a96c0d44cfd42a8786e49c7cdc01a0de61d2e6b8997dda87a,408,1
-3503.0,9829.0,1,240,0,WOOL,delay,high_score_pipeline,21929.0,18426.0,109.0,0,217,6326.0,ed8c8420514acb5a96c0d44cfd42a8786e49c7cdc01a0de61d2e6b8997dda87a,168,8
26.0,9829.0,1,384,1,STRAWBERRY,delay,high_score_pipeline,0.0,26.0,11.0,0,217,9855.0,ed8c8420514acb5a96c0d44cfd42a8786e49c7cdc01a0de61d2e6b8997dda87a,336,3
-2.0,9829.0,1,408,2,STRAWBERRY,delay,high_score_pipeline,14.0,12.0,337.0,0,217,9827.0,ed8c8420514acb5a96c0d44cfd42a8786e49c7cdc01a0de61d2e6b8997dda87a,384,9
-3480.0,9749.0,1,240,0,WOOL,delay,high_score_pipeline,21866.0,18386.0,109.0,1,217,6269.0,ed8c8420514acb5a96c0d44cfd42a8786e49c7cdc01a0de61d2e6b8997dda87a,168,8
26.0,9749.0,1,384,1,STRAWBERRY,delay,high_score_pipeline,0.0,26.0,11.0,1,217,9775.0,ed8c8420514acb5a96c0d44cfd42a8786e49c7cdc01a0de61d2e6b8997dda87a,336,3
-2.0,9749.0,1,408,2,STRAWBERRY,delay,high_score_pipeline,14.0,12.0,367.0,1,217,9747.0,ed8c8420514acb5a96c0d44cfd42a8786e49c7cdc01a0de61d2e6b8997dda87a,384,9
-4357.0,14064.0,1,240,0,WOOL,delay,high_score_pipeline,-309.0,-4666.0,92.0,0,317,9707.0,ed8c8420514acb5a96c0d44cfd42a8786e49c7cdc01a0de61d2e6b8997dda87a,168,8
45.0,14064.0,1,408,1,STRAWBERRY,delay,high_score_pipeline,0.0,45.0,281.0,0,317,14109.0,ed8c8420514acb5a96c0d44cfd42a8786e49c7cdc01a0de61d2e6b8997dda87a,384,7
0.0,14064.0,1,432,2,STRAWBERRY,delay,high_score_pipeline,0.0,0.0,148.0,0,317,14064.0,ed8c8420514acb5a96c0d44cfd42a8786e49c7cdc01a0de61d2e6b8997dda87a,408,5
-4421.0,14164.0,1,240,0,WOOL,delay,high_score_pipeline,-251.0,-4672.0,92.0,1,317,9743.0,ed8c8420514acb5a96c0d44cfd42a8786e49c7cdc01a0de61d2e6b8997dda87a,168,8
45.0,14164.0,1,408,1,STRAWBERRY,delay,high_score_pipeline,0.0,45.0,281.0,1,317,14209.0,ed8c8420514acb5a96c0d44cfd42a8786e49c7cdc01a0de61d2e6b8997dda87a,384,7
0.0,14164.0,1,432,2,STRAWBERRY,delay,high_score_pipeline,0.0,0.0,148.0,1,317,14164.0,ed8c8420514acb5a96c0d44cfd42a8786e49c7cdc01a0de61d2e6b8997dda87a,408,5
279.0,27315.0,1,240,0,WOOL,delay,high_score_pipeline,24183.0,24462.0,48.0,0,733,27594.0,ed8c8420514acb5a96c0d44cfd42a8786e49c7cdc01a0de61d2e6b8997dda87a,168,4
0.0,27315.0,1,384,1,STRAWBERRY,delay,high_score_pipeline,0.0,0.0,23.0,0,733,27315.0,ed8c8420514acb5a96c0d44cfd42a8786e49c7cdc01a0de61d2e6b8997dda87a,336,3
4.0,27315.0,1,408,2,STRAWBERRY,delay,high_score_pipeline,9.0,13.0,345.0,0,733,27319.0,ed8c8420514acb5a96c0d44cfd42a8786e49c7cdc01a0de61d2e6b8997dda87a,384,9
360.0,27717.0,1,240,0,WOOL,delay,high_score_pipeline,15654.0,16014.0,48.0,1,733,28077.0,ed8c8420514acb5a96c0d44cfd42a8786e49c7cdc01a0de61d2e6b8997dda87a,168,4
0.0,27717.0,1,384,1,STRAWBERRY,delay,high_score_pipeline,0.0,0.0,23.0,1,733,27717.0,ed8c8420514acb5a96c0d44cfd42a8786e49c7cdc01a0de61d2e6b8997dda87a,336,3
4.0,27717.0,1,408,2,STRAWBERRY,delay,high_score_pipeline,9.0,13.0,344.0,1,733,27721.0,ed8c8420514acb5a96c0d44cfd42a8786e49c7cdc01a0de61d2e6b8997dda87a,384,9
-39829.0,10337.0,1,240,0,WOOL,delay,hamburger,56519.0,16690.0,335.0,0,17,-29492.0,00e8ab594a39779e808dd351d0973260f4c90ddc1370e684fa46eaa184ae4546,168,8
34.0,10337.0,1,384,1,STRAWBERRY,delay,hamburger,0.0,34.0,152.0,0,17,10371.0,00e8ab594a39779e808dd351d0973260f4c90ddc1370e684fa46eaa184ae4546,336,3
-30685.0,10337.0,1,240,0,WOOL,delay,hamburger,54128.0,23443.0,300.0,1,17,-20348.0,00e8ab594a39779e808dd351d0973260f4c90ddc1370e684fa46eaa184ae4546,168,8
34.0,10337.0,1,384,1,STRAWBERRY,delay,hamburger,0.0,34.0,29.0,1,17,10371.0,00e8ab594a39779e808dd351d0973260f4c90ddc1370e684fa46eaa184ae4546,336,3
2364.0,26702.0,1,240,0,WOOL,delay,hamburger,-19034.0,-16670.0,48.0,0,42,29066.0,00e8ab594a39779e808dd351d0973260f4c90ddc1370e684fa46eaa184ae4546,168,4
41.0,26702.0,1,384,1,STRAWBERRY,delay,hamburger,0.0,41.0,23.0,0,42,26743.0,00e8ab594a39779e808dd351d0973260f4c90ddc1370e684fa46eaa184ae4546,336,3
307.0,26702.0,1,408,2,STRAWBERRY,delay,hamburger,-494.0,-187.0,358.0,0,42,27009.0,00e8ab594a39779e808dd351d0973260f4c90ddc1370e684fa46eaa184ae4546,384,9
912.0,24784.0,1,240,0,WOOL,delay,hamburger,-15390.0,-14478.0,48.0,1,42,25696.0,00e8ab594a39779e808dd351d0973260f4c90ddc1370e684fa46eaa184ae4546,168,4
41.0,24784.0,1,384,1,STRAWBERRY,delay,hamburger,0.0,41.0,23.0,1,42,24825.0,00e8ab594a39779e808dd351d0973260f4c90ddc1370e684fa46eaa184ae4546,336,3
4.0,24784.0,1,432,2,STRAWBERRY,delay,hamburger,1.0,5.0,45.0,1,42,24788.0,00e8ab594a39779e808dd351d0973260f4c90ddc1370e684fa46eaa184ae4546,408,1
-10411.0,21931.0,1,240,0,WOOL,delay,hamburger,19248.0,8837.0,48.0,0,2026,11520.0,00e8ab594a39779e808dd351d0973260f4c90ddc1370e684fa46eaa184ae4546,168,4
47.0,21931.0,1,384,1,STRAWBERRY,delay,hamburger,0.0,47.0,33.0,0,2026,21978.0,00e8ab594a39779e808dd351d0973260f4c90ddc1370e684fa46eaa184ae4546,336,3
56.0,21931.0,1,408,2,STRAWBERRY,delay,hamburger,0.0,56.0,332.0,0,2026,21987.0,00e8ab594a39779e808dd351d0973260f4c90ddc1370e684fa46eaa184ae4546,384,9
-8702.0,20235.0,1,240,0,WOOL,delay,hamburger,18465.0,9763.0,48.0,1,2026,11533.0,00e8ab594a39779e808dd351d0973260f4c90ddc1370e684fa46eaa184ae4546,168,4
47.0,20235.0,1,384,1,STRAWBERRY,delay,hamburger,0.0,47.0,33.0,1,2026,20282.0,00e8ab594a39779e808dd351d0973260f4c90ddc1370e684fa46eaa184ae4546,336,3
56.0,20235.0,1,408,2,STRAWBERRY,delay,hamburger,0.0,56.0,376.0,1,2026,20291.0,00e8ab594a39779e808dd351d0973260f4c90ddc1370e684fa46eaa184ae4546,384,9
-2413.0,9544.0,1,240,0,WOOL,delay,hamburger,21847.0,19434.0,109.0,0,217,7131.0,00e8ab594a39779e808dd351d0973260f4c90ddc1370e684fa46eaa184ae4546,168,8
26.0,9544.0,1,384,1,STRAWBERRY,delay,hamburger,0.0,26.0,11.0,0,217,9570.0,00e8ab594a39779e808dd351d0973260f4c90ddc1370e684fa46eaa184ae4546,336,3
-10.0,9544.0,1,408,2,STRAWBERRY,delay,hamburger,18.0,8.0,329.0,0,217,9534.0,00e8ab594a39779e808dd351d0973260f4c90ddc1370e684fa46eaa184ae4546,384,9
-2362.0,9419.0,1,240,0,WOOL,delay,hamburger,21811.0,19449.0,109.0,1,217,7057.0,00e8ab594a39779e808dd351d0973260f4c90ddc1370e684fa46eaa184ae4546,168,8
26.0,9419.0,1,384,1,STRAWBERRY,delay,hamburger,0.0,26.0,11.0,1,217,9445.0,00e8ab594a39779e808dd351d0973260f4c90ddc1370e684fa46eaa184ae4546,336,3
-10.0,9419.0,1,408,2,STRAWBERRY,delay,hamburger,18.0,8.0,373.0,1,217,9409.0,00e8ab594a39779e808dd351d0973260f4c90ddc1370e684fa46eaa184ae4546,384,9
-4012.0,14982.0,1,240,0,WOOL,delay,hamburger,-581.0,-4593.0,92.0,0,317,10970.0,00e8ab594a39779e808dd351d0973260f4c90ddc1370e684fa46eaa184ae4546,168,8
45.0,14982.0,1,408,1,STRAWBERRY,delay,hamburger,0.0,45.0,282.0,0,317,15027.0,00e8ab594a39779e808dd351d0973260f4c90ddc1370e684fa46eaa184ae4546,384,7
0.0,14982.0,1,432,2,STRAWBERRY,delay,hamburger,0.0,0.0,168.0,0,317,14982.0,00e8ab594a39779e808dd351d0973260f4c90ddc1370e684fa46eaa184ae4546,408,5
-4059.0,15066.0,1,240,0,WOOL,delay,hamburger,-531.0,-4590.0,92.0,1,317,11007.0,00e8ab594a39779e808dd351d0973260f4c90ddc1370e684fa46eaa184ae4546,168,8
45.0,15066.0,1,408,1,STRAWBERRY,delay,hamburger,0.0,45.0,282.0,1,317,15111.0,00e8ab594a39779e808dd351d0973260f4c90ddc1370e684fa46eaa184ae4546,384,7
0.0,15066.0,1,432,2,STRAWBERRY,delay,hamburger,0.0,0.0,168.0,1,317,15066.0,00e8ab594a39779e808dd351d0973260f4c90ddc1370e684fa46eaa184ae4546,408,5
598.0,30457.0,1,240,0,WOOL,delay,hamburger,23276.0,23874.0,48.0,0,733,31055.0,00e8ab594a39779e808dd351d0973260f4c90ddc1370e684fa46eaa184ae4546,168,4
0.0,30457.0,1,384,1,STRAWBERRY,delay,hamburger,0.0,0.0,23.0,0,733,30457.0,00e8ab594a39779e808dd351d0973260f4c90ddc1370e684fa46eaa184ae4546,336,3
22.0,30457.0,1,408,2,STRAWBERRY,delay,hamburger,0.0,22.0,365.0,0,733,30479.0,00e8ab594a39779e808dd351d0973260f4c90ddc1370e684fa46eaa184ae4546,384,9
1172.0,30782.0,1,240,0,WOOL,delay,hamburger,15000.0,16172.0,48.0,1,733,31954.0,00e8ab594a39779e808dd351d0973260f4c90ddc1370e684fa46eaa184ae4546,168,4
0.0,30782.0,1,384,1,STRAWBERRY,delay,hamburger,0.0,0.0,23.0,1,733,30782.0,00e8ab594a39779e808dd351d0973260f4c90ddc1370e684fa46eaa184ae4546,336,3
22.0,30782.0,1,408,2,STRAWBERRY,delay,hamburger,0.0,22.0,344.0,1,733,30804.0,00e8ab594a39779e808dd351d0973260f4c90ddc1370e684fa46eaa184ae4546,384,9
-25640.0,10135.0,1,240,0,WOOL,delay,v13_r3,17292.0,-8348.0,348.0,0,17,-15505.0,6f52902081fed08bb5da08d575b796437e645c5320662b448b81eb079f185cfb,168,8
30.0,10135.0,1,384,1,STRAWBERRY,delay,v13_r3,-13.0,17.0,30.0,0,17,10165.0,6f52902081fed08bb5da08d575b796437e645c5320662b448b81eb079f185cfb,336,3
23.0,10135.0,1,408,2,STRAWBERRY,delay,v13_r3,0.0,23.0,164.0,0,17,10158.0,6f52902081fed08bb5da08d575b796437e645c5320662b448b81eb079f185cfb,384,4
-25640.0,10135.0,1,240,0,WOOL,delay,v13_r3,17292.0,-8348.0,348.0,1,17,-15505.0,6f52902081fed08bb5da08d575b796437e645c5320662b448b81eb079f185cfb,168,8
16.0,10135.0,1,377,1,MILK,delay,v13_r3,9.0,25.0,15.0,1,17,10151.0,6f52902081fed08bb5da08d575b796437e645c5320662b448b81eb079f185cfb,360,5
23.0,10135.0,1,408,2,STRAWBERRY,delay,v13_r3,0.0,23.0,173.0,1,17,10158.0,6f52902081fed08bb5da08d575b796437e645c5320662b448b81eb079f185cfb,384,7
2600.0,26314.0,1,240,0,WOOL,delay,v13_r3,13599.0,16199.0,47.0,0,42,28914.0,6f52902081fed08bb5da08d575b796437e645c5320662b448b81eb079f185cfb,168,4
31.0,26314.0,1,384,1,STRAWBERRY,delay,v13_r3,0.0,31.0,31.0,0,42,26345.0,6f52902081fed08bb5da08d575b796437e645c5320662b448b81eb079f185cfb,336,3
35.0,26314.0,1,408,2,STRAWBERRY,delay,v13_r3,0.0,35.0,345.0,0,42,26349.0,6f52902081fed08bb5da08d575b796437e645c5320662b448b81eb079f185cfb,384,9
2600.0,26314.0,1,240,0,WOOL,delay,v13_r3,13599.0,16199.0,47.0,1,42,28914.0,6f52902081fed08bb5da08d575b796437e645c5320662b448b81eb079f185cfb,168,4
31.0,26314.0,1,384,1,STRAWBERRY,delay,v13_r3,0.0,31.0,31.0,1,42,26345.0,6f52902081fed08bb5da08d575b796437e645c5320662b448b81eb079f185cfb,336,3
35.0,26314.0,1,408,2,STRAWBERRY,delay,v13_r3,0.0,35.0,345.0,1,42,26349.0,6f52902081fed08bb5da08d575b796437e645c5320662b448b81eb079f185cfb,384,9
5048.0,24417.0,1,240,0,WOOL,delay,v13_r3,-26357.0,-21309.0,47.0,0,2026,29465.0,6f52902081fed08bb5da08d575b796437e645c5320662b448b81eb079f185cfb,168,4
41.0,24417.0,1,384,1,STRAWBERRY,delay,v13_r3,0.0,41.0,28.0,0,2026,24458.0,6f52902081fed08bb5da08d575b796437e645c5320662b448b81eb079f185cfb,336,3
52.0,24417.0,1,408,2,STRAWBERRY,delay,v13_r3,0.0,52.0,316.0,0,2026,24469.0,6f52902081fed08bb5da08d575b796437e645c5320662b448b81eb079f185cfb,384,9
5752.0,23713.0,1,240,0,WOOL,delay,v13_r3,-26879.0,-21127.0,47.0,1,2026,29465.0,6f52902081fed08bb5da08d575b796437e645c5320662b448b81eb079f185cfb,168,4
41.0,23713.0,1,384,1,STRAWBERRY,delay,v13_r3,0.0,41.0,28.0,1,2026,23754.0,6f52902081fed08bb5da08d575b796437e645c5320662b448b81eb079f185cfb,336,3
52.0,23713.0,1,408,2,STRAWBERRY,delay,v13_r3,0.0,52.0,335.0,1,2026,23765.0,6f52902081fed08bb5da08d575b796437e645c5320662b448b81eb079f185cfb,384,9
-2732.0,12998.0,1,240,0,WOOL,delay,v13_r3,2202.0,-530.0,118.0,0,217,10266.0,6f52902081fed08bb5da08d575b796437e645c5320662b448b81eb079f185cfb,168,8
41.0,12998.0,1,384,1,STRAWBERRY,delay,v13_r3,0.0,41.0,41.0,0,217,13039.0,6f52902081fed08bb5da08d575b796437e645c5320662b448b81eb079f185cfb,336,3
45.0,12998.0,1,408,2,STRAWBERRY,delay,v13_r3,0.0,45.0,343.0,0,217,13043.0,6f52902081fed08bb5da08d575b796437e645c5320662b448b81eb079f185cfb,384,9
-2841.0,12998.0,1,240,0,WOOL,delay,v13_r3,3002.0,161.0,118.0,1,217,10157.0,6f52902081fed08bb5da08d575b796437e645c5320662b448b81eb079f185cfb,168,8
41.0,12998.0,1,384,1,STRAWBERRY,delay,v13_r3,0.0,41.0,41.0,1,217,13039.0,6f52902081fed08bb5da08d575b796437e645c5320662b448b81eb079f185cfb,336,3
45.0,12998.0,1,408,2,STRAWBERRY,delay,v13_r3,0.0,45.0,362.0,1,217,13043.0,6f52902081fed08bb5da08d575b796437e645c5320662b448b81eb079f185cfb,384,9
-2356.0,15897.0,1,240,0,WOOL,delay,v13_r3,523.0,-1833.0,95.0,0,317,13541.0,6f52902081fed08bb5da08d575b796437e645c5320662b448b81eb079f185cfb,168,8
43.0,15897.0,1,384,1,STRAWBERRY,delay,v13_r3,0.0,43.0,36.0,0,317,15940.0,6f52902081fed08bb5da08d575b796437e645c5320662b448b81eb079f185cfb,336,3
55.0,15897.0,1,408,2,STRAWBERRY,delay,v13_r3,0.0,55.0,349.0,0,317,15952.0,6f52902081fed08bb5da08d575b796437e645c5320662b448b81eb079f185cfb,384,9
-2356.0,15772.0,1,240,0,WOOL,delay,v13_r3,523.0,-1833.0,95.0,1,317,13416.0,6f52902081fed08bb5da08d575b796437e645c5320662b448b81eb079f185cfb,168,8
43.0,15772.0,1,384,1,STRAWBERRY,delay,v13_r3,0.0,43.0,36.0,1,317,15815.0,6f52902081fed08bb5da08d575b796437e645c5320662b448b81eb079f185cfb,336,3
55.0,15772.0,1,408,2,STRAWBERRY,delay,v13_r3,0.0,55.0,349.0,1,317,15827.0,6f52902081fed08bb5da08d575b796437e645c5320662b448b81eb079f185cfb,384,9
-3490.0,10355.0,1,240,0,WOOL,delay,v13_r3,-4579.0,-8069.0,118.0,0,733,6865.0,6f52902081fed08bb5da08d575b796437e645c5320662b448b81eb079f185cfb,168,8
40.0,10355.0,1,408,1,STRAWBERRY,delay,v13_r3,0.0,40.0,233.0,0,733,10395.0,6f52902081fed08bb5da08d575b796437e645c5320662b448b81eb079f185cfb,384,7
0.0,10355.0,1,455,2,MILK,delay,v13_r3,0.0,0.0,378.0,0,733,10355.0,6f52902081fed08bb5da08d575b796437e645c5320662b448b81eb079f185cfb,432,5
-3490.0,10355.0,1,240,0,WOOL,delay,v13_r3,-4579.0,-8069.0,118.0,1,733,6865.0,6f52902081fed08bb5da08d575b796437e645c5320662b448b81eb079f185cfb,168,8
40.0,10355.0,1,408,1,STRAWBERRY,delay,v13_r3,0.0,40.0,233.0,1,733,10395.0,6f52902081fed08bb5da08d575b796437e645c5320662b448b81eb079f185cfb,384,7
0.0,10355.0,1,455,2,MILK,delay,v13_r3,0.0,0.0,378.0,1,733,10355.0,6f52902081fed08bb5da08d575b796437e645c5320662b448b81eb079f185cfb,432,5
-322.0,14979.0,1,240,0,WOOL,delay,v21_1,387.0,65.0,133.0,0,17,14657.0,d9dc24ce5429ec628ead0621a160bee90725350683d7dfcc4686fcaf511f3aab,168,4
65.0,14979.0,1,311,1,WOOL,delay,v21_1,22.0,87.0,190.0,0,17,15044.0,d9dc24ce5429ec628ead0621a160bee90725350683d7dfcc4686fcaf511f3aab,240,10
39.0,14979.0,1,381,2,WOOL,delay,v21_1,7.0,46.0,41.0,0,17,15018.0,d9dc24ce5429ec628ead0621a160bee90725350683d7dfcc4686fcaf511f3aab,312,6
-23664.0,14979.0,1,240,0,WOOL,delay,v21_1,5493.0,-18171.0,348.0,1,17,-8685.0,d9dc24ce5429ec628ead0621a160bee90725350683d7dfcc4686fcaf511f3aab,168,8
28.0,14979.0,1,384,1,STRAWBERRY,delay,v21_1,0.0,28.0,26.0,1,17,15007.0,d9dc24ce5429ec628ead0621a160bee90725350683d7dfcc4686fcaf511f3aab,336,3
18.0,14979.0,1,408,2,STRAWBERRY,delay,v21_1,7.0,25.0,357.0,1,17,14997.0,d9dc24ce5429ec628ead0621a160bee90725350683d7dfcc4686fcaf511f3aab,384,9
37.0,33793.0,1,384,0,STRAWBERRY,delay,v21_1,0.0,37.0,31.0,0,42,33830.0,d9dc24ce5429ec628ead0621a160bee90725350683d7dfcc4686fcaf511f3aab,336,3
34.0,33793.0,1,408,1,STRAWBERRY,delay,v21_1,6.0,40.0,342.0,0,42,33827.0,d9dc24ce5429ec628ead0621a160bee90725350683d7dfcc4686fcaf511f3aab,384,9
0.0,33793.0,1,432,2,STRAWBERRY,delay,v21_1,0.0,0.0,215.0,0,42,33793.0,d9dc24ce5429ec628ead0621a160bee90725350683d7dfcc4686fcaf511f3aab,408,6
-9147.0,33793.0,1,240,0,WOOL,delay,v21_1,1764.0,-7383.0,47.0,1,42,24646.0,d9dc24ce5429ec628ead0621a160bee90725350683d7dfcc4686fcaf511f3aab,168,4
37.0,33793.0,1,384,1,STRAWBERRY,delay,v21_1,0.0,37.0,31.0,1,42,33830.0,d9dc24ce5429ec628ead0621a160bee90725350683d7dfcc4686fcaf511f3aab,336,3
34.0,33793.0,1,408,2,STRAWBERRY,delay,v21_1,6.0,40.0,331.0,1,42,33827.0,d9dc24ce5429ec628ead0621a160bee90725350683d7dfcc4686fcaf511f3aab,384,9
28.0,35079.0,1,384,0,STRAWBERRY,delay,v21_1,0.0,28.0,28.0,0,2026,35107.0,d9dc24ce5429ec628ead0621a160bee90725350683d7dfcc4686fcaf511f3aab,336,3
32.0,35079.0,1,408,1,STRAWBERRY,delay,v21_1,0.0,32.0,336.0,0,2026,35111.0,d9dc24ce5429ec628ead0621a160bee90725350683d7dfcc4686fcaf511f3aab,384,9
0.0,35079.0,1,432,2,STRAWBERRY,delay,v21_1,0.0,0.0,183.0,0,2026,35079.0,d9dc24ce5429ec628ead0621a160bee90725350683d7dfcc4686fcaf511f3aab,408,6
-14299.0,35047.0,1,240,0,WOOL,delay,v21_1,26553.0,12254.0,47.0,1,2026,20748.0,d9dc24ce5429ec628ead0621a160bee90725350683d7dfcc4686fcaf511f3aab,168,4
28.0,35047.0,1,384,1,STRAWBERRY,delay,v21_1,0.0,28.0,36.0,1,2026,35075.0,d9dc24ce5429ec628ead0621a160bee90725350683d7dfcc4686fcaf511f3aab,336,3
32.0,35047.0,1,408,2,STRAWBERRY,delay,v21_1,0.0,32.0,352.0,1,2026,35079.0,d9dc24ce5429ec628ead0621a160bee90725350683d7dfcc4686fcaf511f3aab,384,9
-3624.0,12532.0,1,240,0,WOOL,delay,v21_1,1562.0,-2062.0,85.0,0,217,8908.0,d9dc24ce5429ec628ead0621a160bee90725350683d7dfcc4686fcaf511f3aab,168,8
41.0,12532.0,1,384,1,STRAWBERRY,delay,v21_1,0.0,41.0,41.0,0,217,12573.0,d9dc24ce5429ec628ead0621a160bee90725350683d7dfcc4686fcaf511f3aab,336,3
37.0,12532.0,1,408,2,STRAWBERRY,delay,v21_1,4.0,41.0,294.0,0,217,12569.0,d9dc24ce5429ec628ead0621a160bee90725350683d7dfcc4686fcaf511f3aab,384,9
-3624.0,12532.0,1,240,0,WOOL,delay,v21_1,1562.0,-2062.0,118.0,1,217,8908.0,d9dc24ce5429ec628ead0621a160bee90725350683d7dfcc4686fcaf511f3aab,168,8
41.0,12532.0,1,384,1,STRAWBERRY,delay,v21_1,0.0,41.0,41.0,1,217,12573.0,d9dc24ce5429ec628ead0621a160bee90725350683d7dfcc4686fcaf511f3aab,336,3
37.0,12532.0,1,408,2,STRAWBERRY,delay,v21_1,4.0,41.0,302.0,1,217,12569.0,d9dc24ce5429ec628ead0621a160bee90725350683d7dfcc4686fcaf511f3aab,384,9
-1647.0,16584.0,1,240,0,WOOL,delay,v21_1,4213.0,2566.0,55.0,0,317,14937.0,d9dc24ce5429ec628ead0621a160bee90725350683d7dfcc4686fcaf511f3aab,168,8
43.0,16584.0,1,384,1,STRAWBERRY,delay,v21_1,0.0,43.0,36.0,0,317,16627.0,d9dc24ce5429ec628ead0621a160bee90725350683d7dfcc4686fcaf511f3aab,336,3
44.0,16584.0,1,408,2,STRAWBERRY,delay,v21_1,5.0,49.0,363.0,0,317,16628.0,d9dc24ce5429ec628ead0621a160bee90725350683d7dfcc4686fcaf511f3aab,384,9
-1771.0,16584.0,1,240,0,WOOL,delay,v21_1,4277.0,2506.0,95.0,1,317,14813.0,d9dc24ce5429ec628ead0621a160bee90725350683d7dfcc4686fcaf511f3aab,168,8
43.0,16584.0,1,384,1,STRAWBERRY,delay,v21_1,0.0,43.0,36.0,1,317,16627.0,d9dc24ce5429ec628ead0621a160bee90725350683d7dfcc4686fcaf511f3aab,336,3
44.0,16584.0,1,408,2,STRAWBERRY,delay,v21_1,5.0,49.0,375.0,1,317,16628.0,d9dc24ce5429ec628ead0621a160bee90725350683d7dfcc4686fcaf511f3aab,384,9
-2917.0,10501.0,1,240,0,WOOL,delay,v21_1,719.0,-2198.0,85.0,0,733,7584.0,d9dc24ce5429ec628ead0621a160bee90725350683d7dfcc4686fcaf511f3aab,168,8
34.0,10501.0,1,384,1,STRAWBERRY,delay,v21_1,0.0,34.0,34.0,0,733,10535.0,d9dc24ce5429ec628ead0621a160bee90725350683d7dfcc4686fcaf511f3aab,336,3
34.0,10501.0,1,408,2,STRAWBERRY,delay,v21_1,3.0,37.0,267.0,0,733,10535.0,d9dc24ce5429ec628ead0621a160bee90725350683d7dfcc4686fcaf511f3aab,384,9
-2917.0,10501.0,1,240,0,WOOL,delay,v21_1,719.0,-2198.0,118.0,1,733,7584.0,d9dc24ce5429ec628ead0621a160bee90725350683d7dfcc4686fcaf511f3aab,168,8
34.0,10501.0,1,384,1,STRAWBERRY,delay,v21_1,0.0,34.0,34.0,1,733,10535.0,d9dc24ce5429ec628ead0621a160bee90725350683d7dfcc4686fcaf511f3aab,336,3
34.0,10501.0,1,408,2,STRAWBERRY,delay,v21_1,3.0,37.0,280.0,1,733,10535.0,d9dc24ce5429ec628ead0621a160bee90725350683d7dfcc4686fcaf511f3aab,384,9
-25330.0,3694.0,1,240,0,WOOL,delay,yummers,32745.0,7415.0,348.0,0,17,-21636.0,62fb5a5f66f0011092a2b51e3192879ba583d5d815d761f176091c615657147a,168,8
25.0,3694.0,1,384,1,STRAWBERRY,delay,yummers,0.0,25.0,62.0,0,17,3719.0,62fb5a5f66f0011092a2b51e3192879ba583d5d815d761f176091c615657147a,336,3
18.0,3694.0,1,408,2,STRAWBERRY,delay,yummers,2.0,20.0,139.0,0,17,3712.0,62fb5a5f66f0011092a2b51e3192879ba583d5d815d761f176091c615657147a,384,4
-25330.0,3694.0,1,240,0,WOOL,delay,yummers,32745.0,7415.0,348.0,1,17,-21636.0,62fb5a5f66f0011092a2b51e3192879ba583d5d815d761f176091c615657147a,168,8
0.0,3694.0,1,384,1,STRAWBERRY,delay,yummers,0.0,0.0,26.0,1,17,3694.0,62fb5a5f66f0011092a2b51e3192879ba583d5d815d761f176091c615657147a,336,3
18.0,3694.0,1,408,2,STRAWBERRY,delay,yummers,2.0,20.0,139.0,1,17,3712.0,62fb5a5f66f0011092a2b51e3192879ba583d5d815d761f176091c615657147a,384,4
-68.0,21494.0,1,240,0,WOOL,delay,yummers,-11773.0,-11841.0,47.0,0,42,21426.0,62fb5a5f66f0011092a2b51e3192879ba583d5d815d761f176091c615657147a,168,4
31.0,21494.0,1,384,1,STRAWBERRY,delay,yummers,0.0,31.0,19.0,0,42,21525.0,62fb5a5f66f0011092a2b51e3192879ba583d5d815d761f176091c615657147a,336,3
35.0,21494.0,1,408,2,STRAWBERRY,delay,yummers,0.0,35.0,315.0,0,42,21529.0,62fb5a5f66f0011092a2b51e3192879ba583d5d815d761f176091c615657147a,384,9
-68.0,21494.0,1,240,0,WOOL,delay,yummers,-11773.0,-11841.0,47.0,1,42,21426.0,62fb5a5f66f0011092a2b51e3192879ba583d5d815d761f176091c615657147a,168,4
31.0,21494.0,1,384,1,STRAWBERRY,delay,yummers,0.0,31.0,19.0,1,42,21525.0,62fb5a5f66f0011092a2b51e3192879ba583d5d815d761f176091c615657147a,336,3
35.0,21494.0,1,408,2,STRAWBERRY,delay,yummers,0.0,35.0,320.0,1,42,21529.0,62fb5a5f66f0011092a2b51e3192879ba583d5d815d761f176091c615657147a,384,9
-1355.0,8913.0,1,240,0,WOOL,delay,yummers,-5231.0,-6586.0,47.0,0,2026,7558.0,62fb5a5f66f0011092a2b51e3192879ba583d5d815d761f176091c615657147a,168,4
41.0,8913.0,1,384,1,STRAWBERRY,delay,yummers,0.0,41.0,36.0,0,2026,8954.0,62fb5a5f66f0011092a2b51e3192879ba583d5d815d761f176091c615657147a,336,3
52.0,8913.0,1,408,2,STRAWBERRY,delay,yummers,0.0,52.0,344.0,0,2026,8965.0,62fb5a5f66f0011092a2b51e3192879ba583d5d815d761f176091c615657147a,384,9
-1300.0,8858.0,1,240,0,WOOL,delay,yummers,-5280.0,-6580.0,47.0,1,2026,7558.0,62fb5a5f66f0011092a2b51e3192879ba583d5d815d761f176091c615657147a,168,4
41.0,8858.0,1,384,1,STRAWBERRY,delay,yummers,0.0,41.0,36.0,1,2026,8899.0,62fb5a5f66f0011092a2b51e3192879ba583d5d815d761f176091c615657147a,336,3
52.0,8858.0,1,408,2,STRAWBERRY,delay,yummers,0.0,52.0,344.0,1,2026,8910.0,62fb5a5f66f0011092a2b51e3192879ba583d5d815d761f176091c615657147a,384,9
-2491.0,7607.0,1,240,0,WOOL,delay,yummers,2185.0,-306.0,118.0,0,217,5116.0,62fb5a5f66f0011092a2b51e3192879ba583d5d815d761f176091c615657147a,168,8
41.0,7607.0,1,384,1,STRAWBERRY,delay,yummers,0.0,41.0,41.0,0,217,7648.0,62fb5a5f66f0011092a2b51e3192879ba583d5d815d761f176091c615657147a,336,3
31.0,7607.0,1,408,2,STRAWBERRY,delay,yummers,7.0,38.0,367.0,0,217,7638.0,62fb5a5f66f0011092a2b51e3192879ba583d5d815d761f176091c615657147a,384,9
-2575.0,7607.0,1,240,0,WOOL,delay,yummers,2950.0,375.0,118.0,1,217,5032.0,62fb5a5f66f0011092a2b51e3192879ba583d5d815d761f176091c615657147a,168,8
41.0,7607.0,1,384,1,STRAWBERRY,delay,yummers,0.0,41.0,41.0,1,217,7648.0,62fb5a5f66f0011092a2b51e3192879ba583d5d815d761f176091c615657147a,336,3
31.0,7607.0,1,408,2,STRAWBERRY,delay,yummers,7.0,38.0,367.0,1,217,7638.0,62fb5a5f66f0011092a2b51e3192879ba583d5d815d761f176091c615657147a,384,9
-2289.0,10774.0,1,240,0,WOOL,delay,yummers,595.0,-1694.0,95.0,0,317,8485.0,62fb5a5f66f0011092a2b51e3192879ba583d5d815d761f176091c615657147a,168,8
43.0,10774.0,1,384,1,STRAWBERRY,delay,yummers,0.0,43.0,36.0,0,317,10817.0,62fb5a5f66f0011092a2b51e3192879ba583d5d815d761f176091c615657147a,336,3
55.0,10774.0,1,408,2,STRAWBERRY,delay,yummers,0.0,55.0,344.0,0,317,10829.0,62fb5a5f66f0011092a2b51e3192879ba583d5d815d761f176091c615657147a,384,9
-2289.0,10774.0,1,240,0,WOOL,delay,yummers,595.0,-1694.0,95.0,1,317,8485.0,62fb5a5f66f0011092a2b51e3192879ba583d5d815d761f176091c615657147a,168,8
43.0,10774.0,1,384,1,STRAWBERRY,delay,yummers,0.0,43.0,36.0,1,317,10817.0,62fb5a5f66f0011092a2b51e3192879ba583d5d815d761f176091c615657147a,336,3
55.0,10774.0,1,408,2,STRAWBERRY,delay,yummers,0.0,55.0,348.0,1,317,10829.0,62fb5a5f66f0011092a2b51e3192879ba583d5d815d761f176091c615657147a,384,9
-2406.0,5159.0,1,240,0,WOOL,delay,yummers,-5054.0,-7460.0,118.0,0,733,2753.0,62fb5a5f66f0011092a2b51e3192879ba583d5d815d761f176091c615657147a,168,8
32.0,5159.0,1,408,1,STRAWBERRY,delay,yummers,4.0,36.0,220.0,0,733,5191.0,62fb5a5f66f0011092a2b51e3192879ba583d5d815d761f176091c615657147a,384,7
0.0,5159.0,1,455,2,MILK,delay,yummers,0.0,0.0,390.0,0,733,5159.0,62fb5a5f66f0011092a2b51e3192879ba583d5d815d761f176091c615657147a,432,5
-2406.0,5159.0,1,240,0,WOOL,delay,yummers,-5054.0,-7460.0,118.0,1,733,2753.0,62fb5a5f66f0011092a2b51e3192879ba583d5d815d761f176091c615657147a,168,8
32.0,5159.0,1,408,1,STRAWBERRY,delay,yummers,4.0,36.0,233.0,1,733,5191.0,62fb5a5f66f0011092a2b51e3192879ba583d5d815d761f176091c615657147a,384,7
0.0,5159.0,1,455,2,MILK,delay,yummers,0.0,0.0,390.0,1,733,5159.0,62fb5a5f66f0011092a2b51e3192879ba583d5d815d761f176091c615657147a,432,5
