candidate,opponent,seed,seat,candidate_money,opponent_money,margin,result,candidate_status,opponent_status,game_done,action_calls,agent_errors,invalid_action_shapes,runtime_p50_ms,runtime_p95_ms,runtime_p99_ms,runtime_max_ms,wall_seconds,field_counts,market_counts,market_quantities
v006b_wheat_only,starter,17,0,139567.0,3507.0,136060.0,win,DONE,DONE,1,719,0,0,0.62075,1.1194499999999998,1.3554213800000017,39.789,2.2636826660018414,"{""BUILD_PASTURE"": 12, ""CARE"": 236, ""COLLECT_FERTILIZER"": 274, ""DIG"": 15, ""DROP"": 111, ""EAST"": 882, ""FEED"": 262, ""HARVEST"": 199, ""NORTH"": 1402, ""PASS"": 1649, ""PICKUP"": 67, ""PLACE"": 12, ""PLANT"": 98, ""SOUTH"": 993, ""WATER"": 703, ""WEST"": 1070}","{""BUY_ANIMAL"": 6, ""BUY_LAND"": 2, ""BUY_PRODUCT"": 200, ""BUY_SEED"": 49, ""HIRE"": 321, ""SELL"": 208}","{""BUY_ANIMAL:COW"": 10, ""BUY_ANIMAL:SHEEP"": 2, ""BUY_PRODUCT:WHEAT"": 633, ""BUY_SEED:CARROT"": 11, ""BUY_SEED:MELON"": 20, ""BUY_SEED:STRAWBERRY"": 37, ""BUY_SEED:WHEAT"": 33, ""SELL:CARROT"": 24, ""SELL:FERTILIZER"": 274, ""SELL:MELON"": 115, ""SELL:MILK"": 240, ""SELL:STRAWBERRY"": 124, ""SELL:WHEAT"": 482, ""SELL:WOOL"": 66}"
v006b_wheat_only,starter,17,1,146287.0,3481.0,142806.0,win,DONE,DONE,1,719,0,0,0.631667,1.1262625000000002,1.31065444,1.40675,2.2226185420004185,"{""BUILD_PASTURE"": 12, ""CARE"": 233, ""COLLECT_FERTILIZER"": 271, ""DIG"": 17, ""DROP"": 121, ""EAST"": 921, ""FEED"": 260, ""HARVEST"": 205, ""NORTH"": 1309, ""PASS"": 1609, ""PICKUP"": 70, ""PLACE"": 12, ""PLANT"": 103, ""SOUTH"": 973, ""WATER"": 710, ""WEST"": 1163}","{""BUY_ANIMAL"": 6, ""BUY_LAND"": 2, ""BUY_PRODUCT"": 210, ""BUY_SEED"": 54, ""HIRE"": 321, ""SELL"": 207}","{""BUY_ANIMAL:COW"": 10, ""BUY_ANIMAL:SHEEP"": 2, ""BUY_PRODUCT:WHEAT"": 660, ""BUY_SEED:CARROT"": 13, ""BUY_SEED:MELON"": 20, ""BUY_SEED:STRAWBERRY"": 37, ""BUY_SEED:WHEAT"": 35, ""SELL:CARROT"": 33, ""SELL:FERTILIZER"": 271, ""SELL:MELON"": 113, ""SELL:MILK"": 243, ""SELL:STRAWBERRY"": 128, ""SELL:WHEAT"": 514, ""SELL:WOOL"": 66}"
v006b_wheat_only,starter,42,0,133286.0,3475.0,129811.0,win,DONE,DONE,1,719,0,0,0.608084,1.1181375,1.291031380000001,39.344333,2.23775166699852,"{""BUILD_PASTURE"": 12, ""CARE"": 231, ""COLLECT_FERTILIZER"": 272, ""DIG"": 20, ""DROP"": 104, ""EAST"": 845, ""FEED"": 255, ""HARVEST"": 199, ""NORTH"": 1343, ""PASS"": 1708, ""PICKUP"": 71, ""PLACE"": 12, ""PLANT"": 103, ""SOUTH"": 976, ""WATER"": 749, ""WEST"": 1086}","{""BUY_ANIMAL"": 7, ""BUY_LAND"": 2, ""BUY_PRODUCT"": 202, ""BUY_SEED"": 53, ""HIRE"": 321, ""SELL"": 201}","{""BUY_ANIMAL:COW"": 9, ""BUY_ANIMAL:SHEEP"": 3, ""BUY_PRODUCT:WHEAT"": 651, ""BUY_SEED:CARROT"": 11, ""BUY_SEED:MELON"": 20, ""BUY_SEED:STRAWBERRY"": 37, ""BUY_SEED:WHEAT"": 35, ""SELL:CARROT"": 33, ""SELL:FERTILIZER"": 272, ""SELL:MELON"": 116, ""SELL:MILK"": 215, ""SELL:STRAWBERRY"": 126, ""SELL:WHEAT"": 517, ""SELL:WOOL"": 79}"
v006b_wheat_only,starter,42,1,134410.0,3483.0,130927.0,win,DONE,DONE,1,719,0,0,0.632625,1.1403253000000002,1.4231761800000013,5.108875,2.2813081670028623,"{""BUILD_PASTURE"": 12, ""CARE"": 234, ""COLLECT_FERTILIZER"": 271, ""DIG"": 17, ""DROP"": 116, ""EAST"": 895, ""FEED"": 257, ""HARVEST"": 203, ""NORTH"": 1338, ""PASS"": 1651, ""PICKUP"": 70, ""PLACE"": 12, ""PLANT"": 102, ""SOUTH"": 986, ""WATER"": 739, ""WEST"": 1108}","{""BUY_ANIMAL"": 7, ""BUY_LAND"": 2, ""BUY_PRODUCT"": 205, ""BUY_SEED"": 55, ""HIRE"": 322, ""SELL"": 207}","{""BUY_ANIMAL:COW"": 9, ""BUY_ANIMAL:SHEEP"": 3, ""BUY_PRODUCT:WHEAT"": 650, ""BUY_SEED:CARROT"": 12, ""BUY_SEED:MELON"": 20, ""BUY_SEED:STRAWBERRY"": 37, ""BUY_SEED:WHEAT"": 37, ""SELL:CARROT"": 27, ""SELL:FERTILIZER"": 271, ""SELL:MELON"": 119, ""SELL:MILK"": 216, ""SELL:STRAWBERRY"": 128, ""SELL:WHEAT"": 514, ""SELL:WOOL"": 74}"
v006b_wheat_only,starter,2026,0,127286.0,3487.0,123799.0,win,DONE,DONE,1,719,0,0,0.6225,1.0917833000000001,1.2665250600000002,1.462542,2.211276333000569,"{""BUILD_PASTURE"": 12, ""CARE"": 247, ""COLLECT_FERTILIZER"": 270, ""DIG"": 17, ""DROP"": 112, ""EAST"": 923, ""FEED"": 258, ""HARVEST"": 190, ""NORTH"": 1256, ""PASS"": 1637, ""PICKUP"": 72, ""PLACE"": 12, ""PLANT"": 95, ""SOUTH"": 969, ""WATER"": 678, ""WEST"": 1099}","{""BUY_ANIMAL"": 6, ""BUY_LAND"": 2, ""BUY_PRODUCT"": 192, ""BUY_SEED"": 53, ""HIRE"": 315, ""SELL"": 215}","{""BUY_ANIMAL:COW"": 6, ""BUY_ANIMAL:SHEEP"": 6, ""BUY_PRODUCT:WHEAT"": 643, ""BUY_SEED:CARROT"": 11, ""BUY_SEED:MELON"": 20, ""BUY_SEED:STRAWBERRY"": 37, ""BUY_SEED:WHEAT"": 35, ""SELL:CARROT"": 23, ""SELL:FERTILIZER"": 270, ""SELL:MELON"": 116, ""SELL:MILK"": 153, ""SELL:STRAWBERRY"": 116, ""SELL:WHEAT"": 492, ""SELL:WOOL"": 142}"
v006b_wheat_only,starter,2026,1,128858.0,3501.0,125357.0,win,DONE,DONE,1,719,0,0,0.631,1.1397792,1.33028144,19.183209,2.2373438329996134,"{""BUILD_PASTURE"": 12, ""CARE"": 240, ""COLLECT_FERTILIZER"": 271, ""DIG"": 14, ""DROP"": 126, ""EAST"": 936, ""FEED"": 262, ""HARVEST"": 203, ""NORTH"": 1365, ""PASS"": 1579, ""PICKUP"": 71, ""PLACE"": 12, ""PLANT"": 101, ""SOUTH"": 984, ""WATER"": 715, ""WEST"": 1112}","{""BUY_ANIMAL"": 8, ""BUY_LAND"": 2, ""BUY_PRODUCT"": 202, ""BUY_SEED"": 55, ""HIRE"": 322, ""SELL"": 208}","{""BUY_ANIMAL:COW"": 8, ""BUY_ANIMAL:SHEEP"": 4, ""BUY_PRODUCT:WHEAT"": 661, ""BUY_SEED:CARROT"": 13, ""BUY_SEED:MELON"": 20, ""BUY_SEED:STRAWBERRY"": 37, ""BUY_SEED:WHEAT"": 35, ""SELL:CARROT"": 33, ""SELL:FERTILIZER"": 271, ""SELL:MELON"": 117, ""SELL:MILK"": 206, ""SELL:STRAWBERRY"": 126, ""SELL:WHEAT"": 503, ""SELL:WOOL"": 103}"
v006b_wheat_only,starter,217,0,140708.0,3475.0,137233.0,win,DONE,DONE,1,719,0,0,0.605667,1.1349705,1.26089188,39.885042,2.250936417000048,"{""BUILD_PASTURE"": 12, ""CARE"": 240, ""COLLECT_FERTILIZER"": 274, ""DIG"": 18, ""DROP"": 109, ""EAST"": 921, ""FEED"": 262, ""HARVEST"": 195, ""NORTH"": 1283, ""PASS"": 1661, ""PICKUP"": 67, ""PLACE"": 12, ""PLANT"": 97, ""SOUTH"": 974, ""WATER"": 725, ""WEST"": 1085}","{""BUY_ANIMAL"": 6, ""BUY_LAND"": 2, ""BUY_PRODUCT"": 198, ""BUY_SEED"": 52, ""HIRE"": 319, ""SELL"": 213}","{""BUY_ANIMAL:COW"": 8, ""BUY_ANIMAL:SHEEP"": 4, ""BUY_PRODUCT:WHEAT"": 655, ""BUY_SEED:CARROT"": 12, ""BUY_SEED:MELON"": 20, ""BUY_SEED:STRAWBERRY"": 37, ""BUY_SEED:WHEAT"": 33, ""SELL:CARROT"": 30, ""SELL:FERTILIZER"": 274, ""SELL:MELON"": 115, ""SELL:MILK"": 202, ""SELL:STRAWBERRY"": 123, ""SELL:WHEAT"": 503, ""SELL:WOOL"": 98}"
v006b_wheat_only,starter,217,1,138763.0,3497.0,135266.0,win,DONE,DONE,1,719,0,0,0.609875,1.1115705,1.26838506,1.567292,2.2154489169988665,"{""BUILD_PASTURE"": 12, ""CARE"": 225, ""COLLECT_FERTILIZER"": 273, ""DIG"": 14, ""DROP"": 113, ""EAST"": 901, ""FEED"": 263, ""HARVEST"": 198, ""NORTH"": 1356, ""PASS"": 1613, ""PICKUP"": 69, ""PLACE"": 12, ""PLANT"": 99, ""SOUTH"": 1001, ""WATER"": 734, ""WEST"": 1079}","{""BUY_ANIMAL"": 7, ""BUY_LAND"": 2, ""BUY_PRODUCT"": 201, ""BUY_SEED"": 51, ""HIRE"": 320, ""SELL"": 206}","{""BUY_ANIMAL:COW"": 9, ""BUY_ANIMAL:SHEEP"": 3, ""BUY_PRODUCT:WHEAT"": 651, ""BUY_SEED:CARROT"": 12, ""BUY_SEED:MELON"": 20, ""BUY_SEED:STRAWBERRY"": 37, ""BUY_SEED:WHEAT"": 34, ""SELL:CARROT"": 30, ""SELL:FERTILIZER"": 273, ""SELL:MELON"": 115, ""SELL:MILK"": 227, ""SELL:STRAWBERRY"": 124, ""SELL:WHEAT"": 503, ""SELL:WOOL"": 75}"
v006b_wheat_only,starter,317,0,128698.0,3502.0,125196.0,win,DONE,DONE,1,719,0,0,0.599541,1.1007874999999998,1.29277612,38.396542,2.209559916998842,"{""BUILD_PASTURE"": 12, ""CARE"": 240, ""COLLECT_FERTILIZER"": 269, ""DIG"": 20, ""DROP"": 116, ""EAST"": 920, ""FEED"": 259, ""HARVEST"": 195, ""NORTH"": 1289, ""PASS"": 1728, ""PICKUP"": 70, ""PLACE"": 12, ""PLANT"": 101, ""SOUTH"": 941, ""WATER"": 719, ""WEST"": 1074}","{""BUY_ANIMAL"": 8, ""BUY_LAND"": 2, ""BUY_PRODUCT"": 191, ""BUY_SEED"": 58, ""HIRE"": 320, ""SELL"": 213}","{""BUY_ANIMAL:COW"": 6, ""BUY_ANIMAL:SHEEP"": 6, ""BUY_PRODUCT:WHEAT"": 644, ""BUY_SEED:CARROT"": 11, ""BUY_SEED:MELON"": 20, ""BUY_SEED:STRAWBERRY"": 37, ""BUY_SEED:WHEAT"": 40, ""SELL:CARROT"": 24, ""SELL:FERTILIZER"": 269, ""SELL:MELON"": 111, ""SELL:MILK"": 159, ""SELL:STRAWBERRY"": 118, ""SELL:WHEAT"": 511, ""SELL:WOOL"": 145}"
v006b_wheat_only,starter,317,1,129034.0,3502.0,125532.0,win,DONE,DONE,1,719,0,0,0.603708,1.0868045000000004,1.2865976200000016,1.388083,2.1723603749996983,"{""BUILD_PASTURE"": 12, ""CARE"": 239, ""COLLECT_FERTILIZER"": 271, ""DIG"": 21, ""DROP"": 123, ""EAST"": 921, ""FEED"": 259, ""HARVEST"": 196, ""NORTH"": 1322, ""PASS"": 1679, ""PICKUP"": 70, ""PLACE"": 12, ""PLANT"": 101, ""SOUTH"": 957, ""WATER"": 716, ""WEST"": 1067}","{""BUY_ANIMAL"": 8, ""BUY_LAND"": 2, ""BUY_PRODUCT"": 190, ""BUY_SEED"": 58, ""HIRE"": 320, ""SELL"": 216}","{""BUY_ANIMAL:COW"": 6, ""BUY_ANIMAL:SHEEP"": 6, ""BUY_PRODUCT:WHEAT"": 649, ""BUY_SEED:CARROT"": 11, ""BUY_SEED:MELON"": 20, ""BUY_SEED:STRAWBERRY"": 37, ""BUY_SEED:WHEAT"": 40, ""SELL:CARROT"": 27, ""SELL:FERTILIZER"": 271, ""SELL:MELON"": 111, ""SELL:MILK"": 163, ""SELL:STRAWBERRY"": 118, ""SELL:WHEAT"": 514, ""SELL:WOOL"": 141}"
v006b_wheat_only,starter,733,0,142488.0,3489.0,138999.0,win,DONE,DONE,1,719,0,0,0.637417,1.1173211,1.2874263800000014,1.702458,2.228361458001018,"{""BUILD_PASTURE"": 12, ""CARE"": 232, ""COLLECT_FERTILIZER"": 273, ""DIG"": 20, ""DROP"": 107, ""EAST"": 854, ""FEED"": 260, ""HARVEST"": 199, ""NORTH"": 1314, ""PASS"": 1660, ""PICKUP"": 70, ""PLACE"": 12, ""PLANT"": 102, ""SOUTH"": 1011, ""WATER"": 713, ""WEST"": 1129}","{""BUY_ANIMAL"": 6, ""BUY_LAND"": 2, ""BUY_PRODUCT"": 201, ""BUY_SEED"": 52, ""HIRE"": 320, ""SELL"": 198}","{""BUY_ANIMAL:COW"": 10, ""BUY_ANIMAL:SHEEP"": 2, ""BUY_PRODUCT:WHEAT"": 651, ""BUY_SEED:CARROT"": 13, ""BUY_SEED:MELON"": 20, ""BUY_SEED:STRAWBERRY"": 37, ""BUY_SEED:WHEAT"": 34, ""SELL:CARROT"": 30, ""SELL:FERTILIZER"": 273, ""SELL:MELON"": 110, ""SELL:MILK"": 233, ""SELL:STRAWBERRY"": 128, ""SELL:WHEAT"": 505, ""SELL:WOOL"": 62}"
v006b_wheat_only,starter,733,1,139194.0,3489.0,135705.0,win,DONE,DONE,1,719,0,0,0.633583,1.1187874999999998,1.30396244,28.988916,2.2331447920005303,"{""BUILD_PASTURE"": 12, ""CARE"": 223, ""COLLECT_FERTILIZER"": 269, ""DIG"": 16, ""DROP"": 107, ""EAST"": 878, ""FEED"": 252, ""HARVEST"": 201, ""NORTH"": 1345, ""PASS"": 1642, ""PICKUP"": 70, ""PLACE"": 12, ""PLANT"": 103, ""SOUTH"": 1004, ""WATER"": 703, ""WEST"": 1152}","{""BUY_ANIMAL"": 6, ""BUY_LAND"": 2, ""BUY_PRODUCT"": 205, ""BUY_SEED"": 53, ""HIRE"": 321, ""SELL"": 202}","{""BUY_ANIMAL:COW"": 10, ""BUY_ANIMAL:SHEEP"": 2, ""BUY_PRODUCT:WHEAT"": 624, ""BUY_SEED:CARROT"": 12, ""BUY_SEED:MELON"": 20, ""BUY_SEED:STRAWBERRY"": 37, ""BUY_SEED:WHEAT"": 35, ""SELL:CARROT"": 30, ""SELL:FERTILIZER"": 269, ""SELL:MELON"": 111, ""SELL:MILK"": 224, ""SELL:STRAWBERRY"": 128, ""SELL:WHEAT"": 485, ""SELL:WOOL"": 64}"
v006b_wheat_only,random,17,0,129773.0,0.0,129773.0,win,DONE,DONE,1,719,0,0,0.628667,1.1341545000000004,1.3426105600000007,32.994916,2.3075827499997104,"{""BUILD_PASTURE"": 12, ""CARE"": 231, ""COLLECT_FERTILIZER"": 268, ""DIG"": 17, ""DROP"": 120, ""EAST"": 843, ""FEED"": 254, ""HARVEST"": 200, ""NORTH"": 1329, ""PASS"": 1682, ""PICKUP"": 70, ""PLACE"": 12, ""PLANT"": 102, ""SOUTH"": 1017, ""WATER"": 720, ""WEST"": 1112}","{""BUY_ANIMAL"": 7, ""BUY_LAND"": 2, ""BUY_PRODUCT"": 188, ""BUY_SEED"": 57, ""HIRE"": 321, ""SELL"": 202}","{""BUY_ANIMAL:COW"": 9, ""BUY_ANIMAL:SHEEP"": 3, ""BUY_PRODUCT:WHEAT"": 642, ""BUY_SEED:CARROT"": 13, ""BUY_SEED:MELON"": 20, ""BUY_SEED:STRAWBERRY"": 37, ""BUY_SEED:WHEAT"": 37, ""SELL:CARROT"": 33, ""SELL:FERTILIZER"": 268, ""SELL:MELON"": 116, ""SELL:MILK"": 212, ""SELL:STRAWBERRY"": 126, ""SELL:WHEAT"": 513, ""SELL:WOOL"": 78}"
v006b_wheat_only,random,17,1,131479.0,0.0,131479.0,win,DONE,DONE,1,719,0,0,0.629875,1.1567087,1.37284738,1.564708,2.3314979579990904,"{""BUILD_PASTURE"": 12, ""CARE"": 240, ""COLLECT_FERTILIZER"": 271, ""DIG"": 21, ""DROP"": 128, ""EAST"": 873, ""FEED"": 255, ""HARVEST"": 196, ""NORTH"": 1375, ""PASS"": 1649, ""PICKUP"": 72, ""PLACE"": 12, ""PLANT"": 96, ""SOUTH"": 962, ""WATER"": 703, ""WEST"": 1101}","{""BUY_ANIMAL"": 7, ""BUY_LAND"": 2, ""BUY_PRODUCT"": 197, ""BUY_SEED"": 53, ""HIRE"": 320, ""SELL"": 205}","{""BUY_ANIMAL:COW"": 9, ""BUY_ANIMAL:SHEEP"": 3, ""BUY_PRODUCT:WHEAT"": 653, ""BUY_SEED:CARROT"": 11, ""BUY_SEED:MELON"": 20, ""BUY_SEED:STRAWBERRY"": 37, ""BUY_SEED:WHEAT"": 34, ""SELL:CARROT"": 24, ""SELL:FERTILIZER"": 271, ""SELL:MELON"": 118, ""SELL:MILK"": 219, ""SELL:STRAWBERRY"": 126, ""SELL:WHEAT"": 506, ""SELL:WOOL"": 78}"
v006b_wheat_only,random,42,0,124565.0,0.0,124565.0,win,DONE,DONE,1,719,0,0,0.6285,1.1351295000000001,1.3007975000000003,1.819583,2.27942400000029,"{""BUILD_PASTURE"": 12, ""CARE"": 241, ""COLLECT_FERTILIZER"": 270, ""DIG"": 15, ""DROP"": 107, ""EAST"": 879, ""FEED"": 264, ""HARVEST"": 185, ""NORTH"": 1305, ""PASS"": 1581, ""PICKUP"": 70, ""PLACE"": 12, ""PLANT"": 96, ""SOUTH"": 1026, ""WATER"": 697, ""WEST"": 1087}","{""BUY_ANIMAL"": 7, ""BUY_LAND"": 2, ""BUY_PRODUCT"": 210, ""BUY_SEED"": 56, ""HIRE"": 315, ""SELL"": 208}","{""BUY_ANIMAL:COW"": 5, ""BUY_ANIMAL:SHEEP"": 7, ""BUY_PRODUCT:WHEAT"": 652, ""BUY_SEED:CARROT"": 11, ""BUY_SEED:MELON"": 20, ""BUY_SEED:STRAWBERRY"": 37, ""BUY_SEED:WHEAT"": 36, ""SELL:CARROT"": 21, ""SELL:FERTILIZER"": 270, ""SELL:MELON"": 117, ""SELL:MILK"": 132, ""SELL:STRAWBERRY"": 118, ""SELL:WHEAT"": 483, ""SELL:WOOL"": 165}"
v006b_wheat_only,random,42,1,141302.0,0.0,141302.0,win,DONE,DONE,1,719,0,0,0.632333,1.1738285,1.4993839400000002,18.617791,2.3848819579980045,"{""BUILD_PASTURE"": 12, ""CARE"": 227, ""COLLECT_FERTILIZER"": 270, ""DIG"": 18, ""DROP"": 122, ""EAST"": 897, ""FEED"": 256, ""HARVEST"": 206, ""NORTH"": 1386, ""PASS"": 1581, ""PICKUP"": 69, ""PLACE"": 12, ""PLANT"": 102, ""SOUTH"": 1013, ""WATER"": 737, ""WEST"": 1101}","{""BUY_ANIMAL"": 7, ""BUY_LAND"": 2, ""BUY_PRODUCT"": 209, ""BUY_SEED"": 54, ""HIRE"": 322, ""SELL"": 216}","{""BUY_ANIMAL:COW"": 9, ""BUY_ANIMAL:SHEEP"": 3, ""BUY_PRODUCT:WHEAT"": 619, ""BUY_SEED:CARROT"": 11, ""BUY_SEED:MELON"": 20, ""BUY_SEED:STRAWBERRY"": 37, ""BUY_SEED:WHEAT"": 35, ""SELL:CARROT"": 30, ""SELL:FERTILIZER"": 270, ""SELL:MELON"": 116, ""SELL:MILK"": 225, ""SELL:STRAWBERRY"": 127, ""SELL:WHEAT"": 483, ""SELL:WOOL"": 76}"
v006b_wheat_only,random,2026,0,135433.0,0.0,135433.0,win,DONE,DONE,1,719,0,0,0.631208,1.1394419,1.3056368200000004,1.454209,2.298931208002614,"{""BUILD_PASTURE"": 12, ""CARE"": 247, ""COLLECT_FERTILIZER"": 275, ""DIG"": 19, ""DROP"": 124, ""EAST"": 948, ""FEED"": 260, ""HARVEST"": 199, ""NORTH"": 1312, ""PASS"": 1574, ""PICKUP"": 68, ""PLACE"": 12, ""PLANT"": 97, ""SOUTH"": 993, ""WATER"": 695, ""WEST"": 1098}","{""BUY_ANIMAL"": 7, ""BUY_LAND"": 2, ""BUY_PRODUCT"": 198, ""BUY_SEED"": 54, ""HIRE"": 319, ""SELL"": 221}","{""BUY_ANIMAL:COW"": 7, ""BUY_ANIMAL:SHEEP"": 5, ""BUY_PRODUCT:WHEAT"": 643, ""BUY_SEED:CARROT"": 14, ""BUY_SEED:MELON"": 20, ""BUY_SEED:STRAWBERRY"": 37, ""BUY_SEED:WHEAT"": 34, ""SELL:CARROT"": 30, ""SELL:FERTILIZER"": 275, ""SELL:MELON"": 116, ""SELL:MILK"": 175, ""SELL:STRAWBERRY"": 126, ""SELL:WHEAT"": 489, ""SELL:WOOL"": 133}"
v006b_wheat_only,random,2026,1,135446.0,0.0,135446.0,win,DONE,DONE,1,719,0,0,0.637458,1.1810286000000003,1.43374244,26.13575,2.346547749999445,"{""BUILD_PASTURE"": 12, ""CARE"": 244, ""COLLECT_FERTILIZER"": 275, ""DIG"": 16, ""DROP"": 115, ""EAST"": 907, ""FEED"": 260, ""HARVEST"": 197, ""NORTH"": 1353, ""PASS"": 1635, ""PICKUP"": 69, ""PLACE"": 12, ""PLANT"": 97, ""SOUTH"": 988, ""WATER"": 707, ""WEST"": 1072}","{""BUY_ANIMAL"": 7, ""BUY_LAND"": 2, ""BUY_PRODUCT"": 202, ""BUY_SEED"": 55, ""HIRE"": 320, ""SELL"": 213}","{""BUY_ANIMAL:COW"": 7, ""BUY_ANIMAL:SHEEP"": 5, ""BUY_PRODUCT:WHEAT"": 640, ""BUY_SEED:CARROT"": 15, ""BUY_SEED:MELON"": 20, ""BUY_SEED:STRAWBERRY"": 37, ""BUY_SEED:WHEAT"": 33, ""SELL:CARROT"": 33, ""SELL:FERTILIZER"": 275, ""SELL:MELON"": 118, ""SELL:MILK"": 173, ""SELL:STRAWBERRY"": 126, ""SELL:WHEAT"": 483, ""SELL:WOOL"": 130}"
v006b_wheat_only,random,217,0,127357.0,0.0,127357.0,win,DONE,DONE,1,719,0,0,0.637291,1.1518247000000004,1.3782580600000003,19.088459,2.3246489170014684,"{""BUILD_PASTURE"": 12, ""CARE"": 236, ""COLLECT_FERTILIZER"": 265, ""DIG"": 20, ""DROP"": 110, ""EAST"": 878, ""FEED"": 256, ""HARVEST"": 200, ""NORTH"": 1369, ""PASS"": 1600, ""PICKUP"": 67, ""PLACE"": 12, ""PLANT"": 104, ""SOUTH"": 1013, ""WATER"": 716, ""WEST"": 1101}","{""BUY_ANIMAL"": 7, ""BUY_LAND"": 2, ""BUY_PRODUCT"": 208, ""BUY_SEED"": 56, ""HIRE"": 320, ""SELL"": 203}","{""BUY_ANIMAL:COW"": 9, ""BUY_ANIMAL:SHEEP"": 3, ""BUY_PRODUCT:WHEAT"": 647, ""BUY_SEED:CARROT"": 13, ""BUY_SEED:MELON"": 20, ""BUY_SEED:STRAWBERRY"": 37, ""BUY_SEED:WHEAT"": 38, ""SELL:CARROT"": 33, ""SELL:FERTILIZER"": 265, ""SELL:MELON"": 119, ""SELL:MILK"": 223, ""SELL:STRAWBERRY"": 127, ""SELL:WHEAT"": 508, ""SELL:WOOL"": 78}"
v006b_wheat_only,random,217,1,139580.0,0.0,139580.0,win,DONE,DONE,1,719,0,0,0.633625,1.1486294,1.32200444,1.72625,2.302460582999629,"{""BUILD_PASTURE"": 12, ""CARE"": 234, ""COLLECT_FERTILIZER"": 271, ""DIG"": 20, ""DROP"": 126, ""EAST"": 891, ""FEED"": 260, ""HARVEST"": 198, ""NORTH"": 1358, ""PASS"": 1585, ""PICKUP"": 67, ""PLACE"": 12, ""PLANT"": 100, ""SOUTH"": 1031, ""WATER"": 704, ""WEST"": 1070}","{""BUY_ANIMAL"": 6, ""BUY_LAND"": 2, ""BUY_PRODUCT"": 189, ""BUY_SEED"": 53, ""HIRE"": 319, ""SELL"": 212}","{""BUY_ANIMAL:COW"": 10, ""BUY_ANIMAL:SHEEP"": 2, ""BUY_PRODUCT:WHEAT"": 638, ""BUY_SEED:CARROT"": 12, ""BUY_SEED:MELON"": 20, ""BUY_SEED:STRAWBERRY"": 37, ""BUY_SEED:WHEAT"": 36, ""SELL:CARROT"": 30, ""SELL:FERTILIZER"": 271, ""SELL:MELON"": 111, ""SELL:MILK"": 236, ""SELL:STRAWBERRY"": 124, ""SELL:WHEAT"": 492, ""SELL:WOOL"": 63}"
v006b_wheat_only,random,317,0,135666.0,0.0,135666.0,win,DONE,DONE,1,719,0,0,0.62625,1.1704667000000002,1.4275118800000006,26.710667,2.3379595410006004,"{""BUILD_PASTURE"": 12, ""CARE"": 251, ""COLLECT_FERTILIZER"": 274, ""DIG"": 16, ""DROP"": 116, ""EAST"": 887, ""FEED"": 260, ""HARVEST"": 196, ""NORTH"": 1304, ""PASS"": 1646, ""PICKUP"": 67, ""PLACE"": 12, ""PLANT"": 101, ""SOUTH"": 970, ""WATER"": 741, ""WEST"": 1067}","{""BUY_ANIMAL"": 8, ""BUY_LAND"": 2, ""BUY_PRODUCT"": 184, ""BUY_SEED"": 55, ""HIRE"": 318, ""SELL"": 214}","{""BUY_ANIMAL:COW"": 6, ""BUY_ANIMAL:SHEEP"": 6, ""BUY_PRODUCT:WHEAT"": 641, ""BUY_SEED:CARROT"": 14, ""BUY_SEED:MELON"": 20, ""BUY_SEED:STRAWBERRY"": 37, ""BUY_SEED:WHEAT"": 33, ""SELL:CARROT"": 33, ""SELL:FERTILIZER"": 274, ""SELL:MELON"": 117, ""SELL:MILK"": 149, ""SELL:STRAWBERRY"": 123, ""SELL:WHEAT"": 498, ""SELL:WOOL"": 154}"
v006b_wheat_only,random,317,1,130297.0,0.0,130297.0,win,DONE,DONE,1,719,0,0,0.621584,1.1375958000000002,1.3131870599999997,1.635125,2.2922917079995386,"{""BUILD_PASTURE"": 12, ""CARE"": 243, ""COLLECT_FERTILIZER"": 275, ""DIG"": 15, ""DROP"": 118, ""EAST"": 918, ""FEED"": 259, ""HARVEST"": 185, ""NORTH"": 1278, ""PASS"": 1628, ""PICKUP"": 72, ""PLACE"": 12, ""PLANT"": 93, ""SOUTH"": 978, ""WATER"": 682, ""WEST"": 1102}","{""BUY_ANIMAL"": 6, ""BUY_LAND"": 2, ""BUY_PRODUCT"": 196, ""BUY_SEED"": 53, ""HIRE"": 316, ""SELL"": 210}","{""BUY_ANIMAL:COW"": 6, ""BUY_ANIMAL:SHEEP"": 6, ""BUY_PRODUCT:WHEAT"": 650, ""BUY_SEED:CARROT"": 11, ""BUY_SEED:MELON"": 20, ""BUY_SEED:STRAWBERRY"": 37, ""BUY_SEED:WHEAT"": 35, ""SELL:CARROT"": 21, ""SELL:FERTILIZER"": 275, ""SELL:MELON"": 117, ""SELL:MILK"": 157, ""SELL:STRAWBERRY"": 118, ""SELL:WHEAT"": 484, ""SELL:WOOL"": 145}"
v006b_wheat_only,random,733,0,128405.0,0.0,128405.0,win,DONE,DONE,1,719,0,0,0.606333,1.1462955000000001,1.3440925000000001,30.444584,2.27716325000074,"{""BUILD_PASTURE"": 12, ""CARE"": 244, ""COLLECT_FERTILIZER"": 275, ""DIG"": 11, ""DROP"": 121, ""EAST"": 898, ""FEED"": 256, ""HARVEST"": 188, ""NORTH"": 1303, ""PASS"": 1630, ""PICKUP"": 72, ""PLACE"": 12, ""PLANT"": 97, ""SOUTH"": 971, ""WATER"": 678, ""WEST"": 1079}","{""BUY_ANIMAL"": 6, ""BUY_LAND"": 2, ""BUY_PRODUCT"": 196, ""BUY_SEED"": 53, ""HIRE"": 315, ""SELL"": 218}","{""BUY_ANIMAL:COW"": 6, ""BUY_ANIMAL:SHEEP"": 6, ""BUY_PRODUCT:WHEAT"": 643, ""BUY_SEED:CARROT"": 11, ""BUY_SEED:MELON"": 20, ""BUY_SEED:STRAWBERRY"": 37, ""BUY_SEED:WHEAT"": 34, ""SELL:CARROT"": 21, ""SELL:FERTILIZER"": 275, ""SELL:MELON"": 117, ""SELL:MILK"": 155, ""SELL:STRAWBERRY"": 116, ""SELL:WHEAT"": 504, ""SELL:WOOL"": 132}"
v006b_wheat_only,random,733,1,131292.0,0.0,131292.0,win,DONE,DONE,1,719,0,0,0.640292,1.1596038000000002,1.3756705000000005,27.917708,2.3675791669993487,"{""BUILD_PASTURE"": 12, ""CARE"": 239, ""COLLECT_FERTILIZER"": 270, ""DIG"": 18, ""DROP"": 116, ""EAST"": 891, ""FEED"": 252, ""HARVEST"": 204, ""NORTH"": 1395, ""PASS"": 1619, ""PICKUP"": 70, ""PLACE"": 12, ""PLANT"": 104, ""SOUTH"": 1021, ""WATER"": 699, ""WEST"": 1107}","{""BUY_ANIMAL"": 7, ""BUY_LAND"": 2, ""BUY_PRODUCT"": 196, ""BUY_SEED"": 55, ""HIRE"": 323, ""SELL"": 202}","{""BUY_ANIMAL:COW"": 7, ""BUY_ANIMAL:SHEEP"": 5, ""BUY_PRODUCT:WHEAT"": 694, ""BUY_SEED:CARROT"": 13, ""BUY_SEED:MELON"": 20, ""BUY_SEED:STRAWBERRY"": 37, ""BUY_SEED:WHEAT"": 35, ""SELL:CARROT"": 33, ""SELL:FERTILIZER"": 270, ""SELL:MELON"": 117, ""SELL:MILK"": 180, ""SELL:STRAWBERRY"": 125, ""SELL:WHEAT"": 550, ""SELL:WOOL"": 116}"
v006b_wheat_only,hamburger,17,0,89171.0,127480.0,-38309.0,loss,DONE,DONE,1,719,0,0,0.637208,1.1434042,1.3577695600000008,25.261875,3.162436708000314,"{""BUILD_PASTURE"": 12, ""CARE"": 221, ""COLLECT_FERTILIZER"": 274, ""DIG"": 15, ""DROP"": 115, ""EAST"": 906, ""FEED"": 257, ""HARVEST"": 197, ""NORTH"": 1367, ""PASS"": 1623, ""PICKUP"": 67, ""PLACE"": 12, ""PLANT"": 103, ""SOUTH"": 1026, ""WATER"": 718, ""WEST"": 1139}","{""BUY_ANIMAL"": 8, ""BUY_LAND"": 2, ""BUY_PRODUCT"": 207, ""BUY_SEED"": 51, ""HIRE"": 324, ""SELL"": 220}","{""BUY_ANIMAL:COW"": 9, ""BUY_ANIMAL:SHEEP"": 3, ""BUY_PRODUCT:WHEAT"": 652, ""BUY_SEED:CARROT"": 13, ""BUY_SEED:MELON"": 20, ""BUY_SEED:STRAWBERRY"": 37, ""BUY_SEED:WHEAT"": 35, ""SELL:CARROT"": 33, ""SELL:FERTILIZER"": 274, ""SELL:MELON"": 114, ""SELL:MILK"": 210, ""SELL:STRAWBERRY"": 127, ""SELL:WHEAT"": 511, ""SELL:WOOL"": 76}"
v006b_wheat_only,hamburger,17,1,90386.0,126719.0,-36333.0,loss,DONE,DONE,1,719,0,0,0.640417,1.1322798,1.4122620600000015,21.837708,3.2164772500000254,"{""BUILD_PASTURE"": 12, ""CARE"": 224, ""COLLECT_FERTILIZER"": 270, ""DIG"": 10, ""DROP"": 112, ""EAST"": 935, ""FEED"": 260, ""HARVEST"": 188, ""NORTH"": 1314, ""PASS"": 1582, ""PICKUP"": 70, ""PLACE"": 12, ""PLANT"": 94, ""SOUTH"": 989, ""WATER"": 707, ""WEST"": 1139}","{""BUY_ANIMAL"": 7, ""BUY_LAND"": 2, ""BUY_PRODUCT"": 200, ""BUY_SEED"": 51, ""HIRE"": 318, ""SELL"": 229}","{""BUY_ANIMAL:COW"": 4, ""BUY_ANIMAL:SHEEP"": 8, ""BUY_PRODUCT:WHEAT"": 649, ""BUY_SEED:CARROT"": 13, ""BUY_SEED:MELON"": 20, ""BUY_SEED:STRAWBERRY"": 37, ""BUY_SEED:WHEAT"": 35, ""SELL:CARROT"": 31, ""SELL:FERTILIZER"": 270, ""SELL:MELON"": 116, ""SELL:MILK"": 109, ""SELL:STRAWBERRY"": 128, ""SELL:WHEAT"": 479, ""SELL:WOOL"": 174}"
v006b_wheat_only,hamburger,42,0,99639.0,148687.0,-49048.0,loss,DONE,DONE,1,719,0,0,0.630333,1.1384455000000002,1.3074306800000002,22.492542,3.196290375002718,"{""BUILD_PASTURE"": 12, ""CARE"": 245, ""COLLECT_FERTILIZER"": 269, ""DIG"": 15, ""DROP"": 105, ""EAST"": 859, ""FEED"": 260, ""HARVEST"": 189, ""NORTH"": 1330, ""PASS"": 1610, ""PICKUP"": 72, ""PLACE"": 12, ""PLANT"": 95, ""SOUTH"": 1032, ""WATER"": 699, ""WEST"": 1074}","{""BUY_ANIMAL"": 6, ""BUY_LAND"": 2, ""BUY_PRODUCT"": 198, ""BUY_SEED"": 51, ""HIRE"": 316, ""SELL"": 208}","{""BUY_ANIMAL:COW"": 4, ""BUY_ANIMAL:SHEEP"": 8, ""BUY_PRODUCT:WHEAT"": 648, ""BUY_SEED:CARROT"": 11, ""BUY_SEED:MELON"": 20, ""BUY_SEED:STRAWBERRY"": 37, ""BUY_SEED:WHEAT"": 35, ""SELL:CARROT"": 23, ""SELL:FERTILIZER"": 269, ""SELL:MELON"": 112, ""SELL:MILK"": 114, ""SELL:STRAWBERRY"": 124, ""SELL:WHEAT"": 487, ""SELL:WOOL"": 182}"
v006b_wheat_only,hamburger,42,1,86417.0,132738.0,-46321.0,loss,DONE,DONE,1,719,0,0,0.616708,1.1259125,1.3332680600000018,1.879167,3.1771874579972064,"{""BUILD_PASTURE"": 12, ""CARE"": 222, ""COLLECT_FERTILIZER"": 270, ""DIG"": 21, ""DROP"": 106, ""EAST"": 886, ""FEED"": 260, ""HARVEST"": 191, ""NORTH"": 1287, ""PASS"": 1680, ""PICKUP"": 70, ""PLACE"": 12, ""PLANT"": 97, ""SOUTH"": 946, ""WATER"": 696, ""WEST"": 1096}","{""BUY_ANIMAL"": 7, ""BUY_LAND"": 2, ""BUY_PRODUCT"": 201, ""BUY_SEED"": 50, ""HIRE"": 315, ""SELL"": 222}","{""BUY_ANIMAL:COW"": 7, ""BUY_ANIMAL:SHEEP"": 5, ""BUY_PRODUCT:WHEAT"": 650, ""BUY_SEED:CARROT"": 13, ""BUY_SEED:MELON"": 20, ""BUY_SEED:STRAWBERRY"": 37, ""BUY_SEED:WHEAT"": 37, ""SELL:CARROT"": 31, ""SELL:FERTILIZER"": 270, ""SELL:MELON"": 112, ""SELL:MILK"": 172, ""SELL:STRAWBERRY"": 120, ""SELL:WHEAT"": 496, ""SELL:WOOL"": 108}"
v006b_wheat_only,hamburger,2026,0,105967.0,150874.0,-44907.0,loss,DONE,DONE,1,719,0,0,0.64175,1.1284586,1.2969885600000008,1.384583,3.21173408300092,"{""BUILD_PASTURE"": 12, ""CARE"": 242, ""COLLECT_FERTILIZER"": 263, ""DIG"": 19, ""DROP"": 101, ""EAST"": 928, ""FEED"": 259, ""HARVEST"": 191, ""NORTH"": 1332, ""PASS"": 1575, ""PICKUP"": 69, ""PLACE"": 12, ""PLANT"": 102, ""SOUTH"": 987, ""WATER"": 723, ""WEST"": 1171}","{""BUY_ANIMAL"": 6, ""BUY_LAND"": 2, ""BUY_PRODUCT"": 209, ""BUY_SEED"": 51, ""HIRE"": 321, ""SELL"": 198}","{""BUY_ANIMAL:COW"": 2, ""BUY_ANIMAL:SHEEP"": 10, ""BUY_PRODUCT:WHEAT"": 656, ""BUY_SEED:CARROT"": 11, ""BUY_SEED:MELON"": 20, ""BUY_SEED:STRAWBERRY"": 37, ""BUY_SEED:WHEAT"": 40, ""SELL:CARROT"": 26, ""SELL:FERTILIZER"": 263, ""SELL:MELON"": 115, ""SELL:MILK"": 67, ""SELL:STRAWBERRY"": 126, ""SELL:WHEAT"": 522, ""SELL:WOOL"": 222}"
v006b_wheat_only,hamburger,2026,1,100877.0,130555.0,-29678.0,loss,DONE,DONE,1,719,0,0,0.626958,1.1216923,1.3295744400000011,1.453125,3.200642499999958,"{""BUILD_PASTURE"": 12, ""CARE"": 244, ""COLLECT_FERTILIZER"": 270, ""DIG"": 17, ""DROP"": 115, ""EAST"": 917, ""FEED"": 260, ""HARVEST"": 191, ""NORTH"": 1317, ""PASS"": 1641, ""PICKUP"": 68, ""PLACE"": 12, ""PLANT"": 100, ""SOUTH"": 980, ""WATER"": 719, ""WEST"": 1105}","{""BUY_ANIMAL"": 6, ""BUY_LAND"": 2, ""BUY_PRODUCT"": 201, ""BUY_SEED"": 53, ""HIRE"": 320, ""SELL"": 214}","{""BUY_ANIMAL:COW"": 2, ""BUY_ANIMAL:SHEEP"": 10, ""BUY_PRODUCT:WHEAT"": 648, ""BUY_SEED:CARROT"": 12, ""BUY_SEED:MELON"": 20, ""BUY_SEED:STRAWBERRY"": 37, ""BUY_SEED:WHEAT"": 38, ""SELL:CARROT"": 27, ""SELL:FERTILIZER"": 270, ""SELL:MELON"": 114, ""SELL:MILK"": 69, ""SELL:STRAWBERRY"": 126, ""SELL:WHEAT"": 508, ""SELL:WOOL"": 228}"
v006b_wheat_only,hamburger,217,0,84854.0,124053.0,-39199.0,loss,DONE,DONE,1,719,0,0,0.649167,1.1522298000000002,1.3070788800000013,2.664709,3.2068138329996145,"{""BUILD_PASTURE"": 12, ""CARE"": 217, ""COLLECT_FERTILIZER"": 271, ""DIG"": 18, ""DROP"": 115, ""EAST"": 943, ""FEED"": 260, ""HARVEST"": 190, ""NORTH"": 1294, ""PASS"": 1568, ""PICKUP"": 69, ""PLACE"": 12, ""PLANT"": 95, ""SOUTH"": 984, ""WATER"": 701, ""WEST"": 1170}","{""BUY_ANIMAL"": 7, ""BUY_LAND"": 2, ""BUY_PRODUCT"": 199, ""BUY_SEED"": 49, ""HIRE"": 318, ""SELL"": 214}","{""BUY_ANIMAL:COW"": 9, ""BUY_ANIMAL:SHEEP"": 3, ""BUY_PRODUCT:WHEAT"": 649, ""BUY_SEED:CARROT"": 13, ""BUY_SEED:MELON"": 20, ""BUY_SEED:STRAWBERRY"": 37, ""BUY_SEED:WHEAT"": 34, ""SELL:CARROT"": 27, ""SELL:FERTILIZER"": 271, ""SELL:MELON"": 114, ""SELL:MILK"": 203, ""SELL:STRAWBERRY"": 127, ""SELL:WHEAT"": 493, ""SELL:WOOL"": 77}"
v006b_wheat_only,hamburger,217,1,90060.0,125952.0,-35892.0,loss,DONE,DONE,1,719,0,0,0.642625,1.1899961,1.4353625,33.803167,3.251650750000408,"{""BUILD_PASTURE"": 12, ""CARE"": 228, ""COLLECT_FERTILIZER"": 273, ""DIG"": 17, ""DROP"": 116, ""EAST"": 920, ""FEED"": 260, ""HARVEST"": 190, ""NORTH"": 1319, ""PASS"": 1589, ""PICKUP"": 69, ""PLACE"": 12, ""PLANT"": 93, ""SOUTH"": 1017, ""WATER"": 710, ""WEST"": 1115}","{""BUY_ANIMAL"": 7, ""BUY_LAND"": 2, ""BUY_PRODUCT"": 207, ""BUY_SEED"": 49, ""HIRE"": 319, ""SELL"": 214}","{""BUY_ANIMAL:COW"": 9, ""BUY_ANIMAL:SHEEP"": 3, ""BUY_PRODUCT:WHEAT"": 650, ""BUY_SEED:CARROT"": 14, ""BUY_SEED:MELON"": 20, ""BUY_SEED:STRAWBERRY"": 37, ""BUY_SEED:WHEAT"": 33, ""SELL:CARROT"": 30, ""SELL:FERTILIZER"": 273, ""SELL:MELON"": 116, ""SELL:MILK"": 210, ""SELL:STRAWBERRY"": 127, ""SELL:WHEAT"": 486, ""SELL:WOOL"": 80}"
v006b_wheat_only,hamburger,317,0,112288.0,158213.0,-45925.0,loss,DONE,DONE,1,719,0,0,0.662875,1.2363834000000002,1.50507882,27.009125,3.302199207999365,"{""BUILD_PASTURE"": 12, ""CARE"": 240, ""COLLECT_FERTILIZER"": 271, ""DIG"": 17, ""DROP"": 130, ""EAST"": 968, ""FEED"": 257, ""HARVEST"": 206, ""NORTH"": 1353, ""PASS"": 1532, ""PICKUP"": 68, ""PLACE"": 12, ""PLANT"": 101, ""SOUTH"": 1014, ""WATER"": 709, ""WEST"": 1166}","{""BUY_ANIMAL"": 6, ""BUY_LAND"": 2, ""BUY_PRODUCT"": 202, ""BUY_SEED"": 49, ""HIRE"": 324, ""SELL"": 216}","{""BUY_ANIMAL:COW"": 10, ""BUY_ANIMAL:SHEEP"": 2, ""BUY_PRODUCT:WHEAT"": 668, ""BUY_SEED:CARROT"": 11, ""BUY_SEED:MELON"": 20, ""BUY_SEED:STRAWBERRY"": 37, ""BUY_SEED:WHEAT"": 36, ""SELL:CARROT"": 27, ""SELL:FERTILIZER"": 271, ""SELL:MELON"": 115, ""SELL:MILK"": 238, ""SELL:STRAWBERRY"": 127, ""SELL:WHEAT"": 527, ""SELL:WOOL"": 67}"
v006b_wheat_only,hamburger,317,1,111430.0,158227.0,-46797.0,loss,DONE,DONE,1,719,0,0,0.664292,1.1719545000000002,1.3756250600000006,1.69425,3.2658822090015747,"{""BUILD_PASTURE"": 12, ""CARE"": 239, ""COLLECT_FERTILIZER"": 270, ""DIG"": 18, ""DROP"": 133, ""EAST"": 961, ""FEED"": 254, ""HARVEST"": 206, ""NORTH"": 1358, ""PASS"": 1532, ""PICKUP"": 67, ""PLACE"": 12, ""PLANT"": 101, ""SOUTH"": 1021, ""WATER"": 709, ""WEST"": 1162}","{""BUY_ANIMAL"": 6, ""BUY_LAND"": 2, ""BUY_PRODUCT"": 205, ""BUY_SEED"": 49, ""HIRE"": 324, ""SELL"": 219}","{""BUY_ANIMAL:COW"": 10, ""BUY_ANIMAL:SHEEP"": 2, ""BUY_PRODUCT:WHEAT"": 706, ""BUY_SEED:CARROT"": 11, ""BUY_SEED:MELON"": 20, ""BUY_SEED:STRAWBERRY"": 37, ""BUY_SEED:WHEAT"": 36, ""SELL:CARROT"": 27, ""SELL:FERTILIZER"": 270, ""SELL:MELON"": 115, ""SELL:MILK"": 234, ""SELL:STRAWBERRY"": 127, ""SELL:WHEAT"": 566, ""SELL:WOOL"": 67}"
v006b_wheat_only,hamburger,733,0,104324.0,140027.0,-35703.0,loss,DONE,DONE,1,719,0,0,0.64775,1.1510090000000002,1.3328595600000024,1.77125,3.236901125001168,"{""BUILD_PASTURE"": 12, ""CARE"": 245, ""COLLECT_FERTILIZER"": 265, ""DIG"": 18, ""DROP"": 111, ""EAST"": 916, ""FEED"": 257, ""HARVEST"": 196, ""NORTH"": 1320, ""PASS"": 1631, ""PICKUP"": 69, ""PLACE"": 12, ""PLANT"": 103, ""SOUTH"": 975, ""WATER"": 713, ""WEST"": 1125}","{""BUY_ANIMAL"": 6, ""BUY_LAND"": 2, ""BUY_PRODUCT"": 193, ""BUY_SEED"": 52, ""HIRE"": 320, ""SELL"": 204}","{""BUY_ANIMAL:COW"": 2, ""BUY_ANIMAL:SHEEP"": 10, ""BUY_PRODUCT:WHEAT"": 649, ""BUY_SEED:CARROT"": 11, ""BUY_SEED:MELON"": 20, ""BUY_SEED:STRAWBERRY"": 37, ""BUY_SEED:WHEAT"": 39, ""SELL:CARROT"": 27, ""SELL:FERTILIZER"": 265, ""SELL:MELON"": 114, ""SELL:MILK"": 70, ""SELL:STRAWBERRY"": 128, ""SELL:WHEAT"": 512, ""SELL:WOOL"": 227}"
v006b_wheat_only,hamburger,733,1,104001.0,143120.0,-39119.0,loss,DONE,DONE,1,719,0,0,0.655125,1.1682578000000001,1.3731405600000004,14.835458,3.2590512500028126,"{""BUILD_PASTURE"": 12, ""CARE"": 249, ""COLLECT_FERTILIZER"": 264, ""DIG"": 16, ""DROP"": 111, ""EAST"": 967, ""FEED"": 254, ""HARVEST"": 192, ""NORTH"": 1326, ""PASS"": 1603, ""PICKUP"": 69, ""PLACE"": 12, ""PLANT"": 103, ""SOUTH"": 962, ""WATER"": 706, ""WEST"": 1145}","{""BUY_ANIMAL"": 6, ""BUY_LAND"": 2, ""BUY_PRODUCT"": 206, ""BUY_SEED"": 49, ""HIRE"": 321, ""SELL"": 196}","{""BUY_ANIMAL:COW"": 2, ""BUY_ANIMAL:SHEEP"": 10, ""BUY_PRODUCT:WHEAT"": 646, ""BUY_SEED:CARROT"": 10, ""BUY_SEED:MELON"": 20, ""BUY_SEED:STRAWBERRY"": 37, ""BUY_SEED:WHEAT"": 40, ""SELL:CARROT"": 24, ""SELL:FERTILIZER"": 264, ""SELL:MELON"": 112, ""SELL:MILK"": 70, ""SELL:STRAWBERRY"": 128, ""SELL:WHEAT"": 510, ""SELL:WOOL"": 224}"
