action_BUILD_PASTURE,action_CARE,action_COLLECT_FERTILIZER,action_DIG,action_DROP,action_EAST,action_FEED,action_FERTILIZE,action_HARVEST,action_NORTH,action_PASS,action_PICKUP,action_PLACE,action_PLANT,action_SOUTH,action_WATER,action_WEST,actions,calls,candidate,candidate_money,candidate_status,done,errors,invalid,margin,max_ms,opponent,opponent_money,opponent_status,p50_ms,p95_ms,p99_ms,result,seat,seed,v022e_abandoned,v022e_catchup_actions,v022e_catchup_releases,v022e_early_releases,v022e_repeat_suppressed,v022e_retry_failures,v022e_retry_success_first,v022e_retry_success_second,v022e_weed_repairs,v022e_weed_retries
14,322,324,32,100,671,323,103,341,1030,461,262,14,135,793,937,896,"{'BUILD_PASTURE': 14, 'NORTH': 1030, 'WEST': 896, 'PICKUP': 262, 'PLACE': 14, 'PLANT': 135, 'WATER': 937, 'EAST': 671, 'SOUTH': 793, 'FEED': 323, 'CARE': 322, 'PASS': 461, 'COLLECT_FERTILIZER': 324, 'DROP': 100, 'HARVEST': 341, 'DIG': 32, 'FERTILIZE': 103}",719,v022c_control,103682.0,DONE,1,0,0,899.0,0.300958,v012,102783.0,DONE,0.053959,0.083042,0.230333,win,0,17,,,,,,,,,,
14,322,324,31,100,671,323,103,341,1030,461,262,14,135,793,938,896,"{'BUILD_PASTURE': 14, 'NORTH': 1030, 'WEST': 896, 'PICKUP': 262, 'PLACE': 14, 'PLANT': 135, 'WATER': 938, 'EAST': 671, 'SOUTH': 793, 'FEED': 323, 'CARE': 322, 'PASS': 461, 'COLLECT_FERTILIZER': 324, 'DROP': 100, 'HARVEST': 341, 'DIG': 31, 'FERTILIZE': 103}",719,v022c_control,104673.0,DONE,1,0,0,2676.0,0.344041,v012,101997.0,DONE,0.050666,0.0735,0.093084,win,1,17,,,,,,,,,,
14,322,324,32,100,671,323,103,341,1030,461,262,14,135,793,937,896,"{'BUILD_PASTURE': 14, 'NORTH': 1030, 'WEST': 896, 'PICKUP': 262, 'PLACE': 14, 'PLANT': 135, 'WATER': 937, 'EAST': 671, 'SOUTH': 793, 'FEED': 323, 'CARE': 322, 'PASS': 461, 'COLLECT_FERTILIZER': 324, 'DROP': 100, 'HARVEST': 341, 'DIG': 32, 'FERTILIZE': 103}",719,v022c_control,130046.0,DONE,1,0,0,2604.0,0.3225,v012,127442.0,DONE,0.052917,0.07975,0.180666,win,0,42,,,,,,,,,,
14,322,324,33,100,671,323,103,341,1029,461,262,14,135,793,937,896,"{'BUILD_PASTURE': 14, 'NORTH': 1029, 'WEST': 896, 'PICKUP': 262, 'PLACE': 14, 'PLANT': 135, 'WATER': 937, 'EAST': 671, 'SOUTH': 793, 'FEED': 323, 'CARE': 322, 'PASS': 461, 'COLLECT_FERTILIZER': 324, 'DROP': 100, 'HARVEST': 341, 'DIG': 33, 'FERTILIZE': 103}",719,v022c_control,129223.0,DONE,1,0,0,1125.0,0.401667,v012,128098.0,DONE,0.051,0.073083,0.100458,win,1,42,,,,,,,,,,
14,322,324,34,100,671,323,103,341,1030,461,262,14,135,792,936,896,"{'BUILD_PASTURE': 14, 'NORTH': 1030, 'WEST': 896, 'PICKUP': 262, 'PLACE': 14, 'PLANT': 135, 'WATER': 936, 'EAST': 671, 'SOUTH': 792, 'FEED': 323, 'CARE': 322, 'PASS': 461, 'COLLECT_FERTILIZER': 324, 'DROP': 100, 'HARVEST': 341, 'DIG': 34, 'FERTILIZE': 103}",719,v022c_control,144474.0,DONE,1,0,0,2089.0,1.186708,v012,142385.0,DONE,0.05425,0.088708,0.192333,win,0,2026,,,,,,,,,,
14,322,324,32,99,671,323,103,341,1030,461,262,14,135,793,938,896,"{'BUILD_PASTURE': 14, 'NORTH': 1030, 'WEST': 896, 'PICKUP': 262, 'PLACE': 14, 'PLANT': 135, 'WATER': 938, 'EAST': 671, 'SOUTH': 793, 'FEED': 323, 'CARE': 322, 'PASS': 461, 'COLLECT_FERTILIZER': 324, 'DROP': 99, 'HARVEST': 341, 'DIG': 32, 'FERTILIZE': 103}",719,v022c_control,150382.0,DONE,1,0,0,1825.0,0.296125,v012,148557.0,DONE,0.051375,0.077583,0.111292,win,1,2026,,,,,,,,,,
14,322,324,32,100,671,323,103,341,1030,460,262,14,135,793,938,896,"{'BUILD_PASTURE': 14, 'NORTH': 1030, 'WEST': 896, 'PICKUP': 262, 'PLACE': 14, 'PLANT': 135, 'WATER': 938, 'EAST': 671, 'SOUTH': 793, 'FEED': 323, 'CARE': 322, 'PASS': 460, 'COLLECT_FERTILIZER': 324, 'DROP': 100, 'HARVEST': 341, 'DIG': 32, 'FERTILIZE': 103}",719,v022c_control,127598.0,DONE,1,0,0,2525.0,98.560583,v012,125073.0,DONE,0.053375,0.090042,0.235208,win,0,217,,,,,,,,,,
14,322,324,32,100,671,323,103,341,1030,460,262,14,135,793,938,896,"{'BUILD_PASTURE': 14, 'NORTH': 1030, 'WEST': 896, 'PICKUP': 262, 'PLACE': 14, 'PLANT': 135, 'WATER': 938, 'EAST': 671, 'SOUTH': 793, 'FEED': 323, 'CARE': 322, 'PASS': 460, 'COLLECT_FERTILIZER': 324, 'DROP': 100, 'HARVEST': 341, 'DIG': 32, 'FERTILIZE': 103}",719,v022c_control,127730.0,DONE,1,0,0,2640.0,0.234625,v012,125090.0,DONE,0.051625,0.0715,0.090542,win,1,217,,,,,,,,,,
14,322,323,32,100,671,323,103,341,1030,461,262,14,135,793,938,896,"{'BUILD_PASTURE': 14, 'NORTH': 1030, 'WEST': 896, 'PICKUP': 262, 'PLACE': 14, 'PLANT': 135, 'WATER': 938, 'EAST': 671, 'SOUTH': 793, 'FEED': 323, 'CARE': 322, 'PASS': 461, 'COLLECT_FERTILIZER': 323, 'DROP': 100, 'HARVEST': 341, 'DIG': 32, 'FERTILIZE': 103}",719,v022c_control,131522.0,DONE,1,0,0,2768.0,99.721417,v012,128754.0,DONE,0.052667,0.081917,0.148583,win,0,317,,,,,,,,,,
14,322,324,31,100,671,323,103,341,1030,461,262,14,135,793,938,896,"{'BUILD_PASTURE': 14, 'NORTH': 1030, 'WEST': 896, 'PICKUP': 262, 'PLACE': 14, 'PLANT': 135, 'WATER': 938, 'EAST': 671, 'SOUTH': 793, 'FEED': 323, 'CARE': 322, 'PASS': 461, 'COLLECT_FERTILIZER': 324, 'DROP': 100, 'HARVEST': 341, 'DIG': 31, 'FERTILIZE': 103}",719,v022c_control,131541.0,DONE,1,0,0,3039.0,0.368541,v012,128502.0,DONE,0.051,0.076208,0.098834,win,1,317,,,,,,,,,,
14,322,323,33,100,671,323,103,341,1030,461,262,14,135,793,937,896,"{'BUILD_PASTURE': 14, 'NORTH': 1030, 'WEST': 896, 'PICKUP': 262, 'PLACE': 14, 'PLANT': 135, 'WATER': 937, 'EAST': 671, 'SOUTH': 793, 'FEED': 323, 'CARE': 322, 'PASS': 461, 'COLLECT_FERTILIZER': 323, 'DROP': 100, 'HARVEST': 341, 'DIG': 33, 'FERTILIZE': 103}",719,v022c_control,109119.0,DONE,1,0,0,1230.0,0.352875,v012,107889.0,DONE,0.053958,0.08675,0.156458,win,0,733,,,,,,,,,,
14,322,324,32,100,671,323,103,341,1030,461,262,14,135,792,938,896,"{'BUILD_PASTURE': 14, 'NORTH': 1030, 'WEST': 896, 'PICKUP': 262, 'PLACE': 14, 'PLANT': 135, 'WATER': 938, 'EAST': 671, 'SOUTH': 792, 'FEED': 323, 'CARE': 322, 'PASS': 461, 'COLLECT_FERTILIZER': 324, 'DROP': 100, 'HARVEST': 341, 'DIG': 32, 'FERTILIZE': 103}",719,v022c_control,105450.0,DONE,1,0,0,1560.0,0.330208,v012,103890.0,DONE,0.051084,0.074375,0.095667,win,1,733,,,,,,,,,,
13,173,179,15,61,372,202,44,175,553,282,154,13,96,419,582,508,"{'BUILD_PASTURE': 13, 'NORTH': 553, 'WEST': 508, 'PICKUP': 154, 'PLACE': 13, 'PLANT': 96, 'WATER': 582, 'EAST': 372, 'SOUTH': 419, 'FEED': 202, 'CARE': 173, 'PASS': 282, 'COLLECT_FERTILIZER': 179, 'DIG': 15, 'DROP': 61, 'HARVEST': 175, 'FERTILIZE': 44}",719,v022c_control,2613.0,DONE,1,0,0,-166196.0,0.434625,v022d,168809.0,DONE,0.048583,0.089,0.239708,loss,0,17,,,,,,,,,,
12,295,310,36,94,633,308,102,337,975,419,238,10,130,763,895,835,"{'BUILD_PASTURE': 12, 'NORTH': 975, 'WEST': 835, 'PICKUP': 238, 'PLACE': 10, 'PLANT': 130, 'WATER': 895, 'EAST': 633, 'SOUTH': 763, 'FEED': 308, 'CARE': 295, 'PASS': 419, 'COLLECT_FERTILIZER': 310, 'DROP': 94, 'HARVEST': 337, 'DIG': 36, 'FERTILIZE': 102}",719,v022c_control,9123.0,DONE,1,0,0,-178668.0,0.383208,v022d,187791.0,DONE,0.04725,0.063875,0.081208,loss,1,17,,,,,,,,,,
12,105,114,11,42,247,135,22,123,357,194,99,10,69,282,375,345,"{'BUILD_PASTURE': 12, 'NORTH': 357, 'WEST': 345, 'PICKUP': 99, 'PLACE': 10, 'PLANT': 69, 'WATER': 375, 'EAST': 247, 'SOUTH': 282, 'FEED': 135, 'CARE': 105, 'PASS': 194, 'COLLECT_FERTILIZER': 114, 'DROP': 42, 'HARVEST': 123, 'DIG': 11, 'FERTILIZE': 22}",719,v022c_control,1020.0,DONE,1,0,0,-188472.0,37.686708,v022d,189492.0,DONE,0.049208,0.090209,0.222833,loss,0,42,,,,,,,,,,
12,105,114,11,42,247,135,22,123,357,194,99,10,69,282,375,345,"{'BUILD_PASTURE': 12, 'NORTH': 357, 'WEST': 345, 'PICKUP': 99, 'PLACE': 10, 'PLANT': 69, 'WATER': 375, 'EAST': 247, 'SOUTH': 282, 'FEED': 135, 'CARE': 105, 'PASS': 194, 'COLLECT_FERTILIZER': 114, 'DROP': 42, 'HARVEST': 123, 'DIG': 11, 'FERTILIZE': 22}",719,v022c_control,1020.0,DONE,1,0,0,-188522.0,0.362834,v022d,189542.0,DONE,0.0365,0.054333,0.077125,loss,1,42,,,,,,,,,,
12,286,299,36,92,609,307,97,322,940,397,240,12,123,721,863,803,"{'BUILD_PASTURE': 12, 'NORTH': 940, 'WEST': 803, 'PICKUP': 240, 'PLACE': 12, 'PLANT': 123, 'WATER': 863, 'EAST': 609, 'SOUTH': 721, 'FEED': 307, 'CARE': 286, 'PASS': 397, 'COLLECT_FERTILIZER': 299, 'DROP': 92, 'HARVEST': 322, 'DIG': 36, 'FERTILIZE': 97}",719,v022c_control,6997.0,DONE,1,0,0,-164586.0,0.290708,v022d,171583.0,DONE,0.052625,0.097167,0.21075,loss,0,2026,,,,,,,,,,
12,240,252,29,79,513,270,66,251,753,327,201,12,115,565,740,663,"{'BUILD_PASTURE': 12, 'NORTH': 753, 'WEST': 663, 'PICKUP': 201, 'PLACE': 12, 'PLANT': 115, 'WATER': 740, 'EAST': 513, 'SOUTH': 565, 'FEED': 270, 'CARE': 240, 'PASS': 327, 'COLLECT_FERTILIZER': 252, 'DROP': 79, 'HARVEST': 251, 'DIG': 29, 'FERTILIZE': 66}",719,v022c_control,5132.0,DONE,1,0,0,-155175.0,0.109459,v022d,160307.0,DONE,0.043875,0.058541,0.065833,loss,1,2026,,,,,,,,,,
12,298,307,33,92,629,311,99,325,968,411,246,12,133,743,895,825,"{'BUILD_PASTURE': 12, 'NORTH': 968, 'WEST': 825, 'PICKUP': 246, 'PLACE': 12, 'PLANT': 133, 'WATER': 895, 'EAST': 629, 'SOUTH': 743, 'FEED': 311, 'CARE': 298, 'PASS': 411, 'COLLECT_FERTILIZER': 307, 'DROP': 92, 'HARVEST': 325, 'DIG': 33, 'FERTILIZE': 99}",719,v022c_control,8498.0,DONE,1,0,0,-164590.0,0.339125,v022d,173088.0,DONE,0.05575,0.096459,0.238916,loss,0,217,,,,,,,,,,
12,277,275,34,86,585,286,80,283,869,376,225,12,128,668,842,748,"{'BUILD_PASTURE': 12, 'NORTH': 869, 'WEST': 748, 'PICKUP': 225, 'PLACE': 12, 'PLANT': 128, 'WATER': 842, 'EAST': 585, 'SOUTH': 668, 'FEED': 286, 'CARE': 277, 'PASS': 376, 'COLLECT_FERTILIZER': 275, 'DROP': 86, 'HARVEST': 283, 'DIG': 34, 'FERTILIZE': 80}",719,v022c_control,5192.0,DONE,1,0,0,-172308.0,0.36675,v022d,177500.0,DONE,0.045375,0.0635,0.0805,loss,1,217,,,,,,,,,,
12,292,306,36,94,628,308,102,332,969,413,243,11,131,753,891,833,"{'BUILD_PASTURE': 12, 'NORTH': 969, 'WEST': 833, 'PICKUP': 243, 'PLACE': 11, 'PLANT': 131, 'WATER': 891, 'EAST': 628, 'SOUTH': 753, 'FEED': 308, 'CARE': 292, 'PASS': 413, 'COLLECT_FERTILIZER': 306, 'DROP': 94, 'HARVEST': 332, 'DIG': 36, 'FERTILIZE': 102}",719,v022c_control,9456.0,DONE,1,0,0,-162946.0,44.765417,v022d,172402.0,DONE,0.054208,0.09425,0.218917,loss,0,317,,,,,,,,,,
12,292,305,36,94,628,308,102,332,969,413,243,11,131,754,891,833,"{'BUILD_PASTURE': 12, 'NORTH': 969, 'WEST': 833, 'PICKUP': 243, 'PLACE': 11, 'PLANT': 131, 'WATER': 891, 'EAST': 628, 'SOUTH': 754, 'FEED': 308, 'CARE': 292, 'PASS': 413, 'COLLECT_FERTILIZER': 305, 'DROP': 94, 'HARVEST': 332, 'DIG': 36, 'FERTILIZE': 102}",719,v022c_control,9451.0,DONE,1,0,0,-163019.0,0.310458,v022d,172470.0,DONE,0.047084,0.064,0.083333,loss,1,317,,,,,,,,,,
12,236,260,31,83,526,282,78,291,814,348,208,11,109,610,745,680,"{'BUILD_PASTURE': 12, 'NORTH': 814, 'WEST': 680, 'PICKUP': 208, 'PLACE': 11, 'PLANT': 109, 'WATER': 745, 'EAST': 526, 'SOUTH': 610, 'FEED': 282, 'CARE': 236, 'PASS': 348, 'COLLECT_FERTILIZER': 260, 'DROP': 83, 'HARVEST': 291, 'DIG': 31, 'FERTILIZE': 78}",719,v022c_control,5841.0,DONE,1,0,0,-173081.0,28.385458,v022d,178922.0,DONE,0.050917,0.092833,0.243459,loss,0,733,,,,,,,,,,
12,241,264,27,87,533,287,82,297,818,351,209,11,103,621,744,688,"{'BUILD_PASTURE': 12, 'NORTH': 818, 'WEST': 688, 'PICKUP': 209, 'PLACE': 11, 'PLANT': 103, 'WATER': 744, 'EAST': 533, 'SOUTH': 621, 'FEED': 287, 'CARE': 241, 'PASS': 351, 'COLLECT_FERTILIZER': 264, 'DROP': 87, 'HARVEST': 297, 'DIG': 27, 'FERTILIZE': 82}",719,v022c_control,6705.0,DONE,1,0,0,-161584.0,0.17575,v022d,168289.0,DONE,0.044292,0.05975,0.076125,loss,1,733,,,,,,,,,,
14,322,324,32,100,671,323,103,341,1030,461,262,14,135,793,937,896,"{'BUILD_PASTURE': 14, 'NORTH': 1030, 'WEST': 896, 'PICKUP': 262, 'PLACE': 14, 'PLANT': 135, 'WATER': 937, 'EAST': 671, 'SOUTH': 793, 'FEED': 323, 'CARE': 322, 'PASS': 461, 'COLLECT_FERTILIZER': 324, 'DROP': 100, 'HARVEST': 341, 'DIG': 32, 'FERTILIZE': 103}",719,v022c_control,103642.0,DONE,1,0,0,1318.0,0.319459,v18,102324.0,DONE,0.053291,0.084666,0.101833,win,0,17,,,,,,,,,,
14,322,324,31,100,671,323,103,341,1030,461,262,14,135,793,938,896,"{'BUILD_PASTURE': 14, 'NORTH': 1030, 'WEST': 896, 'PICKUP': 262, 'PLACE': 14, 'PLANT': 135, 'WATER': 938, 'EAST': 671, 'SOUTH': 793, 'FEED': 323, 'CARE': 322, 'PASS': 461, 'COLLECT_FERTILIZER': 324, 'DROP': 100, 'HARVEST': 341, 'DIG': 31, 'FERTILIZE': 103}",719,v022c_control,104616.0,DONE,1,0,0,3055.0,0.382083,v18,101561.0,DONE,0.051583,0.074334,0.092041,win,1,17,,,,,,,,,,
14,322,324,32,100,671,323,103,341,1030,461,262,14,135,793,937,896,"{'BUILD_PASTURE': 14, 'NORTH': 1030, 'WEST': 896, 'PICKUP': 262, 'PLACE': 14, 'PLANT': 135, 'WATER': 937, 'EAST': 671, 'SOUTH': 793, 'FEED': 323, 'CARE': 322, 'PASS': 461, 'COLLECT_FERTILIZER': 324, 'DROP': 100, 'HARVEST': 341, 'DIG': 32, 'FERTILIZE': 103}",719,v022c_control,130518.0,DONE,1,0,0,3452.0,0.320875,v18,127066.0,DONE,0.054584,0.083292,0.206,win,0,42,,,,,,,,,,
14,322,324,33,100,671,323,103,341,1029,461,262,14,135,793,937,896,"{'BUILD_PASTURE': 14, 'NORTH': 1029, 'WEST': 896, 'PICKUP': 262, 'PLACE': 14, 'PLANT': 135, 'WATER': 937, 'EAST': 671, 'SOUTH': 793, 'FEED': 323, 'CARE': 322, 'PASS': 461, 'COLLECT_FERTILIZER': 324, 'DROP': 100, 'HARVEST': 341, 'DIG': 33, 'FERTILIZE': 103}",719,v022c_control,129738.0,DONE,1,0,0,3175.0,0.325666,v18,126563.0,DONE,0.051917,0.072875,0.105208,win,1,42,,,,,,,,,,
14,322,324,34,100,671,323,103,341,1030,461,262,14,135,792,936,896,"{'BUILD_PASTURE': 14, 'NORTH': 1030, 'WEST': 896, 'PICKUP': 262, 'PLACE': 14, 'PLANT': 135, 'WATER': 936, 'EAST': 671, 'SOUTH': 792, 'FEED': 323, 'CARE': 322, 'PASS': 461, 'COLLECT_FERTILIZER': 324, 'DROP': 100, 'HARVEST': 341, 'DIG': 34, 'FERTILIZE': 103}",719,v022c_control,144444.0,DONE,1,0,0,2030.0,0.406292,v18,142414.0,DONE,0.054375,0.083208,0.132792,win,0,2026,,,,,,,,,,
14,322,324,32,99,671,323,103,341,1030,461,262,14,135,793,938,896,"{'BUILD_PASTURE': 14, 'NORTH': 1030, 'WEST': 896, 'PICKUP': 262, 'PLACE': 14, 'PLANT': 135, 'WATER': 938, 'EAST': 671, 'SOUTH': 793, 'FEED': 323, 'CARE': 322, 'PASS': 461, 'COLLECT_FERTILIZER': 324, 'DROP': 99, 'HARVEST': 341, 'DIG': 32, 'FERTILIZE': 103}",719,v022c_control,150397.0,DONE,1,0,0,2923.0,0.092417,v18,147474.0,DONE,0.050666,0.069875,0.083667,win,1,2026,,,,,,,,,,
14,322,324,32,100,671,323,103,341,1030,460,262,14,135,793,938,896,"{'BUILD_PASTURE': 14, 'NORTH': 1030, 'WEST': 896, 'PICKUP': 262, 'PLACE': 14, 'PLANT': 135, 'WATER': 938, 'EAST': 671, 'SOUTH': 793, 'FEED': 323, 'CARE': 322, 'PASS': 460, 'COLLECT_FERTILIZER': 324, 'DROP': 100, 'HARVEST': 341, 'DIG': 32, 'FERTILIZE': 103}",719,v022c_control,127857.0,DONE,1,0,0,3653.0,101.610125,v18,124204.0,DONE,0.054292,0.088458,0.213167,win,0,217,,,,,,,,,,
14,322,324,32,100,671,323,103,341,1030,460,262,14,135,793,938,896,"{'BUILD_PASTURE': 14, 'NORTH': 1030, 'WEST': 896, 'PICKUP': 262, 'PLACE': 14, 'PLANT': 135, 'WATER': 938, 'EAST': 671, 'SOUTH': 793, 'FEED': 323, 'CARE': 322, 'PASS': 460, 'COLLECT_FERTILIZER': 324, 'DROP': 100, 'HARVEST': 341, 'DIG': 32, 'FERTILIZE': 103}",719,v022c_control,127981.0,DONE,1,0,0,4608.0,0.265917,v18,123373.0,DONE,0.051208,0.073708,0.090708,win,1,217,,,,,,,,,,
14,322,323,32,100,671,323,103,341,1030,461,262,14,135,793,938,896,"{'BUILD_PASTURE': 14, 'NORTH': 1030, 'WEST': 896, 'PICKUP': 262, 'PLACE': 14, 'PLANT': 135, 'WATER': 938, 'EAST': 671, 'SOUTH': 793, 'FEED': 323, 'CARE': 322, 'PASS': 461, 'COLLECT_FERTILIZER': 323, 'DROP': 100, 'HARVEST': 341, 'DIG': 32, 'FERTILIZE': 103}",719,v022c_control,131489.0,DONE,1,0,0,2690.0,0.353958,v18,128799.0,DONE,0.05425,0.086125,0.23625,win,0,317,,,,,,,,,,
14,322,324,31,100,671,323,103,341,1030,461,262,14,135,793,938,896,"{'BUILD_PASTURE': 14, 'NORTH': 1030, 'WEST': 896, 'PICKUP': 262, 'PLACE': 14, 'PLANT': 135, 'WATER': 938, 'EAST': 671, 'SOUTH': 793, 'FEED': 323, 'CARE': 322, 'PASS': 461, 'COLLECT_FERTILIZER': 324, 'DROP': 100, 'HARVEST': 341, 'DIG': 31, 'FERTILIZE': 103}",719,v022c_control,131573.0,DONE,1,0,0,3749.0,95.798208,v18,127824.0,DONE,0.0505,0.0755,0.099792,win,1,317,,,,,,,,,,
14,322,323,33,100,671,323,103,341,1030,461,262,14,135,793,937,896,"{'BUILD_PASTURE': 14, 'NORTH': 1030, 'WEST': 896, 'PICKUP': 262, 'PLACE': 14, 'PLANT': 135, 'WATER': 937, 'EAST': 671, 'SOUTH': 793, 'FEED': 323, 'CARE': 322, 'PASS': 461, 'COLLECT_FERTILIZER': 323, 'DROP': 100, 'HARVEST': 341, 'DIG': 33, 'FERTILIZE': 103}",719,v022c_control,108876.0,DONE,1,0,0,1124.0,0.348833,v18,107752.0,DONE,0.054458,0.085208,0.13475,win,0,733,,,,,,,,,,
14,322,324,32,100,671,323,103,341,1030,461,262,14,135,792,938,896,"{'BUILD_PASTURE': 14, 'NORTH': 1030, 'WEST': 896, 'PICKUP': 262, 'PLACE': 14, 'PLANT': 135, 'WATER': 938, 'EAST': 671, 'SOUTH': 792, 'FEED': 323, 'CARE': 322, 'PASS': 461, 'COLLECT_FERTILIZER': 324, 'DROP': 100, 'HARVEST': 341, 'DIG': 32, 'FERTILIZE': 103}",719,v022c_control,105205.0,DONE,1,0,0,1457.0,0.285833,v18,103748.0,DONE,0.050875,0.074583,0.092958,win,1,733,,,,,,,,,,
14,322,324,32,100,671,323,103,341,1030,461,262,14,135,793,937,896,"{'BUILD_PASTURE': 14, 'NORTH': 1030, 'WEST': 896, 'PICKUP': 262, 'PLACE': 14, 'PLANT': 135, 'WATER': 937, 'EAST': 671, 'SOUTH': 793, 'FEED': 323, 'CARE': 322, 'PASS': 461, 'COLLECT_FERTILIZER': 324, 'DROP': 100, 'HARVEST': 341, 'DIG': 32, 'FERTILIZE': 103}",719,v022c_control,128705.0,DONE,1,0,0,5759.0,0.342375,hamburger,122946.0,DONE,0.054958,0.084708,0.220166,win,0,17,,,,,,,,,,
14,322,324,31,100,671,323,103,341,1030,461,262,14,135,793,938,896,"{'BUILD_PASTURE': 14, 'NORTH': 1030, 'WEST': 896, 'PICKUP': 262, 'PLACE': 14, 'PLANT': 135, 'WATER': 938, 'EAST': 671, 'SOUTH': 793, 'FEED': 323, 'CARE': 322, 'PASS': 461, 'COLLECT_FERTILIZER': 324, 'DROP': 100, 'HARVEST': 341, 'DIG': 31, 'FERTILIZE': 103}",719,v022c_control,130436.0,DONE,1,0,0,13979.0,0.3525,hamburger,116457.0,DONE,0.051333,0.088584,0.23575,win,1,17,,,,,,,,,,
14,322,324,32,100,671,323,103,341,1030,461,262,14,135,793,937,896,"{'BUILD_PASTURE': 14, 'NORTH': 1030, 'WEST': 896, 'PICKUP': 262, 'PLACE': 14, 'PLANT': 135, 'WATER': 937, 'EAST': 671, 'SOUTH': 793, 'FEED': 323, 'CARE': 322, 'PASS': 461, 'COLLECT_FERTILIZER': 324, 'DROP': 100, 'HARVEST': 341, 'DIG': 32, 'FERTILIZE': 103}",719,v022c_control,119435.0,DONE,1,0,0,4722.0,0.341792,hamburger,114713.0,DONE,0.0535,0.086375,0.142708,win,0,42,,,,,,,,,,
14,322,324,33,100,671,323,103,341,1029,461,262,14,135,793,937,896,"{'BUILD_PASTURE': 14, 'NORTH': 1029, 'WEST': 896, 'PICKUP': 262, 'PLACE': 14, 'PLANT': 135, 'WATER': 937, 'EAST': 671, 'SOUTH': 793, 'FEED': 323, 'CARE': 322, 'PASS': 461, 'COLLECT_FERTILIZER': 324, 'DROP': 100, 'HARVEST': 341, 'DIG': 33, 'FERTILIZE': 103}",719,v022c_control,118763.0,DONE,1,0,0,3675.0,18.751292,hamburger,115088.0,DONE,0.05225,0.082042,0.13525,win,1,42,,,,,,,,,,
14,322,324,34,100,671,323,103,341,1030,461,262,14,135,792,936,896,"{'BUILD_PASTURE': 14, 'NORTH': 1030, 'WEST': 896, 'PICKUP': 262, 'PLACE': 14, 'PLANT': 135, 'WATER': 936, 'EAST': 671, 'SOUTH': 792, 'FEED': 323, 'CARE': 322, 'PASS': 461, 'COLLECT_FERTILIZER': 324, 'DROP': 100, 'HARVEST': 341, 'DIG': 34, 'FERTILIZE': 103}",719,v022c_control,122740.0,DONE,1,0,0,4023.0,23.510166,hamburger,118717.0,DONE,0.054,0.085708,0.250084,win,0,2026,,,,,,,,,,
14,322,324,32,99,671,323,103,341,1030,461,262,14,135,793,938,896,"{'BUILD_PASTURE': 14, 'NORTH': 1030, 'WEST': 896, 'PICKUP': 262, 'PLACE': 14, 'PLANT': 135, 'WATER': 938, 'EAST': 671, 'SOUTH': 793, 'FEED': 323, 'CARE': 322, 'PASS': 461, 'COLLECT_FERTILIZER': 324, 'DROP': 99, 'HARVEST': 341, 'DIG': 32, 'FERTILIZE': 103}",719,v022c_control,123618.0,DONE,1,0,0,4820.0,0.267416,hamburger,118798.0,DONE,0.05225,0.079916,0.128584,win,1,2026,,,,,,,,,,
14,322,324,32,100,671,323,103,341,1030,460,262,14,135,793,938,896,"{'BUILD_PASTURE': 14, 'NORTH': 1030, 'WEST': 896, 'PICKUP': 262, 'PLACE': 14, 'PLANT': 135, 'WATER': 938, 'EAST': 671, 'SOUTH': 793, 'FEED': 323, 'CARE': 322, 'PASS': 460, 'COLLECT_FERTILIZER': 324, 'DROP': 100, 'HARVEST': 341, 'DIG': 32, 'FERTILIZE': 103}",719,v022c_control,127884.0,DONE,1,0,0,3549.0,0.308,hamburger,124335.0,DONE,0.053334,0.085417,0.123875,win,0,217,,,,,,,,,,
14,322,324,32,100,671,323,103,341,1030,460,262,14,135,793,938,896,"{'BUILD_PASTURE': 14, 'NORTH': 1030, 'WEST': 896, 'PICKUP': 262, 'PLACE': 14, 'PLANT': 135, 'WATER': 938, 'EAST': 671, 'SOUTH': 793, 'FEED': 323, 'CARE': 322, 'PASS': 460, 'COLLECT_FERTILIZER': 324, 'DROP': 100, 'HARVEST': 341, 'DIG': 32, 'FERTILIZE': 103}",719,v022c_control,128088.0,DONE,1,0,0,4719.0,0.256042,hamburger,123369.0,DONE,0.0525,0.08075,0.106625,win,1,217,,,,,,,,,,
14,322,323,32,100,671,323,103,341,1030,461,262,14,135,793,938,896,"{'BUILD_PASTURE': 14, 'NORTH': 1030, 'WEST': 896, 'PICKUP': 262, 'PLACE': 14, 'PLANT': 135, 'WATER': 938, 'EAST': 671, 'SOUTH': 793, 'FEED': 323, 'CARE': 322, 'PASS': 461, 'COLLECT_FERTILIZER': 323, 'DROP': 100, 'HARVEST': 341, 'DIG': 32, 'FERTILIZE': 103}",719,v022c_control,150036.0,DONE,1,0,0,3768.0,0.350084,hamburger,146268.0,DONE,0.052708,0.084833,0.2165,win,0,317,,,,,,,,,,
14,322,324,31,100,671,323,103,341,1030,461,262,14,135,793,938,896,"{'BUILD_PASTURE': 14, 'NORTH': 1030, 'WEST': 896, 'PICKUP': 262, 'PLACE': 14, 'PLANT': 135, 'WATER': 938, 'EAST': 671, 'SOUTH': 793, 'FEED': 323, 'CARE': 322, 'PASS': 461, 'COLLECT_FERTILIZER': 324, 'DROP': 100, 'HARVEST': 341, 'DIG': 31, 'FERTILIZE': 103}",719,v022c_control,150047.0,DONE,1,0,0,3779.0,0.231041,hamburger,146268.0,DONE,0.051959,0.079459,0.096,win,1,317,,,,,,,,,,
14,322,323,33,100,671,323,103,341,1030,461,262,14,135,793,937,896,"{'BUILD_PASTURE': 14, 'NORTH': 1030, 'WEST': 896, 'PICKUP': 262, 'PLACE': 14, 'PLANT': 135, 'WATER': 937, 'EAST': 671, 'SOUTH': 793, 'FEED': 323, 'CARE': 322, 'PASS': 461, 'COLLECT_FERTILIZER': 323, 'DROP': 100, 'HARVEST': 341, 'DIG': 33, 'FERTILIZE': 103}",719,v022c_control,127082.0,DONE,1,0,0,3831.0,0.290917,hamburger,123251.0,DONE,0.052958,0.083708,0.214583,win,0,733,,,,,,,,,,
14,322,324,32,100,671,323,103,341,1030,461,262,14,135,792,938,896,"{'BUILD_PASTURE': 14, 'NORTH': 1030, 'WEST': 896, 'PICKUP': 262, 'PLACE': 14, 'PLANT': 135, 'WATER': 938, 'EAST': 671, 'SOUTH': 792, 'FEED': 323, 'CARE': 322, 'PASS': 461, 'COLLECT_FERTILIZER': 324, 'DROP': 100, 'HARVEST': 341, 'DIG': 32, 'FERTILIZE': 103}",719,v022c_control,127080.0,DONE,1,0,0,4258.0,21.308083,hamburger,122822.0,DONE,0.052167,0.079958,0.101708,win,1,733,,,,,,,,,,
14,322,324,32,100,671,323,103,341,1030,461,262,14,135,793,937,896,"{'BUILD_PASTURE': 14, 'NORTH': 1030, 'WEST': 896, 'PICKUP': 262, 'PLACE': 14, 'PLANT': 135, 'WATER': 937, 'EAST': 671, 'SOUTH': 793, 'FEED': 323, 'CARE': 322, 'PASS': 461, 'COLLECT_FERTILIZER': 324, 'DROP': 100, 'HARVEST': 341, 'DIG': 32, 'FERTILIZE': 103}",719,v022c_control,125924.0,DONE,1,0,0,3425.0,0.251834,frontier,122499.0,DONE,0.051583,0.08,0.097208,win,0,17,,,,,,,,,,
14,322,324,31,100,671,323,103,341,1030,461,262,14,135,793,938,896,"{'BUILD_PASTURE': 14, 'NORTH': 1030, 'WEST': 896, 'PICKUP': 262, 'PLACE': 14, 'PLANT': 135, 'WATER': 938, 'EAST': 671, 'SOUTH': 793, 'FEED': 323, 'CARE': 322, 'PASS': 461, 'COLLECT_FERTILIZER': 324, 'DROP': 100, 'HARVEST': 341, 'DIG': 31, 'FERTILIZE': 103}",719,v022c_control,128021.0,DONE,1,0,0,13766.0,0.236625,frontier,114255.0,DONE,0.052792,0.084125,0.131541,win,1,17,,,,,,,,,,
14,322,324,32,100,671,323,103,341,1030,461,262,14,135,793,937,896,"{'BUILD_PASTURE': 14, 'NORTH': 1030, 'WEST': 896, 'PICKUP': 262, 'PLACE': 14, 'PLANT': 135, 'WATER': 937, 'EAST': 671, 'SOUTH': 793, 'FEED': 323, 'CARE': 322, 'PASS': 461, 'COLLECT_FERTILIZER': 324, 'DROP': 100, 'HARVEST': 341, 'DIG': 32, 'FERTILIZE': 103}",719,v022c_control,117757.0,DONE,1,0,0,4646.0,66.624125,frontier,113111.0,DONE,0.053583,0.087083,0.224959,win,0,42,,,,,,,,,,
14,322,324,33,100,671,323,103,341,1029,461,262,14,135,793,937,896,"{'BUILD_PASTURE': 14, 'NORTH': 1029, 'WEST': 896, 'PICKUP': 262, 'PLACE': 14, 'PLANT': 135, 'WATER': 937, 'EAST': 671, 'SOUTH': 793, 'FEED': 323, 'CARE': 322, 'PASS': 461, 'COLLECT_FERTILIZER': 324, 'DROP': 100, 'HARVEST': 341, 'DIG': 33, 'FERTILIZE': 103}",719,v022c_control,117053.0,DONE,1,0,0,3517.0,0.256,frontier,113536.0,DONE,0.05275,0.085458,0.131333,win,1,42,,,,,,,,,,
14,322,324,34,100,671,323,103,341,1030,461,262,14,135,792,936,896,"{'BUILD_PASTURE': 14, 'NORTH': 1030, 'WEST': 896, 'PICKUP': 262, 'PLACE': 14, 'PLANT': 135, 'WATER': 936, 'EAST': 671, 'SOUTH': 792, 'FEED': 323, 'CARE': 322, 'PASS': 461, 'COLLECT_FERTILIZER': 324, 'DROP': 100, 'HARVEST': 341, 'DIG': 34, 'FERTILIZE': 103}",719,v022c_control,119923.0,DONE,1,0,0,3701.0,0.302583,frontier,116222.0,DONE,0.054333,0.081833,0.218875,win,0,2026,,,,,,,,,,
14,322,324,32,99,671,323,103,341,1030,461,262,14,135,793,938,896,"{'BUILD_PASTURE': 14, 'NORTH': 1030, 'WEST': 896, 'PICKUP': 262, 'PLACE': 14, 'PLANT': 135, 'WATER': 938, 'EAST': 671, 'SOUTH': 793, 'FEED': 323, 'CARE': 322, 'PASS': 461, 'COLLECT_FERTILIZER': 324, 'DROP': 99, 'HARVEST': 341, 'DIG': 32, 'FERTILIZE': 103}",719,v022c_control,120594.0,DONE,1,0,0,3537.0,70.07125,frontier,117057.0,DONE,0.051375,0.083083,0.223542,win,1,2026,,,,,,,,,,
14,322,324,32,100,671,323,103,341,1030,460,262,14,135,793,938,896,"{'BUILD_PASTURE': 14, 'NORTH': 1030, 'WEST': 896, 'PICKUP': 262, 'PLACE': 14, 'PLANT': 135, 'WATER': 938, 'EAST': 671, 'SOUTH': 793, 'FEED': 323, 'CARE': 322, 'PASS': 460, 'COLLECT_FERTILIZER': 324, 'DROP': 100, 'HARVEST': 341, 'DIG': 32, 'FERTILIZE': 103}",719,v022c_control,127636.0,DONE,1,0,0,6747.0,46.598,frontier,120889.0,DONE,0.053125,0.085166,0.250166,win,0,217,,,,,,,,,,
14,322,324,32,100,671,323,103,341,1030,460,262,14,135,793,938,896,"{'BUILD_PASTURE': 14, 'NORTH': 1030, 'WEST': 896, 'PICKUP': 262, 'PLACE': 14, 'PLANT': 135, 'WATER': 938, 'EAST': 671, 'SOUTH': 793, 'FEED': 323, 'CARE': 322, 'PASS': 460, 'COLLECT_FERTILIZER': 324, 'DROP': 100, 'HARVEST': 341, 'DIG': 32, 'FERTILIZE': 103}",719,v022c_control,127636.0,DONE,1,0,0,6747.0,44.877375,frontier,120889.0,DONE,0.052209,0.080583,0.100833,win,1,217,,,,,,,,,,
14,322,323,32,100,671,323,103,341,1030,461,262,14,135,793,938,896,"{'BUILD_PASTURE': 14, 'NORTH': 1030, 'WEST': 896, 'PICKUP': 262, 'PLACE': 14, 'PLANT': 135, 'WATER': 938, 'EAST': 671, 'SOUTH': 793, 'FEED': 323, 'CARE': 322, 'PASS': 461, 'COLLECT_FERTILIZER': 323, 'DROP': 100, 'HARVEST': 341, 'DIG': 32, 'FERTILIZE': 103}",719,v022c_control,149071.0,DONE,1,0,0,3412.0,76.242084,frontier,145659.0,DONE,0.053,0.082416,0.122292,win,0,317,,,,,,,,,,
14,322,324,31,100,671,323,103,341,1030,461,262,14,135,793,938,896,"{'BUILD_PASTURE': 14, 'NORTH': 1030, 'WEST': 896, 'PICKUP': 262, 'PLACE': 14, 'PLANT': 135, 'WATER': 938, 'EAST': 671, 'SOUTH': 793, 'FEED': 323, 'CARE': 322, 'PASS': 461, 'COLLECT_FERTILIZER': 324, 'DROP': 100, 'HARVEST': 341, 'DIG': 31, 'FERTILIZE': 103}",719,v022c_control,149082.0,DONE,1,0,0,3424.0,0.301167,frontier,145658.0,DONE,0.051084,0.08375,0.10275,win,1,317,,,,,,,,,,
14,322,323,33,100,671,323,103,341,1030,461,262,14,135,793,937,896,"{'BUILD_PASTURE': 14, 'NORTH': 1030, 'WEST': 896, 'PICKUP': 262, 'PLACE': 14, 'PLANT': 135, 'WATER': 937, 'EAST': 671, 'SOUTH': 793, 'FEED': 323, 'CARE': 322, 'PASS': 461, 'COLLECT_FERTILIZER': 323, 'DROP': 100, 'HARVEST': 341, 'DIG': 33, 'FERTILIZE': 103}",719,v022c_control,126596.0,DONE,1,0,0,3838.0,40.721041,frontier,122758.0,DONE,0.053708,0.086209,0.1515,win,0,733,,,,,,,,,,
14,322,324,32,100,671,323,103,341,1030,461,262,14,135,792,938,896,"{'BUILD_PASTURE': 14, 'NORTH': 1030, 'WEST': 896, 'PICKUP': 262, 'PLACE': 14, 'PLANT': 135, 'WATER': 938, 'EAST': 671, 'SOUTH': 792, 'FEED': 323, 'CARE': 322, 'PASS': 461, 'COLLECT_FERTILIZER': 324, 'DROP': 100, 'HARVEST': 341, 'DIG': 32, 'FERTILIZE': 103}",719,v022c_control,125722.0,DONE,1,0,0,3659.0,0.306625,frontier,122063.0,DONE,0.052166,0.081541,0.209208,win,1,733,,,,,,,,,,
14,319,322,36,100,668,322,103,341,1022,447,261,14,135,786,924,883,"{'BUILD_PASTURE': 14, 'NORTH': 1022, 'WEST': 883, 'PICKUP': 261, 'PLACE': 14, 'PLANT': 135, 'WATER': 924, 'EAST': 668, 'SOUTH': 786, 'FEED': 322, 'CARE': 319, 'PASS': 447, 'COLLECT_FERTILIZER': 322, 'DROP': 100, 'HARVEST': 341, 'DIG': 36, 'FERTILIZE': 103}",719,v022c_control,131700.0,DONE,1,0,0,27057.0,0.248584,baseline,104643.0,DONE,0.056334,0.089833,0.219167,win,0,17,,,,,,,,,,
14,319,322,35,100,668,322,103,341,1022,448,261,14,135,786,924,883,"{'BUILD_PASTURE': 14, 'NORTH': 1022, 'WEST': 883, 'PICKUP': 261, 'PLACE': 14, 'PLANT': 135, 'WATER': 924, 'EAST': 668, 'SOUTH': 786, 'FEED': 322, 'CARE': 319, 'PASS': 448, 'COLLECT_FERTILIZER': 322, 'DROP': 100, 'HARVEST': 341, 'DIG': 35, 'FERTILIZE': 103}",719,v022c_control,129705.0,DONE,1,0,0,30309.0,0.335917,baseline,99396.0,DONE,0.053459,0.073333,0.121667,win,1,17,,,,,,,,,,
14,319,322,36,100,668,322,103,341,1022,448,261,14,134,786,924,883,"{'BUILD_PASTURE': 14, 'NORTH': 1022, 'WEST': 883, 'PICKUP': 261, 'PLACE': 14, 'PLANT': 134, 'WATER': 924, 'EAST': 668, 'SOUTH': 786, 'FEED': 322, 'CARE': 319, 'PASS': 448, 'COLLECT_FERTILIZER': 322, 'DROP': 100, 'HARVEST': 341, 'DIG': 36, 'FERTILIZE': 103}",719,v022c_control,63918.0,DONE,1,0,0,-35364.0,0.487334,baseline,99282.0,DONE,0.054666,0.094167,0.171959,loss,0,42,,,,,,,,,,
14,319,322,36,100,668,322,103,341,1022,448,261,14,134,786,924,883,"{'BUILD_PASTURE': 14, 'NORTH': 1022, 'WEST': 883, 'PICKUP': 261, 'PLACE': 14, 'PLANT': 134, 'WATER': 924, 'EAST': 668, 'SOUTH': 786, 'FEED': 322, 'CARE': 319, 'PASS': 448, 'COLLECT_FERTILIZER': 322, 'DROP': 100, 'HARVEST': 341, 'DIG': 36, 'FERTILIZE': 103}",719,v022c_control,64109.0,DONE,1,0,0,-32167.0,0.238083,baseline,96276.0,DONE,0.052125,0.069958,0.090958,loss,1,42,,,,,,,,,,
14,319,322,37,100,668,322,103,341,1022,447,261,14,134,786,924,883,"{'BUILD_PASTURE': 14, 'NORTH': 1022, 'WEST': 883, 'PICKUP': 261, 'PLACE': 14, 'PLANT': 134, 'WATER': 924, 'EAST': 668, 'SOUTH': 786, 'FEED': 322, 'CARE': 319, 'PASS': 447, 'COLLECT_FERTILIZER': 322, 'DROP': 100, 'HARVEST': 341, 'DIG': 37, 'FERTILIZE': 103}",719,v022c_control,61994.0,DONE,1,0,0,-27315.0,0.283792,baseline,89309.0,DONE,0.054959,0.097666,0.2395,loss,0,2026,,,,,,,,,,
14,319,322,36,100,668,322,103,341,1022,448,261,14,134,786,924,883,"{'BUILD_PASTURE': 14, 'NORTH': 1022, 'WEST': 883, 'PICKUP': 261, 'PLACE': 14, 'PLANT': 134, 'WATER': 924, 'EAST': 668, 'SOUTH': 786, 'FEED': 322, 'CARE': 319, 'PASS': 448, 'COLLECT_FERTILIZER': 322, 'DROP': 100, 'HARVEST': 341, 'DIG': 36, 'FERTILIZE': 103}",719,v022c_control,61994.0,DONE,1,0,0,-27315.0,0.22475,baseline,89309.0,DONE,0.051916,0.0705,0.0895,loss,1,2026,,,,,,,,,,
14,319,322,36,100,668,322,103,341,1022,448,261,14,135,786,924,882,"{'BUILD_PASTURE': 14, 'NORTH': 1022, 'WEST': 882, 'PICKUP': 261, 'PLACE': 14, 'PLANT': 135, 'WATER': 924, 'EAST': 668, 'SOUTH': 786, 'FEED': 322, 'CARE': 319, 'PASS': 448, 'COLLECT_FERTILIZER': 322, 'DROP': 100, 'HARVEST': 341, 'DIG': 36, 'FERTILIZE': 103}",719,v022c_control,144867.0,DONE,1,0,0,38360.0,0.307792,baseline,106507.0,DONE,0.056583,0.08975,0.226667,win,0,217,,,,,,,,,,
14,319,322,37,100,668,322,103,341,1022,447,261,14,135,786,923,883,"{'BUILD_PASTURE': 14, 'NORTH': 1022, 'WEST': 883, 'PICKUP': 261, 'PLACE': 14, 'PLANT': 135, 'WATER': 923, 'EAST': 668, 'SOUTH': 786, 'FEED': 322, 'CARE': 319, 'PASS': 447, 'COLLECT_FERTILIZER': 322, 'DROP': 100, 'HARVEST': 341, 'DIG': 37, 'FERTILIZE': 103}",719,v022c_control,141800.0,DONE,1,0,0,38014.0,0.270459,baseline,103786.0,DONE,0.051958,0.072417,0.097834,win,1,217,,,,,,,,,,
14,319,321,36,100,668,322,103,341,1022,448,261,14,135,786,924,883,"{'BUILD_PASTURE': 14, 'NORTH': 1022, 'WEST': 883, 'PICKUP': 261, 'PLACE': 14, 'PLANT': 135, 'WATER': 924, 'EAST': 668, 'SOUTH': 786, 'FEED': 322, 'CARE': 319, 'PASS': 448, 'COLLECT_FERTILIZER': 321, 'DROP': 100, 'HARVEST': 341, 'DIG': 36, 'FERTILIZE': 103}",719,v022c_control,154630.0,DONE,1,0,0,45671.0,0.469,baseline,108959.0,DONE,0.05525,0.09025,0.229625,win,0,317,,,,,,,,,,
14,319,322,35,100,668,322,103,341,1022,448,261,14,135,786,924,883,"{'BUILD_PASTURE': 14, 'NORTH': 1022, 'WEST': 883, 'PICKUP': 261, 'PLACE': 14, 'PLANT': 135, 'WATER': 924, 'EAST': 668, 'SOUTH': 786, 'FEED': 322, 'CARE': 319, 'PASS': 448, 'COLLECT_FERTILIZER': 322, 'DROP': 100, 'HARVEST': 341, 'DIG': 35, 'FERTILIZE': 103}",719,v022c_control,154630.0,DONE,1,0,0,45671.0,56.972417,baseline,108959.0,DONE,0.051917,0.071,0.088208,win,1,317,,,,,,,,,,
14,319,322,38,100,668,322,103,341,1021,448,261,14,134,786,923,883,"{'BUILD_PASTURE': 14, 'NORTH': 1021, 'WEST': 883, 'PICKUP': 261, 'PLACE': 14, 'PLANT': 134, 'WATER': 923, 'EAST': 668, 'SOUTH': 786, 'FEED': 322, 'CARE': 319, 'PASS': 448, 'COLLECT_FERTILIZER': 322, 'DROP': 100, 'HARVEST': 341, 'DIG': 38, 'FERTILIZE': 103}",719,v022c_control,153737.0,DONE,1,0,0,47195.0,0.237958,baseline,106542.0,DONE,0.056625,0.087417,0.134542,win,0,733,,,,,,,,,,
14,319,322,36,100,668,322,103,341,1022,447,261,14,135,786,924,883,"{'BUILD_PASTURE': 14, 'NORTH': 1022, 'WEST': 883, 'PICKUP': 261, 'PLACE': 14, 'PLANT': 135, 'WATER': 924, 'EAST': 668, 'SOUTH': 786, 'FEED': 322, 'CARE': 319, 'PASS': 447, 'COLLECT_FERTILIZER': 322, 'DROP': 100, 'HARVEST': 341, 'DIG': 36, 'FERTILIZE': 103}",719,v022c_control,138277.0,DONE,1,0,0,47095.0,0.426416,baseline,91182.0,DONE,0.0515,0.072458,0.090417,win,1,733,,,,,,,,,,
14,322,324,32,100,671,323,103,341,1030,461,262,14,135,793,937,896,"{'BUILD_PASTURE': 14, 'NORTH': 1030, 'WEST': 896, 'PICKUP': 262, 'PLACE': 14, 'PLANT': 135, 'WATER': 937, 'EAST': 671, 'SOUTH': 793, 'FEED': 323, 'CARE': 322, 'PASS': 461, 'COLLECT_FERTILIZER': 324, 'DROP': 100, 'HARVEST': 341, 'DIG': 32, 'FERTILIZE': 103}",719,v022c_control,185669.0,DONE,1,0,0,182173.0,0.409916,starter,3496.0,DONE,0.052667,0.086417,0.229083,win,0,17,,,,,,,,,,
14,322,324,31,100,671,323,103,341,1030,461,262,14,135,793,938,896,"{'BUILD_PASTURE': 14, 'NORTH': 1030, 'WEST': 896, 'PICKUP': 262, 'PLACE': 14, 'PLANT': 135, 'WATER': 938, 'EAST': 671, 'SOUTH': 793, 'FEED': 323, 'CARE': 322, 'PASS': 461, 'COLLECT_FERTILIZER': 324, 'DROP': 100, 'HARVEST': 341, 'DIG': 31, 'FERTILIZE': 103}",719,v022c_control,187121.0,DONE,1,0,0,183632.0,0.374333,starter,3489.0,DONE,0.052,0.085167,0.105208,win,1,17,,,,,,,,,,
14,322,324,32,100,671,323,103,341,1030,461,262,14,135,793,937,896,"{'BUILD_PASTURE': 14, 'NORTH': 1030, 'WEST': 896, 'PICKUP': 262, 'PLACE': 14, 'PLANT': 135, 'WATER': 937, 'EAST': 671, 'SOUTH': 793, 'FEED': 323, 'CARE': 322, 'PASS': 461, 'COLLECT_FERTILIZER': 324, 'DROP': 100, 'HARVEST': 341, 'DIG': 32, 'FERTILIZE': 103}",719,v022c_control,191036.0,DONE,1,0,0,187532.0,0.444709,starter,3504.0,DONE,0.051542,0.088,0.116292,win,0,42,,,,,,,,,,
14,322,324,32,100,670,323,103,341,1030,461,262,14,135,793,938,896,"{'BUILD_PASTURE': 14, 'NORTH': 1030, 'WEST': 896, 'PICKUP': 262, 'PLACE': 14, 'PLANT': 135, 'WATER': 938, 'EAST': 670, 'SOUTH': 793, 'FEED': 323, 'CARE': 322, 'PASS': 461, 'COLLECT_FERTILIZER': 324, 'DROP': 100, 'HARVEST': 341, 'DIG': 32, 'FERTILIZE': 103}",719,v022c_control,191036.0,DONE,1,0,0,187532.0,31.750833,starter,3504.0,DONE,0.051917,0.091833,0.266084,win,1,42,,,,,,,,,,
14,322,324,34,100,671,323,103,341,1030,461,262,14,135,792,936,896,"{'BUILD_PASTURE': 14, 'NORTH': 1030, 'WEST': 896, 'PICKUP': 262, 'PLACE': 14, 'PLANT': 135, 'WATER': 936, 'EAST': 671, 'SOUTH': 792, 'FEED': 323, 'CARE': 322, 'PASS': 461, 'COLLECT_FERTILIZER': 324, 'DROP': 100, 'HARVEST': 341, 'DIG': 34, 'FERTILIZE': 103}",719,v022c_control,190134.0,DONE,1,0,0,186637.0,18.24025,starter,3497.0,DONE,0.053125,0.096042,0.270334,win,0,2026,,,,,,,,,,
14,322,324,34,100,670,323,103,341,1030,460,262,14,135,793,937,896,"{'BUILD_PASTURE': 14, 'NORTH': 1030, 'WEST': 896, 'PICKUP': 262, 'PLACE': 14, 'PLANT': 135, 'WATER': 937, 'EAST': 670, 'SOUTH': 793, 'FEED': 323, 'CARE': 322, 'PASS': 460, 'COLLECT_FERTILIZER': 324, 'DROP': 100, 'HARVEST': 341, 'DIG': 34, 'FERTILIZE': 103}",719,v022c_control,184386.0,DONE,1,0,0,180883.0,17.585125,starter,3503.0,DONE,0.051458,0.091166,0.229791,win,1,2026,,,,,,,,,,
14,322,324,32,100,671,323,103,341,1030,460,262,14,135,793,938,896,"{'BUILD_PASTURE': 14, 'NORTH': 1030, 'WEST': 896, 'PICKUP': 262, 'PLACE': 14, 'PLANT': 135, 'WATER': 938, 'EAST': 671, 'SOUTH': 793, 'FEED': 323, 'CARE': 322, 'PASS': 460, 'COLLECT_FERTILIZER': 324, 'DROP': 100, 'HARVEST': 341, 'DIG': 32, 'FERTILIZE': 103}",719,v022c_control,189100.0,DONE,1,0,0,185603.0,0.380334,starter,3497.0,DONE,0.051458,0.087042,0.253958,win,0,217,,,,,,,,,,
14,322,324,34,100,671,323,103,341,1030,461,262,14,134,793,936,896,"{'BUILD_PASTURE': 14, 'NORTH': 1030, 'WEST': 896, 'PICKUP': 262, 'PLACE': 14, 'PLANT': 134, 'WATER': 936, 'EAST': 671, 'SOUTH': 793, 'FEED': 323, 'CARE': 322, 'PASS': 461, 'COLLECT_FERTILIZER': 324, 'DROP': 100, 'HARVEST': 341, 'DIG': 34, 'FERTILIZE': 103}",719,v022c_control,187842.0,DONE,1,0,0,184345.0,0.4575,starter,3497.0,DONE,0.05225,0.092,0.246417,win,1,217,,,,,,,,,,
14,322,323,32,100,671,323,103,341,1030,461,262,14,135,793,938,896,"{'BUILD_PASTURE': 14, 'NORTH': 1030, 'WEST': 896, 'PICKUP': 262, 'PLACE': 14, 'PLANT': 135, 'WATER': 938, 'EAST': 671, 'SOUTH': 793, 'FEED': 323, 'CARE': 322, 'PASS': 461, 'COLLECT_FERTILIZER': 323, 'DROP': 100, 'HARVEST': 341, 'DIG': 32, 'FERTILIZE': 103}",719,v022c_control,186957.0,DONE,1,0,0,183450.0,20.708,starter,3507.0,DONE,0.053,0.083417,0.225708,win,0,317,,,,,,,,,,
14,322,324,32,100,671,323,103,341,1030,461,262,14,135,792,938,896,"{'BUILD_PASTURE': 14, 'NORTH': 1030, 'WEST': 896, 'PICKUP': 262, 'PLACE': 14, 'PLANT': 135, 'WATER': 938, 'EAST': 671, 'SOUTH': 792, 'FEED': 323, 'CARE': 322, 'PASS': 461, 'COLLECT_FERTILIZER': 324, 'DROP': 100, 'HARVEST': 341, 'DIG': 32, 'FERTILIZE': 103}",719,v022c_control,187013.0,DONE,1,0,0,183506.0,16.84475,starter,3507.0,DONE,0.052208,0.0845,0.194083,win,1,317,,,,,,,,,,
14,322,323,33,100,671,323,103,341,1030,461,262,14,135,793,937,896,"{'BUILD_PASTURE': 14, 'NORTH': 1030, 'WEST': 896, 'PICKUP': 262, 'PLACE': 14, 'PLANT': 135, 'WATER': 937, 'EAST': 671, 'SOUTH': 793, 'FEED': 323, 'CARE': 322, 'PASS': 461, 'COLLECT_FERTILIZER': 323, 'DROP': 100, 'HARVEST': 341, 'DIG': 33, 'FERTILIZE': 103}",719,v022c_control,181104.0,DONE,1,0,0,177601.0,16.86525,starter,3503.0,DONE,0.053375,0.088708,0.239166,win,0,733,,,,,,,,,,
14,322,324,33,100,671,323,103,341,1030,461,262,14,135,791,938,896,"{'BUILD_PASTURE': 14, 'NORTH': 1030, 'WEST': 896, 'PICKUP': 262, 'PLACE': 14, 'PLANT': 135, 'WATER': 938, 'EAST': 671, 'SOUTH': 791, 'FEED': 323, 'CARE': 322, 'PASS': 461, 'COLLECT_FERTILIZER': 324, 'DROP': 100, 'HARVEST': 341, 'DIG': 33, 'FERTILIZE': 103}",719,v022c_control,177181.0,DONE,1,0,0,173678.0,0.51525,starter,3503.0,DONE,0.052833,0.093,0.206833,win,1,733,,,,,,,,,,
14,322,324,32,100,671,323,103,341,1030,461,262,14,135,793,937,896,"{'BUILD_PASTURE': 14, 'NORTH': 1030, 'WEST': 896, 'PICKUP': 262, 'PLACE': 14, 'PLANT': 135, 'WATER': 937, 'EAST': 671, 'SOUTH': 793, 'FEED': 323, 'CARE': 322, 'PASS': 461, 'COLLECT_FERTILIZER': 324, 'DROP': 100, 'HARVEST': 341, 'DIG': 32, 'FERTILIZE': 103}",719,v022c_control,185858.0,DONE,1,0,0,185858.0,0.332416,random,0.0,DONE,0.05525,0.109166,0.233375,win,0,17,,,,,,,,,,
14,322,324,32,100,671,323,103,341,1030,461,262,14,135,793,937,896,"{'BUILD_PASTURE': 14, 'NORTH': 1030, 'WEST': 896, 'PICKUP': 262, 'PLACE': 14, 'PLANT': 135, 'WATER': 937, 'EAST': 671, 'SOUTH': 793, 'FEED': 323, 'CARE': 322, 'PASS': 461, 'COLLECT_FERTILIZER': 324, 'DROP': 100, 'HARVEST': 341, 'DIG': 32, 'FERTILIZE': 103}",719,v022c_control,190455.0,DONE,1,0,0,190455.0,20.215792,random,0.0,DONE,0.057083,0.12025,0.286125,win,1,17,,,,,,,,,,
14,322,324,32,100,671,323,103,341,1030,461,262,14,135,793,937,896,"{'BUILD_PASTURE': 14, 'NORTH': 1030, 'WEST': 896, 'PICKUP': 262, 'PLACE': 14, 'PLANT': 135, 'WATER': 937, 'EAST': 671, 'SOUTH': 793, 'FEED': 323, 'CARE': 322, 'PASS': 461, 'COLLECT_FERTILIZER': 324, 'DROP': 100, 'HARVEST': 341, 'DIG': 32, 'FERTILIZE': 103}",719,v022c_control,186103.0,DONE,1,0,0,186103.0,36.65025,random,0.0,DONE,0.0565,0.112083,0.233666,win,0,42,,,,,,,,,,
14,322,324,32,100,671,323,103,341,1030,461,262,14,135,792,938,896,"{'BUILD_PASTURE': 14, 'NORTH': 1030, 'WEST': 896, 'PICKUP': 262, 'PLACE': 14, 'PLANT': 135, 'WATER': 938, 'EAST': 671, 'SOUTH': 792, 'FEED': 323, 'CARE': 322, 'PASS': 461, 'COLLECT_FERTILIZER': 324, 'DROP': 100, 'HARVEST': 341, 'DIG': 32, 'FERTILIZE': 103}",719,v022c_control,189760.0,DONE,1,0,0,189760.0,0.361458,random,0.0,DONE,0.058375,0.115792,0.220584,win,1,42,,,,,,,,,,
14,322,324,34,100,671,323,103,341,1030,461,262,14,135,792,936,896,"{'BUILD_PASTURE': 14, 'NORTH': 1030, 'WEST': 896, 'PICKUP': 262, 'PLACE': 14, 'PLANT': 135, 'WATER': 936, 'EAST': 671, 'SOUTH': 792, 'FEED': 323, 'CARE': 322, 'PASS': 461, 'COLLECT_FERTILIZER': 324, 'DROP': 100, 'HARVEST': 341, 'DIG': 34, 'FERTILIZE': 103}",719,v022c_control,173643.0,DONE,1,0,0,173643.0,29.563042,random,0.0,DONE,0.057959,0.1085,0.244666,win,0,2026,,,,,,,,,,
14,322,324,32,100,671,323,103,341,1030,460,262,14,135,793,938,896,"{'BUILD_PASTURE': 14, 'NORTH': 1030, 'WEST': 896, 'PICKUP': 262, 'PLACE': 14, 'PLANT': 135, 'WATER': 938, 'EAST': 671, 'SOUTH': 793, 'FEED': 323, 'CARE': 322, 'PASS': 460, 'COLLECT_FERTILIZER': 324, 'DROP': 100, 'HARVEST': 341, 'DIG': 32, 'FERTILIZE': 103}",719,v022c_control,170913.0,DONE,1,0,0,170913.0,0.503167,random,0.0,DONE,0.059166,0.113834,0.238208,win,1,2026,,,,,,,,,,
14,322,324,32,100,671,323,103,341,1030,460,262,14,135,793,938,896,"{'BUILD_PASTURE': 14, 'NORTH': 1030, 'WEST': 896, 'PICKUP': 262, 'PLACE': 14, 'PLANT': 135, 'WATER': 938, 'EAST': 671, 'SOUTH': 793, 'FEED': 323, 'CARE': 322, 'PASS': 460, 'COLLECT_FERTILIZER': 324, 'DROP': 100, 'HARVEST': 341, 'DIG': 32, 'FERTILIZE': 103}",719,v022c_control,182072.0,DONE,1,0,0,182072.0,0.383042,random,0.0,DONE,0.058667,0.109167,0.22,win,0,217,,,,,,,,,,
14,322,324,33,99,671,323,103,341,1030,461,262,14,134,793,938,896,"{'BUILD_PASTURE': 14, 'NORTH': 1030, 'WEST': 896, 'PICKUP': 262, 'PLACE': 14, 'PLANT': 134, 'WATER': 938, 'EAST': 671, 'SOUTH': 793, 'FEED': 323, 'CARE': 322, 'PASS': 461, 'COLLECT_FERTILIZER': 324, 'DROP': 99, 'HARVEST': 341, 'DIG': 33, 'FERTILIZE': 103}",719,v022c_control,173782.0,DONE,1,0,0,173782.0,0.365375,random,0.0,DONE,0.058292,0.10875,0.228416,win,1,217,,,,,,,,,,
14,322,323,32,100,671,323,103,341,1030,461,262,14,135,793,938,896,"{'BUILD_PASTURE': 14, 'NORTH': 1030, 'WEST': 896, 'PICKUP': 262, 'PLACE': 14, 'PLANT': 135, 'WATER': 938, 'EAST': 671, 'SOUTH': 793, 'FEED': 323, 'CARE': 322, 'PASS': 461, 'COLLECT_FERTILIZER': 323, 'DROP': 100, 'HARVEST': 341, 'DIG': 32, 'FERTILIZE': 103}",719,v022c_control,187146.0,DONE,1,0,0,187146.0,34.1585,random,0.0,DONE,0.058042,0.12025,0.267416,win,0,317,,,,,,,,,,
14,322,324,31,100,671,323,103,341,1030,461,262,14,135,793,938,896,"{'BUILD_PASTURE': 14, 'NORTH': 1030, 'WEST': 896, 'PICKUP': 262, 'PLACE': 14, 'PLANT': 135, 'WATER': 938, 'EAST': 671, 'SOUTH': 793, 'FEED': 323, 'CARE': 322, 'PASS': 461, 'COLLECT_FERTILIZER': 324, 'DROP': 100, 'HARVEST': 341, 'DIG': 31, 'FERTILIZE': 103}",719,v022c_control,192102.0,DONE,1,0,0,191962.0,0.436292,random,140.0,DONE,0.0555,0.116,0.246542,win,1,317,,,,,,,,,,
14,322,323,33,100,671,323,103,341,1030,461,262,14,135,793,937,896,"{'BUILD_PASTURE': 14, 'NORTH': 1030, 'WEST': 896, 'PICKUP': 262, 'PLACE': 14, 'PLANT': 135, 'WATER': 937, 'EAST': 671, 'SOUTH': 793, 'FEED': 323, 'CARE': 322, 'PASS': 461, 'COLLECT_FERTILIZER': 323, 'DROP': 100, 'HARVEST': 341, 'DIG': 33, 'FERTILIZE': 103}",719,v022c_control,195912.0,DONE,1,0,0,195912.0,36.103375,random,0.0,DONE,0.056875,0.107417,0.235208,win,0,733,,,,,,,,,,
14,322,324,32,100,671,323,103,341,1030,460,262,14,135,793,938,896,"{'BUILD_PASTURE': 14, 'NORTH': 1030, 'WEST': 896, 'PICKUP': 262, 'PLACE': 14, 'PLANT': 135, 'WATER': 938, 'EAST': 671, 'SOUTH': 793, 'FEED': 323, 'CARE': 322, 'PASS': 460, 'COLLECT_FERTILIZER': 324, 'DROP': 100, 'HARVEST': 341, 'DIG': 32, 'FERTILIZE': 103}",719,v022c_control,187501.0,DONE,1,0,0,187501.0,0.390292,random,0.0,DONE,0.059333,0.1185,0.25125,win,1,733,,,,,,,,,,
14,322,324,32,100,671,323,103,341,1030,461,262,14,135,793,937,896,"{'BUILD_PASTURE': 14, 'NORTH': 1030, 'WEST': 896, 'PICKUP': 262, 'PLACE': 14, 'PLANT': 135, 'WATER': 937, 'EAST': 671, 'SOUTH': 793, 'FEED': 323, 'CARE': 322, 'PASS': 461, 'COLLECT_FERTILIZER': 324, 'DROP': 100, 'HARVEST': 341, 'DIG': 32, 'FERTILIZE': 103}",719,v022e_adaptive_recovery,103682.0,DONE,1,0,0,899.0,0.380833,v012,102783.0,DONE,0.044917,0.08125,0.237959,win,0,17,0,8,0,0,0,0,1,0,1,1
14,322,324,31,100,671,323,103,341,1030,461,262,14,135,793,938,896,"{'BUILD_PASTURE': 14, 'NORTH': 1030, 'WEST': 896, 'PICKUP': 262, 'PLACE': 14, 'PLANT': 135, 'WATER': 938, 'EAST': 671, 'SOUTH': 793, 'FEED': 323, 'CARE': 322, 'PASS': 461, 'COLLECT_FERTILIZER': 324, 'DROP': 100, 'HARVEST': 341, 'DIG': 31, 'FERTILIZE': 103}",719,v022e_adaptive_recovery,104673.0,DONE,1,0,0,2676.0,0.431042,v012,101997.0,DONE,0.042875,0.06475,0.095208,win,1,17,0,0,0,0,0,0,0,0,0,0
14,322,324,32,100,671,323,103,341,1030,461,262,14,135,793,937,896,"{'BUILD_PASTURE': 14, 'NORTH': 1030, 'WEST': 896, 'PICKUP': 262, 'PLACE': 14, 'PLANT': 135, 'WATER': 937, 'EAST': 671, 'SOUTH': 793, 'FEED': 323, 'CARE': 322, 'PASS': 461, 'COLLECT_FERTILIZER': 324, 'DROP': 100, 'HARVEST': 341, 'DIG': 32, 'FERTILIZE': 103}",719,v022e_adaptive_recovery,130046.0,DONE,1,0,0,2604.0,0.234625,v012,127442.0,DONE,0.04525,0.075083,0.100208,win,0,42,0,3,0,0,0,0,1,0,1,1
14,322,324,33,100,671,323,103,341,1030,461,262,14,135,793,937,895,"{'BUILD_PASTURE': 14, 'NORTH': 1030, 'WEST': 895, 'PICKUP': 262, 'PLACE': 14, 'PLANT': 135, 'WATER': 937, 'EAST': 671, 'SOUTH': 793, 'FEED': 323, 'CARE': 322, 'PASS': 461, 'COLLECT_FERTILIZER': 324, 'DROP': 100, 'HARVEST': 341, 'DIG': 33, 'FERTILIZE': 103}",719,v022e_adaptive_recovery,129138.0,DONE,1,0,0,968.0,0.291417,v012,128170.0,DONE,0.043208,0.068167,0.113708,win,1,42,0,11,1,0,0,0,2,0,2,2
14,322,324,34,100,671,323,103,341,1030,461,262,14,135,791,937,896,"{'BUILD_PASTURE': 14, 'NORTH': 1030, 'WEST': 896, 'PICKUP': 262, 'PLACE': 14, 'PLANT': 135, 'WATER': 937, 'EAST': 671, 'SOUTH': 791, 'FEED': 323, 'CARE': 322, 'PASS': 461, 'COLLECT_FERTILIZER': 324, 'DROP': 100, 'HARVEST': 341, 'DIG': 34, 'FERTILIZE': 103}",719,v022e_adaptive_recovery,144474.0,DONE,1,0,0,2089.0,81.526917,v012,142385.0,DONE,0.045625,0.080333,0.249458,win,0,2026,0,13,1,0,0,0,2,0,3,3
14,322,324,32,99,671,323,103,341,1030,461,262,14,135,793,938,896,"{'BUILD_PASTURE': 14, 'NORTH': 1030, 'WEST': 896, 'PICKUP': 262, 'PLACE': 14, 'PLANT': 135, 'WATER': 938, 'EAST': 671, 'SOUTH': 793, 'FEED': 323, 'CARE': 322, 'PASS': 461, 'COLLECT_FERTILIZER': 324, 'DROP': 99, 'HARVEST': 341, 'DIG': 32, 'FERTILIZE': 103}",719,v022e_adaptive_recovery,150382.0,DONE,1,0,0,1825.0,0.212458,v012,148557.0,DONE,0.043209,0.06975,0.082792,win,1,2026,0,8,1,0,0,0,1,0,1,1
14,322,324,33,100,671,323,103,341,1029,461,262,14,135,793,937,896,"{'BUILD_PASTURE': 14, 'NORTH': 1029, 'WEST': 896, 'PICKUP': 262, 'PLACE': 14, 'PLANT': 135, 'WATER': 937, 'EAST': 671, 'SOUTH': 793, 'FEED': 323, 'CARE': 322, 'PASS': 461, 'COLLECT_FERTILIZER': 324, 'DROP': 100, 'HARVEST': 341, 'DIG': 33, 'FERTILIZE': 103}",719,v022e_adaptive_recovery,126811.0,DONE,1,0,0,1222.0,0.3345,v012,125589.0,DONE,0.046,0.080958,0.137583,win,0,217,0,5,2,0,0,0,2,0,2,2
14,322,324,32,100,671,323,103,341,1030,461,262,14,135,793,937,896,"{'BUILD_PASTURE': 14, 'NORTH': 1030, 'WEST': 896, 'PICKUP': 262, 'PLACE': 14, 'PLANT': 135, 'WATER': 937, 'EAST': 671, 'SOUTH': 793, 'FEED': 323, 'CARE': 322, 'PASS': 461, 'COLLECT_FERTILIZER': 324, 'DROP': 100, 'HARVEST': 341, 'DIG': 32, 'FERTILIZE': 103}",719,v022e_adaptive_recovery,127450.0,DONE,1,0,0,2354.0,0.30775,v012,125096.0,DONE,0.043417,0.068375,0.119834,win,1,217,0,0,0,1,0,0,1,0,1,1
14,322,323,32,100,671,323,103,341,1030,461,262,14,135,793,938,896,"{'BUILD_PASTURE': 14, 'NORTH': 1030, 'WEST': 896, 'PICKUP': 262, 'PLACE': 14, 'PLANT': 135, 'WATER': 938, 'EAST': 671, 'SOUTH': 793, 'FEED': 323, 'CARE': 322, 'PASS': 461, 'COLLECT_FERTILIZER': 323, 'DROP': 100, 'HARVEST': 341, 'DIG': 32, 'FERTILIZE': 103}",719,v022e_adaptive_recovery,131522.0,DONE,1,0,0,2768.0,109.27725,v012,128754.0,DONE,0.045292,0.078625,0.249042,win,0,317,0,8,0,0,0,0,1,0,1,1
14,322,324,31,100,671,323,103,341,1030,461,262,14,135,793,938,896,"{'BUILD_PASTURE': 14, 'NORTH': 1030, 'WEST': 896, 'PICKUP': 262, 'PLACE': 14, 'PLANT': 135, 'WATER': 938, 'EAST': 671, 'SOUTH': 793, 'FEED': 323, 'CARE': 322, 'PASS': 461, 'COLLECT_FERTILIZER': 324, 'DROP': 100, 'HARVEST': 341, 'DIG': 31, 'FERTILIZE': 103}",719,v022e_adaptive_recovery,131541.0,DONE,1,0,0,3039.0,0.207125,v012,128502.0,DONE,0.043833,0.068666,0.094583,win,1,317,0,0,0,0,0,0,0,0,0,0
14,322,324,33,100,671,323,103,341,1030,461,262,14,135,793,938,894,"{'BUILD_PASTURE': 14, 'NORTH': 1030, 'WEST': 894, 'PICKUP': 262, 'PLACE': 14, 'PLANT': 135, 'WATER': 938, 'EAST': 671, 'SOUTH': 793, 'FEED': 323, 'CARE': 322, 'PASS': 461, 'COLLECT_FERTILIZER': 324, 'DROP': 100, 'HARVEST': 341, 'DIG': 33, 'FERTILIZE': 103}",719,v022e_adaptive_recovery,112844.0,DONE,1,0,0,-661.0,107.128709,v012,113505.0,DONE,0.04575,0.076042,0.218833,loss,0,733,0,7,1,1,0,0,2,0,2,2
14,322,324,32,100,671,323,103,341,1030,461,262,14,135,792,938,896,"{'BUILD_PASTURE': 14, 'NORTH': 1030, 'WEST': 896, 'PICKUP': 262, 'PLACE': 14, 'PLANT': 135, 'WATER': 938, 'EAST': 671, 'SOUTH': 792, 'FEED': 323, 'CARE': 322, 'PASS': 461, 'COLLECT_FERTILIZER': 324, 'DROP': 100, 'HARVEST': 341, 'DIG': 32, 'FERTILIZE': 103}",719,v022e_adaptive_recovery,105450.0,DONE,1,0,0,1560.0,0.210125,v012,103890.0,DONE,0.043625,0.068708,0.084292,win,1,733,0,8,1,0,0,0,1,0,1,1
14,317,320,42,100,663,322,103,341,1016,442,260,14,135,782,919,878,"{'BUILD_PASTURE': 14, 'NORTH': 1016, 'WEST': 878, 'PICKUP': 260, 'PLACE': 14, 'PLANT': 135, 'WATER': 919, 'EAST': 663, 'SOUTH': 782, 'FEED': 322, 'CARE': 317, 'PASS': 442, 'COLLECT_FERTILIZER': 320, 'DIG': 42, 'DROP': 100, 'HARVEST': 341, 'FERTILIZE': 103}",719,v022e_adaptive_recovery,40142.0,DONE,1,0,0,-92619.0,86.131542,v022d,132761.0,DONE,0.047166,0.088,0.259417,loss,0,17,2,14,1,1,0,5,4,1,8,10
12,292,308,36,95,631,310,102,332,969,415,244,12,134,756,894,835,"{'BUILD_PASTURE': 12, 'NORTH': 969, 'WEST': 835, 'PICKUP': 244, 'PLACE': 12, 'PLANT': 134, 'WATER': 894, 'EAST': 631, 'SOUTH': 756, 'FEED': 310, 'CARE': 292, 'PASS': 415, 'COLLECT_FERTILIZER': 308, 'DROP': 95, 'HARVEST': 332, 'DIG': 36, 'FERTILIZE': 102}",719,v022e_adaptive_recovery,9188.0,DONE,1,0,0,-172126.0,0.138667,v022d,181314.0,DONE,0.03875,0.054958,0.066708,loss,1,17,1,19,1,2,0,3,6,1,8,10
12,280,291,29,94,617,294,96,311,932,413,233,11,119,714,867,782,"{'BUILD_PASTURE': 12, 'NORTH': 932, 'WEST': 782, 'PICKUP': 233, 'PLACE': 11, 'PLANT': 119, 'WATER': 867, 'EAST': 617, 'SOUTH': 714, 'FEED': 294, 'CARE': 280, 'PASS': 413, 'COLLECT_FERTILIZER': 291, 'DROP': 94, 'HARVEST': 311, 'DIG': 29, 'FERTILIZE': 96}",719,v022e_adaptive_recovery,6447.0,DONE,1,0,0,-180516.0,0.290708,v022d,186963.0,DONE,0.045958,0.087625,0.217166,loss,0,42,1,10,0,2,0,3,3,1,5,7
12,284,298,36,94,621,301,100,322,953,413,239,11,121,730,876,804,"{'BUILD_PASTURE': 12, 'NORTH': 953, 'WEST': 804, 'PICKUP': 239, 'PLACE': 11, 'PLANT': 121, 'WATER': 876, 'EAST': 621, 'SOUTH': 730, 'FEED': 301, 'CARE': 284, 'PASS': 413, 'COLLECT_FERTILIZER': 298, 'DROP': 94, 'HARVEST': 322, 'DIG': 36, 'FERTILIZE': 100}",719,v022e_adaptive_recovery,7151.0,DONE,1,0,0,-179807.0,0.282833,v022d,186958.0,DONE,0.03925,0.055458,0.066125,loss,1,42,1,19,1,3,0,3,6,1,8,10
12,244,261,35,88,540,282,82,310,835,367,209,11,108,644,756,712,"{'BUILD_PASTURE': 12, 'NORTH': 835, 'WEST': 712, 'PICKUP': 209, 'PLACE': 11, 'PLANT': 108, 'WATER': 756, 'EAST': 540, 'SOUTH': 644, 'FEED': 282, 'CARE': 244, 'PASS': 367, 'COLLECT_FERTILIZER': 261, 'DROP': 88, 'HARVEST': 310, 'DIG': 35, 'FERTILIZE': 82}",719,v022e_adaptive_recovery,5829.0,DONE,1,0,0,-173608.0,22.004542,v022d,179437.0,DONE,0.04475,0.089916,0.215167,loss,0,2026,1,17,1,2,0,3,5,1,8,10
12,238,257,31,85,531,279,81,296,807,347,211,11,103,618,739,686,"{'BUILD_PASTURE': 12, 'NORTH': 807, 'WEST': 686, 'PICKUP': 211, 'PLACE': 11, 'PLANT': 103, 'WATER': 739, 'EAST': 531, 'SOUTH': 618, 'FEED': 279, 'CARE': 238, 'PASS': 347, 'COLLECT_FERTILIZER': 257, 'DROP': 85, 'HARVEST': 296, 'DIG': 31, 'FERTILIZE': 81}",719,v022e_adaptive_recovery,6436.0,DONE,1,0,0,-173145.0,0.404792,v022d,179581.0,DONE,0.038416,0.055583,0.07325,loss,1,2026,1,31,0,2,0,3,6,1,9,11
12,244,245,31,83,508,263,76,265,763,333,202,11,102,605,739,673,"{'BUILD_PASTURE': 12, 'NORTH': 763, 'WEST': 673, 'PICKUP': 202, 'PLACE': 11, 'PLANT': 102, 'WATER': 739, 'EAST': 508, 'SOUTH': 605, 'FEED': 263, 'CARE': 244, 'PASS': 333, 'COLLECT_FERTILIZER': 245, 'DROP': 83, 'HARVEST': 265, 'DIG': 31, 'FERTILIZE': 76}",719,v022e_adaptive_recovery,5332.0,DONE,1,0,0,-167040.0,0.222292,v022d,172372.0,DONE,0.044958,0.0865,0.12125,loss,0,217,1,21,1,2,0,3,5,1,7,9
12,248,251,34,82,515,267,76,268,776,327,204,11,101,600,734,671,"{'BUILD_PASTURE': 12, 'NORTH': 776, 'WEST': 671, 'PICKUP': 204, 'PLACE': 11, 'PLANT': 101, 'WATER': 734, 'EAST': 515, 'SOUTH': 600, 'FEED': 267, 'CARE': 248, 'PASS': 327, 'COLLECT_FERTILIZER': 251, 'DROP': 82, 'HARVEST': 268, 'DIG': 34, 'FERTILIZE': 76}",719,v022e_adaptive_recovery,5314.0,DONE,1,0,0,-163970.0,0.270083,v022d,169284.0,DONE,0.037666,0.055292,0.075375,loss,1,217,1,38,2,2,0,3,8,1,10,12
12,255,262,28,83,548,274,74,270,802,357,207,10,106,614,776,690,"{'BUILD_PASTURE': 12, 'NORTH': 802, 'WEST': 690, 'PICKUP': 207, 'PLACE': 10, 'PLANT': 106, 'WATER': 776, 'EAST': 548, 'SOUTH': 614, 'FEED': 274, 'CARE': 255, 'PASS': 357, 'COLLECT_FERTILIZER': 262, 'DROP': 83, 'HARVEST': 270, 'DIG': 28, 'FERTILIZE': 74}",719,v022e_adaptive_recovery,5466.0,DONE,1,0,0,-179648.0,23.856833,v022d,185114.0,DONE,0.045375,0.084041,0.193958,loss,0,317,1,18,1,2,0,3,5,1,8,10
12,255,262,28,83,548,274,74,270,802,357,207,10,106,614,776,690,"{'BUILD_PASTURE': 12, 'NORTH': 802, 'WEST': 690, 'PICKUP': 207, 'PLACE': 10, 'PLANT': 106, 'WATER': 776, 'EAST': 548, 'SOUTH': 614, 'FEED': 274, 'CARE': 255, 'PASS': 357, 'COLLECT_FERTILIZER': 262, 'DROP': 83, 'HARVEST': 270, 'DIG': 28, 'FERTILIZE': 74}",719,v022e_adaptive_recovery,5461.0,DONE,1,0,0,-179720.0,0.489542,v022d,185181.0,DONE,0.037041,0.053917,0.068417,loss,1,317,1,18,1,2,0,3,5,1,8,10
12,287,306,38,95,628,310,102,333,964,410,241,10,126,741,881,818,"{'BUILD_PASTURE': 12, 'NORTH': 964, 'WEST': 818, 'PICKUP': 241, 'PLACE': 10, 'PLANT': 126, 'WATER': 881, 'EAST': 628, 'SOUTH': 741, 'FEED': 310, 'CARE': 287, 'PASS': 410, 'COLLECT_FERTILIZER': 306, 'DROP': 95, 'HARVEST': 333, 'DIG': 38, 'FERTILIZE': 102}",719,v022e_adaptive_recovery,8457.0,DONE,1,0,0,-163104.0,51.58875,v022d,171561.0,DONE,0.045167,0.087042,0.224333,loss,0,733,1,22,2,2,0,3,7,1,10,12
12,286,303,38,95,628,308,99,333,955,405,238,10,127,732,876,813,"{'BUILD_PASTURE': 12, 'NORTH': 955, 'WEST': 813, 'PICKUP': 238, 'PLACE': 10, 'PLANT': 127, 'WATER': 876, 'EAST': 628, 'SOUTH': 732, 'FEED': 308, 'CARE': 286, 'PASS': 405, 'COLLECT_FERTILIZER': 303, 'DROP': 95, 'HARVEST': 333, 'DIG': 38, 'FERTILIZE': 99}",719,v022e_adaptive_recovery,7958.0,DONE,1,0,0,-163156.0,0.322167,v022d,171114.0,DONE,0.039833,0.056166,0.075,loss,1,733,1,27,2,2,0,3,7,1,11,13
14,322,324,32,100,671,323,103,341,1030,461,262,14,135,793,937,896,"{'BUILD_PASTURE': 14, 'NORTH': 1030, 'WEST': 896, 'PICKUP': 262, 'PLACE': 14, 'PLANT': 135, 'WATER': 937, 'EAST': 671, 'SOUTH': 793, 'FEED': 323, 'CARE': 322, 'PASS': 461, 'COLLECT_FERTILIZER': 324, 'DROP': 100, 'HARVEST': 341, 'DIG': 32, 'FERTILIZE': 103}",719,v022e_adaptive_recovery,103642.0,DONE,1,0,0,1318.0,0.292333,v18,102324.0,DONE,0.045708,0.074583,0.207208,win,0,17,0,8,0,0,0,0,1,0,1,1
14,322,324,31,100,671,323,103,341,1030,461,262,14,135,793,938,896,"{'BUILD_PASTURE': 14, 'NORTH': 1030, 'WEST': 896, 'PICKUP': 262, 'PLACE': 14, 'PLANT': 135, 'WATER': 938, 'EAST': 671, 'SOUTH': 793, 'FEED': 323, 'CARE': 322, 'PASS': 461, 'COLLECT_FERTILIZER': 324, 'DROP': 100, 'HARVEST': 341, 'DIG': 31, 'FERTILIZE': 103}",719,v022e_adaptive_recovery,104616.0,DONE,1,0,0,3055.0,0.248125,v18,101561.0,DONE,0.043958,0.06875,0.103875,win,1,17,0,0,0,0,0,0,0,0,0,0
14,322,324,32,100,671,323,103,341,1030,461,262,14,135,793,937,896,"{'BUILD_PASTURE': 14, 'NORTH': 1030, 'WEST': 896, 'PICKUP': 262, 'PLACE': 14, 'PLANT': 135, 'WATER': 937, 'EAST': 671, 'SOUTH': 793, 'FEED': 323, 'CARE': 322, 'PASS': 461, 'COLLECT_FERTILIZER': 324, 'DROP': 100, 'HARVEST': 341, 'DIG': 32, 'FERTILIZE': 103}",719,v022e_adaptive_recovery,130518.0,DONE,1,0,0,3452.0,0.271875,v18,127066.0,DONE,0.044417,0.074291,0.091083,win,0,42,0,3,0,0,0,0,1,0,1,1
14,322,324,33,100,671,323,103,341,1030,461,262,14,135,793,937,895,"{'BUILD_PASTURE': 14, 'NORTH': 1030, 'WEST': 895, 'PICKUP': 262, 'PLACE': 14, 'PLANT': 135, 'WATER': 937, 'EAST': 671, 'SOUTH': 793, 'FEED': 323, 'CARE': 322, 'PASS': 461, 'COLLECT_FERTILIZER': 324, 'DROP': 100, 'HARVEST': 341, 'DIG': 33, 'FERTILIZE': 103}",719,v022e_adaptive_recovery,129638.0,DONE,1,0,0,3021.0,114.476542,v18,126617.0,DONE,0.044583,0.071959,0.103,win,1,42,0,11,1,0,0,0,2,0,2,2
14,322,324,34,100,671,323,103,341,1030,461,262,14,135,791,937,896,"{'BUILD_PASTURE': 14, 'NORTH': 1030, 'WEST': 896, 'PICKUP': 262, 'PLACE': 14, 'PLANT': 135, 'WATER': 937, 'EAST': 671, 'SOUTH': 791, 'FEED': 323, 'CARE': 322, 'PASS': 461, 'COLLECT_FERTILIZER': 324, 'DROP': 100, 'HARVEST': 341, 'DIG': 34, 'FERTILIZE': 103}",719,v022e_adaptive_recovery,144444.0,DONE,1,0,0,2030.0,0.281541,v18,142414.0,DONE,0.044417,0.072292,0.095792,win,0,2026,0,13,1,0,0,0,2,0,3,3
14,322,324,32,99,671,323,103,341,1030,461,262,14,135,793,938,896,"{'BUILD_PASTURE': 14, 'NORTH': 1030, 'WEST': 896, 'PICKUP': 262, 'PLACE': 14, 'PLANT': 135, 'WATER': 938, 'EAST': 671, 'SOUTH': 793, 'FEED': 323, 'CARE': 322, 'PASS': 461, 'COLLECT_FERTILIZER': 324, 'DROP': 99, 'HARVEST': 341, 'DIG': 32, 'FERTILIZE': 103}",719,v022e_adaptive_recovery,150397.0,DONE,1,0,0,2923.0,0.384875,v18,147474.0,DONE,0.044208,0.06625,0.107958,win,1,2026,0,8,1,0,0,0,1,0,1,1
14,322,324,33,100,671,323,103,341,1029,461,262,14,135,793,937,896,"{'BUILD_PASTURE': 14, 'NORTH': 1029, 'WEST': 896, 'PICKUP': 262, 'PLACE': 14, 'PLANT': 135, 'WATER': 937, 'EAST': 671, 'SOUTH': 793, 'FEED': 323, 'CARE': 322, 'PASS': 461, 'COLLECT_FERTILIZER': 324, 'DROP': 100, 'HARVEST': 341, 'DIG': 33, 'FERTILIZE': 103}",719,v022e_adaptive_recovery,127070.0,DONE,1,0,0,2350.0,0.2905,v18,124720.0,DONE,0.044125,0.074417,0.216167,win,0,217,0,5,2,0,0,0,2,0,2,2
14,322,324,32,100,671,323,103,341,1030,461,262,14,135,793,937,896,"{'BUILD_PASTURE': 14, 'NORTH': 1030, 'WEST': 896, 'PICKUP': 262, 'PLACE': 14, 'PLANT': 135, 'WATER': 937, 'EAST': 671, 'SOUTH': 793, 'FEED': 323, 'CARE': 322, 'PASS': 461, 'COLLECT_FERTILIZER': 324, 'DROP': 100, 'HARVEST': 341, 'DIG': 32, 'FERTILIZE': 103}",719,v022e_adaptive_recovery,127701.0,DONE,1,0,0,4322.0,115.533791,v18,123379.0,DONE,0.04425,0.067541,0.088083,win,1,217,0,0,0,1,0,0,1,0,1,1
14,322,323,32,100,671,323,103,341,1030,461,262,14,135,793,938,896,"{'BUILD_PASTURE': 14, 'NORTH': 1030, 'WEST': 896, 'PICKUP': 262, 'PLACE': 14, 'PLANT': 135, 'WATER': 938, 'EAST': 671, 'SOUTH': 793, 'FEED': 323, 'CARE': 322, 'PASS': 461, 'COLLECT_FERTILIZER': 323, 'DROP': 100, 'HARVEST': 341, 'DIG': 32, 'FERTILIZE': 103}",719,v022e_adaptive_recovery,131489.0,DONE,1,0,0,2690.0,0.379167,v18,128799.0,DONE,0.044375,0.074958,0.108875,win,0,317,0,8,0,0,0,0,1,0,1,1
14,322,324,31,100,671,323,103,341,1030,461,262,14,135,793,938,896,"{'BUILD_PASTURE': 14, 'NORTH': 1030, 'WEST': 896, 'PICKUP': 262, 'PLACE': 14, 'PLANT': 135, 'WATER': 938, 'EAST': 671, 'SOUTH': 793, 'FEED': 323, 'CARE': 322, 'PASS': 461, 'COLLECT_FERTILIZER': 324, 'DROP': 100, 'HARVEST': 341, 'DIG': 31, 'FERTILIZE': 103}",719,v022e_adaptive_recovery,131573.0,DONE,1,0,0,3749.0,0.339167,v18,127824.0,DONE,0.044708,0.070709,0.165375,win,1,317,0,0,0,0,0,0,0,0,0,0
14,322,324,33,100,671,323,103,341,1030,461,262,14,135,793,938,894,"{'BUILD_PASTURE': 14, 'NORTH': 1030, 'WEST': 894, 'PICKUP': 262, 'PLACE': 14, 'PLANT': 135, 'WATER': 938, 'EAST': 671, 'SOUTH': 793, 'FEED': 323, 'CARE': 322, 'PASS': 461, 'COLLECT_FERTILIZER': 324, 'DROP': 100, 'HARVEST': 341, 'DIG': 33, 'FERTILIZE': 103}",719,v022e_adaptive_recovery,112552.0,DONE,1,0,0,-677.0,93.736708,v18,113229.0,DONE,0.045291,0.076209,0.167042,loss,0,733,0,7,1,1,0,0,2,0,2,2
14,322,324,32,100,671,323,103,341,1030,461,262,14,135,792,938,896,"{'BUILD_PASTURE': 14, 'NORTH': 1030, 'WEST': 896, 'PICKUP': 262, 'PLACE': 14, 'PLANT': 135, 'WATER': 938, 'EAST': 671, 'SOUTH': 792, 'FEED': 323, 'CARE': 322, 'PASS': 461, 'COLLECT_FERTILIZER': 324, 'DROP': 100, 'HARVEST': 341, 'DIG': 32, 'FERTILIZE': 103}",719,v022e_adaptive_recovery,105205.0,DONE,1,0,0,1457.0,114.381792,v18,103748.0,DONE,0.043958,0.066209,0.087125,win,1,733,0,8,1,0,0,0,1,0,1,1
14,322,324,32,100,671,323,103,341,1030,461,262,14,135,793,937,896,"{'BUILD_PASTURE': 14, 'NORTH': 1030, 'WEST': 896, 'PICKUP': 262, 'PLACE': 14, 'PLANT': 135, 'WATER': 937, 'EAST': 671, 'SOUTH': 793, 'FEED': 323, 'CARE': 322, 'PASS': 461, 'COLLECT_FERTILIZER': 324, 'DROP': 100, 'HARVEST': 341, 'DIG': 32, 'FERTILIZE': 103}",719,v022e_adaptive_recovery,128705.0,DONE,1,0,0,5759.0,0.322416,hamburger,122946.0,DONE,0.044333,0.073667,0.18325,win,0,17,0,8,0,0,0,0,1,0,1,1
14,322,324,31,100,671,323,103,341,1030,461,262,14,135,793,938,896,"{'BUILD_PASTURE': 14, 'NORTH': 1030, 'WEST': 896, 'PICKUP': 262, 'PLACE': 14, 'PLANT': 135, 'WATER': 938, 'EAST': 671, 'SOUTH': 793, 'FEED': 323, 'CARE': 322, 'PASS': 461, 'COLLECT_FERTILIZER': 324, 'DROP': 100, 'HARVEST': 341, 'DIG': 31, 'FERTILIZE': 103}",719,v022e_adaptive_recovery,130436.0,DONE,1,0,0,13979.0,0.338542,hamburger,116457.0,DONE,0.043291,0.067125,0.084167,win,1,17,0,0,0,0,0,0,0,0,0,0
14,322,324,32,100,671,323,103,341,1030,461,262,14,135,793,937,896,"{'BUILD_PASTURE': 14, 'NORTH': 1030, 'WEST': 896, 'PICKUP': 262, 'PLACE': 14, 'PLANT': 135, 'WATER': 937, 'EAST': 671, 'SOUTH': 793, 'FEED': 323, 'CARE': 322, 'PASS': 461, 'COLLECT_FERTILIZER': 324, 'DROP': 100, 'HARVEST': 341, 'DIG': 32, 'FERTILIZE': 103}",719,v022e_adaptive_recovery,119435.0,DONE,1,0,0,4722.0,0.3585,hamburger,114713.0,DONE,0.045834,0.074459,0.093875,win,0,42,0,3,0,0,0,0,1,0,1,1
14,322,324,33,100,671,323,103,341,1030,461,262,14,135,793,937,895,"{'BUILD_PASTURE': 14, 'NORTH': 1030, 'WEST': 895, 'PICKUP': 262, 'PLACE': 14, 'PLANT': 135, 'WATER': 937, 'EAST': 671, 'SOUTH': 793, 'FEED': 323, 'CARE': 322, 'PASS': 461, 'COLLECT_FERTILIZER': 324, 'DROP': 100, 'HARVEST': 341, 'DIG': 33, 'FERTILIZE': 103}",719,v022e_adaptive_recovery,118712.0,DONE,1,0,0,3564.0,0.345084,hamburger,115148.0,DONE,0.044,0.070875,0.091958,win,1,42,0,11,1,0,0,0,2,0,2,2
14,322,324,34,100,671,323,103,341,1030,461,262,14,135,791,937,896,"{'BUILD_PASTURE': 14, 'NORTH': 1030, 'WEST': 896, 'PICKUP': 262, 'PLACE': 14, 'PLANT': 135, 'WATER': 937, 'EAST': 671, 'SOUTH': 791, 'FEED': 323, 'CARE': 322, 'PASS': 461, 'COLLECT_FERTILIZER': 324, 'DROP': 100, 'HARVEST': 341, 'DIG': 34, 'FERTILIZE': 103}",719,v022e_adaptive_recovery,122740.0,DONE,1,0,0,4023.0,22.4315,hamburger,118717.0,DONE,0.045833,0.075125,0.112667,win,0,2026,0,13,1,0,0,0,2,0,3,3
14,322,324,32,99,671,323,103,341,1030,461,262,14,135,793,938,896,"{'BUILD_PASTURE': 14, 'NORTH': 1030, 'WEST': 896, 'PICKUP': 262, 'PLACE': 14, 'PLANT': 135, 'WATER': 938, 'EAST': 671, 'SOUTH': 793, 'FEED': 323, 'CARE': 322, 'PASS': 461, 'COLLECT_FERTILIZER': 324, 'DROP': 99, 'HARVEST': 341, 'DIG': 32, 'FERTILIZE': 103}",719,v022e_adaptive_recovery,123618.0,DONE,1,0,0,4820.0,0.251292,hamburger,118798.0,DONE,0.0435,0.069,0.083875,win,1,2026,0,8,1,0,0,0,1,0,1,1
14,322,324,33,100,671,323,103,341,1029,461,262,14,135,793,937,896,"{'BUILD_PASTURE': 14, 'NORTH': 1029, 'WEST': 896, 'PICKUP': 262, 'PLACE': 14, 'PLANT': 135, 'WATER': 937, 'EAST': 671, 'SOUTH': 793, 'FEED': 323, 'CARE': 322, 'PASS': 461, 'COLLECT_FERTILIZER': 324, 'DROP': 100, 'HARVEST': 341, 'DIG': 33, 'FERTILIZE': 103}",719,v022e_adaptive_recovery,127141.0,DONE,1,0,0,2320.0,0.305,hamburger,124821.0,DONE,0.04575,0.075417,0.216292,win,0,217,0,5,2,0,0,0,2,0,2,2
14,322,324,32,100,671,323,103,341,1030,461,262,14,135,793,937,896,"{'BUILD_PASTURE': 14, 'NORTH': 1030, 'WEST': 896, 'PICKUP': 262, 'PLACE': 14, 'PLANT': 135, 'WATER': 937, 'EAST': 671, 'SOUTH': 793, 'FEED': 323, 'CARE': 322, 'PASS': 461, 'COLLECT_FERTILIZER': 324, 'DROP': 100, 'HARVEST': 341, 'DIG': 32, 'FERTILIZE': 103}",719,v022e_adaptive_recovery,127809.0,DONE,1,0,0,4440.0,0.25125,hamburger,123369.0,DONE,0.043041,0.073041,0.197959,win,1,217,0,0,0,1,0,0,1,0,1,1
14,322,323,32,100,671,323,103,341,1030,461,262,14,135,793,938,896,"{'BUILD_PASTURE': 14, 'NORTH': 1030, 'WEST': 896, 'PICKUP': 262, 'PLACE': 14, 'PLANT': 135, 'WATER': 938, 'EAST': 671, 'SOUTH': 793, 'FEED': 323, 'CARE': 322, 'PASS': 461, 'COLLECT_FERTILIZER': 323, 'DROP': 100, 'HARVEST': 341, 'DIG': 32, 'FERTILIZE': 103}",719,v022e_adaptive_recovery,150036.0,DONE,1,0,0,3768.0,0.259708,hamburger,146268.0,DONE,0.046958,0.078875,0.11725,win,0,317,0,8,0,0,0,0,1,0,1,1
14,322,324,31,100,671,323,103,341,1030,461,262,14,135,793,938,896,"{'BUILD_PASTURE': 14, 'NORTH': 1030, 'WEST': 896, 'PICKUP': 262, 'PLACE': 14, 'PLANT': 135, 'WATER': 938, 'EAST': 671, 'SOUTH': 793, 'FEED': 323, 'CARE': 322, 'PASS': 461, 'COLLECT_FERTILIZER': 324, 'DROP': 100, 'HARVEST': 341, 'DIG': 31, 'FERTILIZE': 103}",719,v022e_adaptive_recovery,150047.0,DONE,1,0,0,3779.0,17.596542,hamburger,146268.0,DONE,0.042625,0.072333,0.200959,win,1,317,0,0,0,0,0,0,0,0,0,0
14,322,324,33,100,671,323,103,341,1030,461,262,14,135,793,938,894,"{'BUILD_PASTURE': 14, 'NORTH': 1030, 'WEST': 894, 'PICKUP': 262, 'PLACE': 14, 'PLANT': 135, 'WATER': 938, 'EAST': 671, 'SOUTH': 793, 'FEED': 323, 'CARE': 322, 'PASS': 461, 'COLLECT_FERTILIZER': 324, 'DROP': 100, 'HARVEST': 341, 'DIG': 33, 'FERTILIZE': 103}",719,v022e_adaptive_recovery,124495.0,DONE,1,0,0,705.0,0.334625,hamburger,123790.0,DONE,0.046125,0.074375,0.187833,win,0,733,0,7,1,1,0,0,2,0,2,2
14,322,324,32,100,671,323,103,341,1030,461,262,14,135,792,938,896,"{'BUILD_PASTURE': 14, 'NORTH': 1030, 'WEST': 896, 'PICKUP': 262, 'PLACE': 14, 'PLANT': 135, 'WATER': 938, 'EAST': 671, 'SOUTH': 792, 'FEED': 323, 'CARE': 322, 'PASS': 461, 'COLLECT_FERTILIZER': 324, 'DROP': 100, 'HARVEST': 341, 'DIG': 32, 'FERTILIZE': 103}",719,v022e_adaptive_recovery,127080.0,DONE,1,0,0,4258.0,19.177958,hamburger,122822.0,DONE,0.043083,0.074042,0.200166,win,1,733,0,8,1,0,0,0,1,0,1,1
14,322,324,32,100,671,323,103,341,1030,461,262,14,135,793,937,896,"{'BUILD_PASTURE': 14, 'NORTH': 1030, 'WEST': 896, 'PICKUP': 262, 'PLACE': 14, 'PLANT': 135, 'WATER': 937, 'EAST': 671, 'SOUTH': 793, 'FEED': 323, 'CARE': 322, 'PASS': 461, 'COLLECT_FERTILIZER': 324, 'DROP': 100, 'HARVEST': 341, 'DIG': 32, 'FERTILIZE': 103}",719,v022e_adaptive_recovery,125924.0,DONE,1,0,0,3425.0,0.343291,frontier,122499.0,DONE,0.046125,0.074667,0.118792,win,0,17,0,8,0,0,0,0,1,0,1,1
14,322,324,31,100,671,323,103,341,1030,461,262,14,135,793,938,896,"{'BUILD_PASTURE': 14, 'NORTH': 1030, 'WEST': 896, 'PICKUP': 262, 'PLACE': 14, 'PLANT': 135, 'WATER': 938, 'EAST': 671, 'SOUTH': 793, 'FEED': 323, 'CARE': 322, 'PASS': 461, 'COLLECT_FERTILIZER': 324, 'DROP': 100, 'HARVEST': 341, 'DIG': 31, 'FERTILIZE': 103}",719,v022e_adaptive_recovery,128021.0,DONE,1,0,0,13766.0,0.379375,frontier,114255.0,DONE,0.043958,0.072291,0.109292,win,1,17,0,0,0,0,0,0,0,0,0,0
14,322,324,32,100,671,323,103,341,1030,461,262,14,135,793,937,896,"{'BUILD_PASTURE': 14, 'NORTH': 1030, 'WEST': 896, 'PICKUP': 262, 'PLACE': 14, 'PLANT': 135, 'WATER': 937, 'EAST': 671, 'SOUTH': 793, 'FEED': 323, 'CARE': 322, 'PASS': 461, 'COLLECT_FERTILIZER': 324, 'DROP': 100, 'HARVEST': 341, 'DIG': 32, 'FERTILIZE': 103}",719,v022e_adaptive_recovery,117757.0,DONE,1,0,0,4646.0,0.209792,frontier,113111.0,DONE,0.045292,0.072916,0.083209,win,0,42,0,3,0,0,0,0,1,0,1,1
14,322,324,33,100,671,323,103,341,1030,461,262,14,135,793,937,895,"{'BUILD_PASTURE': 14, 'NORTH': 1030, 'WEST': 895, 'PICKUP': 262, 'PLACE': 14, 'PLANT': 135, 'WATER': 937, 'EAST': 671, 'SOUTH': 793, 'FEED': 323, 'CARE': 322, 'PASS': 461, 'COLLECT_FERTILIZER': 324, 'DROP': 100, 'HARVEST': 341, 'DIG': 33, 'FERTILIZE': 103}",719,v022e_adaptive_recovery,117002.0,DONE,1,0,0,3405.0,0.279958,frontier,113597.0,DONE,0.043459,0.072708,0.097041,win,1,42,0,11,1,0,0,0,2,0,2,2
14,322,324,34,100,671,323,103,341,1030,461,262,14,135,791,937,896,"{'BUILD_PASTURE': 14, 'NORTH': 1030, 'WEST': 896, 'PICKUP': 262, 'PLACE': 14, 'PLANT': 135, 'WATER': 937, 'EAST': 671, 'SOUTH': 791, 'FEED': 323, 'CARE': 322, 'PASS': 461, 'COLLECT_FERTILIZER': 324, 'DROP': 100, 'HARVEST': 341, 'DIG': 34, 'FERTILIZE': 103}",719,v022e_adaptive_recovery,119923.0,DONE,1,0,0,3701.0,0.769791,frontier,116222.0,DONE,0.044583,0.075,0.105375,win,0,2026,0,13,1,0,0,0,2,0,3,3
14,322,324,32,99,671,323,103,341,1030,461,262,14,135,793,938,896,"{'BUILD_PASTURE': 14, 'NORTH': 1030, 'WEST': 896, 'PICKUP': 262, 'PLACE': 14, 'PLANT': 135, 'WATER': 938, 'EAST': 671, 'SOUTH': 793, 'FEED': 323, 'CARE': 322, 'PASS': 461, 'COLLECT_FERTILIZER': 324, 'DROP': 99, 'HARVEST': 341, 'DIG': 32, 'FERTILIZE': 103}",719,v022e_adaptive_recovery,120594.0,DONE,1,0,0,3537.0,0.564209,frontier,117057.0,DONE,0.044125,0.074875,0.129042,win,1,2026,0,8,1,0,0,0,1,0,1,1
14,322,324,33,100,671,323,103,341,1029,461,262,14,135,793,937,896,"{'BUILD_PASTURE': 14, 'NORTH': 1029, 'WEST': 896, 'PICKUP': 262, 'PLACE': 14, 'PLANT': 135, 'WATER': 937, 'EAST': 671, 'SOUTH': 793, 'FEED': 323, 'CARE': 322, 'PASS': 461, 'COLLECT_FERTILIZER': 324, 'DROP': 100, 'HARVEST': 341, 'DIG': 33, 'FERTILIZE': 103}",719,v022e_adaptive_recovery,126944.0,DONE,1,0,0,5612.0,0.305667,frontier,121332.0,DONE,0.045458,0.077459,0.190208,win,0,217,0,5,2,0,0,0,2,0,2,2
14,322,324,32,100,671,323,103,341,1030,461,262,14,135,793,937,896,"{'BUILD_PASTURE': 14, 'NORTH': 1030, 'WEST': 896, 'PICKUP': 262, 'PLACE': 14, 'PLANT': 135, 'WATER': 937, 'EAST': 671, 'SOUTH': 793, 'FEED': 323, 'CARE': 322, 'PASS': 461, 'COLLECT_FERTILIZER': 324, 'DROP': 100, 'HARVEST': 341, 'DIG': 32, 'FERTILIZE': 103}",719,v022e_adaptive_recovery,127357.0,DONE,1,0,0,6468.0,0.333417,frontier,120889.0,DONE,0.044417,0.076875,0.10075,win,1,217,0,0,0,1,0,0,1,0,1,1
14,322,323,32,100,671,323,103,341,1030,461,262,14,135,793,938,896,"{'BUILD_PASTURE': 14, 'NORTH': 1030, 'WEST': 896, 'PICKUP': 262, 'PLACE': 14, 'PLANT': 135, 'WATER': 938, 'EAST': 671, 'SOUTH': 793, 'FEED': 323, 'CARE': 322, 'PASS': 461, 'COLLECT_FERTILIZER': 323, 'DROP': 100, 'HARVEST': 341, 'DIG': 32, 'FERTILIZE': 103}",719,v022e_adaptive_recovery,149071.0,DONE,1,0,0,3412.0,0.735792,frontier,145659.0,DONE,0.046917,0.078875,0.228375,win,0,317,0,8,0,0,0,0,1,0,1,1
14,322,324,31,100,671,323,103,341,1030,461,262,14,135,793,938,896,"{'BUILD_PASTURE': 14, 'NORTH': 1030, 'WEST': 896, 'PICKUP': 262, 'PLACE': 14, 'PLANT': 135, 'WATER': 938, 'EAST': 671, 'SOUTH': 793, 'FEED': 323, 'CARE': 322, 'PASS': 461, 'COLLECT_FERTILIZER': 324, 'DROP': 100, 'HARVEST': 341, 'DIG': 31, 'FERTILIZE': 103}",719,v022e_adaptive_recovery,149082.0,DONE,1,0,0,3424.0,0.365417,frontier,145658.0,DONE,0.04625,0.077542,0.193583,win,1,317,0,0,0,0,0,0,0,0,0,0
14,322,324,33,100,671,323,103,341,1030,461,262,14,135,793,938,894,"{'BUILD_PASTURE': 14, 'NORTH': 1030, 'WEST': 894, 'PICKUP': 262, 'PLACE': 14, 'PLANT': 135, 'WATER': 938, 'EAST': 671, 'SOUTH': 793, 'FEED': 323, 'CARE': 322, 'PASS': 461, 'COLLECT_FERTILIZER': 324, 'DROP': 100, 'HARVEST': 341, 'DIG': 33, 'FERTILIZE': 103}",719,v022e_adaptive_recovery,123950.0,DONE,1,0,0,694.0,80.481709,frontier,123256.0,DONE,0.048,0.076333,0.223583,win,0,733,0,7,1,1,0,0,2,0,2,2
14,322,324,32,100,671,323,103,341,1030,461,262,14,135,792,938,896,"{'BUILD_PASTURE': 14, 'NORTH': 1030, 'WEST': 896, 'PICKUP': 262, 'PLACE': 14, 'PLANT': 135, 'WATER': 938, 'EAST': 671, 'SOUTH': 792, 'FEED': 323, 'CARE': 322, 'PASS': 461, 'COLLECT_FERTILIZER': 324, 'DROP': 100, 'HARVEST': 341, 'DIG': 32, 'FERTILIZE': 103}",719,v022e_adaptive_recovery,125722.0,DONE,1,0,0,3659.0,0.696166,frontier,122063.0,DONE,0.045416,0.079792,0.208208,win,1,733,0,8,1,0,0,0,1,0,1,1
14,319,322,43,100,665,322,103,341,1020,448,260,14,136,785,924,881,"{'BUILD_PASTURE': 14, 'NORTH': 1020, 'WEST': 881, 'PICKUP': 260, 'PLACE': 14, 'PLANT': 136, 'WATER': 924, 'EAST': 665, 'SOUTH': 785, 'FEED': 322, 'CARE': 319, 'PASS': 448, 'COLLECT_FERTILIZER': 322, 'DROP': 100, 'HARVEST': 341, 'DIG': 43, 'FERTILIZE': 103}",719,v022e_adaptive_recovery,110247.0,DONE,1,0,0,1995.0,0.301666,baseline,108252.0,DONE,0.04825,0.080333,0.107042,win,0,17,2,26,3,1,0,4,7,0,10,11
14,319,322,43,100,665,322,103,341,1020,448,260,14,136,785,924,881,"{'BUILD_PASTURE': 14, 'NORTH': 1020, 'WEST': 881, 'PICKUP': 260, 'PLACE': 14, 'PLANT': 136, 'WATER': 924, 'EAST': 665, 'SOUTH': 785, 'FEED': 322, 'CARE': 319, 'PASS': 448, 'COLLECT_FERTILIZER': 322, 'DROP': 100, 'HARVEST': 341, 'DIG': 43, 'FERTILIZE': 103}",719,v022e_adaptive_recovery,108874.0,DONE,1,0,0,3793.0,0.430917,baseline,105081.0,DONE,0.046959,0.069625,0.100375,win,1,17,2,26,3,1,0,4,7,0,10,11
14,319,322,40,100,665,322,103,341,1021,448,260,14,135,786,924,883,"{'BUILD_PASTURE': 14, 'NORTH': 1021, 'WEST': 883, 'PICKUP': 260, 'PLACE': 14, 'PLANT': 135, 'WATER': 924, 'EAST': 665, 'SOUTH': 786, 'FEED': 322, 'CARE': 319, 'PASS': 448, 'COLLECT_FERTILIZER': 322, 'DROP': 100, 'HARVEST': 341, 'DIG': 40, 'FERTILIZE': 103}",719,v022e_adaptive_recovery,52609.0,DONE,1,0,0,-55193.0,0.297667,baseline,107802.0,DONE,0.048375,0.090542,0.25,loss,0,42,2,17,0,0,0,4,4,0,7,8
14,319,322,40,100,665,322,103,341,1021,448,260,14,135,786,924,883,"{'BUILD_PASTURE': 14, 'NORTH': 1021, 'WEST': 883, 'PICKUP': 260, 'PLACE': 14, 'PLANT': 135, 'WATER': 924, 'EAST': 665, 'SOUTH': 786, 'FEED': 322, 'CARE': 319, 'PASS': 448, 'COLLECT_FERTILIZER': 322, 'DROP': 100, 'HARVEST': 341, 'DIG': 40, 'FERTILIZE': 103}",719,v022e_adaptive_recovery,53360.0,DONE,1,0,0,-61003.0,0.47425,baseline,114363.0,DONE,0.047958,0.066416,0.090792,loss,1,42,2,17,0,0,0,4,4,0,7,8
14,319,322,41,100,665,322,103,341,1021,448,260,14,134,786,924,883,"{'BUILD_PASTURE': 14, 'NORTH': 1021, 'WEST': 883, 'PICKUP': 260, 'PLACE': 14, 'PLANT': 134, 'WATER': 924, 'EAST': 665, 'SOUTH': 786, 'FEED': 322, 'CARE': 319, 'PASS': 448, 'COLLECT_FERTILIZER': 322, 'DROP': 100, 'HARVEST': 341, 'DIG': 41, 'FERTILIZE': 103}",719,v022e_adaptive_recovery,45046.0,DONE,1,0,0,-48509.0,0.382125,baseline,93555.0,DONE,0.048417,0.089166,0.159375,loss,0,2026,2,19,1,0,0,4,5,0,8,9
14,319,322,40,100,665,322,103,341,1021,448,260,14,135,786,924,883,"{'BUILD_PASTURE': 14, 'NORTH': 1021, 'WEST': 883, 'PICKUP': 260, 'PLACE': 14, 'PLANT': 135, 'WATER': 924, 'EAST': 665, 'SOUTH': 786, 'FEED': 322, 'CARE': 319, 'PASS': 448, 'COLLECT_FERTILIZER': 322, 'DROP': 100, 'HARVEST': 341, 'DIG': 40, 'FERTILIZE': 103}",719,v022e_adaptive_recovery,45046.0,DONE,1,0,0,-48509.0,0.160417,baseline,93555.0,DONE,0.046625,0.064708,0.086625,loss,1,2026,2,17,0,0,0,4,4,0,7,8
14,319,322,44,100,665,322,103,340,1020,448,260,14,135,786,924,881,"{'BUILD_PASTURE': 14, 'NORTH': 1020, 'WEST': 881, 'PICKUP': 260, 'PLACE': 14, 'PLANT': 135, 'WATER': 924, 'EAST': 665, 'SOUTH': 786, 'FEED': 322, 'CARE': 319, 'PASS': 448, 'COLLECT_FERTILIZER': 322, 'DROP': 100, 'HARVEST': 340, 'DIG': 44, 'FERTILIZE': 103}",719,v022e_adaptive_recovery,118598.0,DONE,1,0,0,10977.0,0.60675,baseline,107621.0,DONE,0.048959,0.0815,0.234041,win,0,217,2,29,2,1,0,4,8,0,11,12
14,319,322,43,100,665,322,103,341,1020,448,260,14,136,785,924,881,"{'BUILD_PASTURE': 14, 'NORTH': 1020, 'WEST': 881, 'PICKUP': 260, 'PLACE': 14, 'PLANT': 136, 'WATER': 924, 'EAST': 665, 'SOUTH': 785, 'FEED': 322, 'CARE': 319, 'PASS': 448, 'COLLECT_FERTILIZER': 322, 'DROP': 100, 'HARVEST': 341, 'DIG': 43, 'FERTILIZE': 103}",719,v022e_adaptive_recovery,121420.0,DONE,1,0,0,10713.0,0.354958,baseline,110707.0,DONE,0.047958,0.06775,0.105708,win,1,217,2,26,3,1,0,4,7,0,10,11
14,319,321,44,100,665,322,103,341,1020,448,260,14,136,785,924,881,"{'BUILD_PASTURE': 14, 'NORTH': 1020, 'WEST': 881, 'PICKUP': 260, 'PLACE': 14, 'PLANT': 136, 'WATER': 924, 'EAST': 665, 'SOUTH': 785, 'FEED': 322, 'CARE': 319, 'PASS': 448, 'COLLECT_FERTILIZER': 321, 'DROP': 100, 'HARVEST': 341, 'DIG': 44, 'FERTILIZE': 103}",719,v022e_adaptive_recovery,129552.0,DONE,1,0,0,16032.0,24.661375,baseline,113520.0,DONE,0.050541,0.105291,0.231125,win,0,317,2,34,3,1,0,4,8,0,11,12
14,319,322,44,100,665,322,103,340,1020,448,260,14,135,786,924,881,"{'BUILD_PASTURE': 14, 'NORTH': 1020, 'WEST': 881, 'PICKUP': 260, 'PLACE': 14, 'PLANT': 135, 'WATER': 924, 'EAST': 665, 'SOUTH': 786, 'FEED': 322, 'CARE': 319, 'PASS': 448, 'COLLECT_FERTILIZER': 322, 'DROP': 100, 'HARVEST': 340, 'DIG': 44, 'FERTILIZE': 103}",719,v022e_adaptive_recovery,129623.0,DONE,1,0,0,16092.0,0.412084,baseline,113531.0,DONE,0.044625,0.063,0.083333,win,1,317,2,29,2,1,0,4,8,0,11,12
14,319,322,46,100,665,322,103,341,1020,448,260,14,136,785,923,879,"{'BUILD_PASTURE': 14, 'NORTH': 1020, 'WEST': 879, 'PICKUP': 260, 'PLACE': 14, 'PLANT': 136, 'WATER': 923, 'EAST': 665, 'SOUTH': 785, 'FEED': 322, 'CARE': 319, 'PASS': 448, 'COLLECT_FERTILIZER': 322, 'DROP': 100, 'HARVEST': 341, 'DIG': 46, 'FERTILIZE': 103}",719,v022e_adaptive_recovery,118415.0,DONE,1,0,0,11405.0,0.294667,baseline,107010.0,DONE,0.0465,0.081166,0.194375,win,0,733,2,42,4,1,0,4,10,0,13,14
14,319,322,44,100,665,322,103,341,1020,448,260,14,135,785,924,881,"{'BUILD_PASTURE': 14, 'NORTH': 1020, 'WEST': 881, 'PICKUP': 260, 'PLACE': 14, 'PLANT': 135, 'WATER': 924, 'EAST': 665, 'SOUTH': 785, 'FEED': 322, 'CARE': 319, 'PASS': 448, 'COLLECT_FERTILIZER': 322, 'DROP': 100, 'HARVEST': 341, 'DIG': 44, 'FERTILIZE': 103}",719,v022e_adaptive_recovery,115316.0,DONE,1,0,0,11880.0,0.101708,baseline,103436.0,DONE,0.044667,0.06825,0.086083,win,1,733,2,34,3,1,0,4,8,0,11,12
14,322,324,32,100,671,323,103,341,1030,461,262,14,135,793,937,896,"{'BUILD_PASTURE': 14, 'NORTH': 1030, 'WEST': 896, 'PICKUP': 262, 'PLACE': 14, 'PLANT': 135, 'WATER': 937, 'EAST': 671, 'SOUTH': 793, 'FEED': 323, 'CARE': 322, 'PASS': 461, 'COLLECT_FERTILIZER': 324, 'DROP': 100, 'HARVEST': 341, 'DIG': 32, 'FERTILIZE': 103}",719,v022e_adaptive_recovery,185669.0,DONE,1,0,0,182173.0,20.765708,starter,3496.0,DONE,0.043041,0.063417,0.084291,win,0,17,0,8,0,0,0,0,1,0,1,1
14,322,324,31,100,671,323,103,341,1030,461,262,14,135,793,938,896,"{'BUILD_PASTURE': 14, 'NORTH': 1030, 'WEST': 896, 'PICKUP': 262, 'PLACE': 14, 'PLANT': 135, 'WATER': 938, 'EAST': 671, 'SOUTH': 793, 'FEED': 323, 'CARE': 322, 'PASS': 461, 'COLLECT_FERTILIZER': 324, 'DROP': 100, 'HARVEST': 341, 'DIG': 31, 'FERTILIZE': 103}",719,v022e_adaptive_recovery,187121.0,DONE,1,0,0,183632.0,0.45475,starter,3489.0,DONE,0.043291,0.072167,0.150166,win,1,17,0,0,0,0,0,0,0,0,0,0
14,322,324,32,100,671,323,103,341,1030,461,262,14,135,793,937,896,"{'BUILD_PASTURE': 14, 'NORTH': 1030, 'WEST': 896, 'PICKUP': 262, 'PLACE': 14, 'PLANT': 135, 'WATER': 937, 'EAST': 671, 'SOUTH': 793, 'FEED': 323, 'CARE': 322, 'PASS': 461, 'COLLECT_FERTILIZER': 324, 'DROP': 100, 'HARVEST': 341, 'DIG': 32, 'FERTILIZE': 103}",719,v022e_adaptive_recovery,191036.0,DONE,1,0,0,187532.0,0.487208,starter,3504.0,DONE,0.044541,0.072667,0.094833,win,0,42,0,3,0,0,0,0,1,0,1,1
14,322,324,32,100,670,323,103,341,1030,461,262,14,135,793,938,896,"{'BUILD_PASTURE': 14, 'NORTH': 1030, 'WEST': 896, 'PICKUP': 262, 'PLACE': 14, 'PLANT': 135, 'WATER': 938, 'EAST': 670, 'SOUTH': 793, 'FEED': 323, 'CARE': 322, 'PASS': 461, 'COLLECT_FERTILIZER': 324, 'DROP': 100, 'HARVEST': 341, 'DIG': 32, 'FERTILIZE': 103}",719,v022e_adaptive_recovery,191036.0,DONE,1,0,0,187532.0,0.425208,starter,3504.0,DONE,0.042541,0.074375,0.1215,win,1,42,0,7,0,0,0,0,1,0,1,1
14,322,324,34,100,671,323,103,341,1030,461,262,14,135,791,937,896,"{'BUILD_PASTURE': 14, 'NORTH': 1030, 'WEST': 896, 'PICKUP': 262, 'PLACE': 14, 'PLANT': 135, 'WATER': 937, 'EAST': 671, 'SOUTH': 791, 'FEED': 323, 'CARE': 322, 'PASS': 461, 'COLLECT_FERTILIZER': 324, 'DROP': 100, 'HARVEST': 341, 'DIG': 34, 'FERTILIZE': 103}",719,v022e_adaptive_recovery,190134.0,DONE,1,0,0,186637.0,0.408875,starter,3497.0,DONE,0.043,0.079416,0.293959,win,0,2026,0,13,1,0,0,0,2,0,3,3
14,322,324,34,100,670,323,103,341,1030,461,262,14,135,793,936,896,"{'BUILD_PASTURE': 14, 'NORTH': 1030, 'WEST': 896, 'PICKUP': 262, 'PLACE': 14, 'PLANT': 135, 'WATER': 936, 'EAST': 670, 'SOUTH': 793, 'FEED': 323, 'CARE': 322, 'PASS': 461, 'COLLECT_FERTILIZER': 324, 'DROP': 100, 'HARVEST': 341, 'DIG': 34, 'FERTILIZE': 103}",719,v022e_adaptive_recovery,184126.0,DONE,1,0,0,180623.0,19.209667,starter,3503.0,DONE,0.04375,0.073583,0.30625,win,1,2026,0,5,1,0,0,0,2,0,3,3
14,322,324,33,100,671,323,103,341,1029,461,262,14,135,793,937,896,"{'BUILD_PASTURE': 14, 'NORTH': 1029, 'WEST': 896, 'PICKUP': 262, 'PLACE': 14, 'PLANT': 135, 'WATER': 937, 'EAST': 671, 'SOUTH': 793, 'FEED': 323, 'CARE': 322, 'PASS': 461, 'COLLECT_FERTILIZER': 324, 'DROP': 100, 'HARVEST': 341, 'DIG': 33, 'FERTILIZE': 103}",719,v022e_adaptive_recovery,187789.0,DONE,1,0,0,184292.0,19.712791,starter,3497.0,DONE,0.043833,0.075709,0.159125,win,0,217,0,5,2,0,0,0,2,0,2,2
14,322,324,34,100,671,323,103,341,1030,461,262,14,134,792,937,896,"{'BUILD_PASTURE': 14, 'NORTH': 1030, 'WEST': 896, 'PICKUP': 262, 'PLACE': 14, 'PLANT': 134, 'WATER': 937, 'EAST': 671, 'SOUTH': 792, 'FEED': 323, 'CARE': 322, 'PASS': 461, 'COLLECT_FERTILIZER': 324, 'DROP': 100, 'HARVEST': 341, 'DIG': 34, 'FERTILIZE': 103}",719,v022e_adaptive_recovery,187842.0,DONE,1,0,0,184345.0,17.822833,starter,3497.0,DONE,0.043417,0.074916,0.186834,win,1,217,0,10,1,0,0,0,2,0,3,3
14,322,323,32,100,671,323,103,341,1030,461,262,14,135,793,938,896,"{'BUILD_PASTURE': 14, 'NORTH': 1030, 'WEST': 896, 'PICKUP': 262, 'PLACE': 14, 'PLANT': 135, 'WATER': 938, 'EAST': 671, 'SOUTH': 793, 'FEED': 323, 'CARE': 322, 'PASS': 461, 'COLLECT_FERTILIZER': 323, 'DROP': 100, 'HARVEST': 341, 'DIG': 32, 'FERTILIZE': 103}",719,v022e_adaptive_recovery,186957.0,DONE,1,0,0,183450.0,19.522,starter,3507.0,DONE,0.043875,0.069667,0.0845,win,0,317,0,8,0,0,0,0,1,0,1,1
14,322,324,32,100,671,323,103,341,1030,461,262,14,135,792,938,896,"{'BUILD_PASTURE': 14, 'NORTH': 1030, 'WEST': 896, 'PICKUP': 262, 'PLACE': 14, 'PLANT': 135, 'WATER': 938, 'EAST': 671, 'SOUTH': 792, 'FEED': 323, 'CARE': 322, 'PASS': 461, 'COLLECT_FERTILIZER': 324, 'DROP': 100, 'HARVEST': 341, 'DIG': 32, 'FERTILIZE': 103}",719,v022e_adaptive_recovery,187013.0,DONE,1,0,0,183506.0,21.048,starter,3507.0,DONE,0.04475,0.072292,0.269666,win,1,317,0,6,0,0,0,0,1,0,1,1
14,322,324,33,100,671,323,103,341,1030,461,262,14,135,793,938,894,"{'BUILD_PASTURE': 14, 'NORTH': 1030, 'WEST': 894, 'PICKUP': 262, 'PLACE': 14, 'PLANT': 135, 'WATER': 938, 'EAST': 671, 'SOUTH': 793, 'FEED': 323, 'CARE': 322, 'PASS': 461, 'COLLECT_FERTILIZER': 324, 'DROP': 100, 'HARVEST': 341, 'DIG': 33, 'FERTILIZE': 103}",719,v022e_adaptive_recovery,174434.0,DONE,1,0,0,170931.0,0.396042,starter,3503.0,DONE,0.043875,0.068667,0.092833,win,0,733,0,7,1,1,0,0,2,0,2,2
14,322,324,35,100,671,323,103,341,1029,461,262,14,134,793,938,894,"{'BUILD_PASTURE': 14, 'NORTH': 1029, 'WEST': 894, 'PICKUP': 262, 'PLACE': 14, 'PLANT': 134, 'WATER': 938, 'EAST': 671, 'SOUTH': 793, 'FEED': 323, 'CARE': 322, 'PASS': 461, 'COLLECT_FERTILIZER': 324, 'DROP': 100, 'HARVEST': 341, 'DIG': 35, 'FERTILIZE': 103}",719,v022e_adaptive_recovery,173332.0,DONE,1,0,0,169829.0,31.147459,starter,3503.0,DONE,0.043875,0.07775,0.162125,win,1,733,0,8,3,0,0,0,4,0,4,4
14,322,324,32,100,671,323,103,341,1030,461,262,14,135,793,937,896,"{'BUILD_PASTURE': 14, 'NORTH': 1030, 'WEST': 896, 'PICKUP': 262, 'PLACE': 14, 'PLANT': 135, 'WATER': 937, 'EAST': 671, 'SOUTH': 793, 'FEED': 323, 'CARE': 322, 'PASS': 461, 'COLLECT_FERTILIZER': 324, 'DROP': 100, 'HARVEST': 341, 'DIG': 32, 'FERTILIZE': 103}",719,v022e_adaptive_recovery,180979.0,DONE,1,0,0,180979.0,35.417458,random,0.0,DONE,0.04575,0.097167,0.243792,win,0,17,0,8,0,0,0,0,1,0,1,1
14,322,324,31,100,671,323,103,341,1030,461,262,14,135,793,938,896,"{'BUILD_PASTURE': 14, 'NORTH': 1030, 'WEST': 896, 'PICKUP': 262, 'PLACE': 14, 'PLANT': 135, 'WATER': 938, 'EAST': 671, 'SOUTH': 793, 'FEED': 323, 'CARE': 322, 'PASS': 461, 'COLLECT_FERTILIZER': 324, 'DROP': 100, 'HARVEST': 341, 'DIG': 31, 'FERTILIZE': 103}",719,v022e_adaptive_recovery,175852.0,DONE,1,0,0,175852.0,33.277458,random,0.0,DONE,0.047542,0.094125,0.250041,win,1,17,0,0,0,0,0,0,0,0,0,0
14,322,324,32,100,671,323,103,341,1030,461,262,14,135,793,937,896,"{'BUILD_PASTURE': 14, 'NORTH': 1030, 'WEST': 896, 'PICKUP': 262, 'PLACE': 14, 'PLANT': 135, 'WATER': 937, 'EAST': 671, 'SOUTH': 793, 'FEED': 323, 'CARE': 322, 'PASS': 461, 'COLLECT_FERTILIZER': 324, 'DROP': 100, 'HARVEST': 341, 'DIG': 32, 'FERTILIZE': 103}",719,v022e_adaptive_recovery,177577.0,DONE,1,0,0,177577.0,36.930042,random,0.0,DONE,0.0465,0.096042,0.2405,win,0,42,0,3,0,0,0,0,1,0,1,1
14,322,324,32,100,670,323,103,341,1030,461,262,14,135,793,938,896,"{'BUILD_PASTURE': 14, 'NORTH': 1030, 'WEST': 896, 'PICKUP': 262, 'PLACE': 14, 'PLANT': 135, 'WATER': 938, 'EAST': 670, 'SOUTH': 793, 'FEED': 323, 'CARE': 322, 'PASS': 461, 'COLLECT_FERTILIZER': 324, 'DROP': 100, 'HARVEST': 341, 'DIG': 32, 'FERTILIZE': 103}",719,v022e_adaptive_recovery,182274.0,DONE,1,0,0,182274.0,45.850167,random,0.0,DONE,0.046208,0.099542,0.267958,win,1,42,0,2,0,0,0,0,1,0,1,1
14,322,324,34,100,671,323,103,341,1030,461,262,14,135,791,937,896,"{'BUILD_PASTURE': 14, 'NORTH': 1030, 'WEST': 896, 'PICKUP': 262, 'PLACE': 14, 'PLANT': 135, 'WATER': 937, 'EAST': 671, 'SOUTH': 791, 'FEED': 323, 'CARE': 322, 'PASS': 461, 'COLLECT_FERTILIZER': 324, 'DROP': 100, 'HARVEST': 341, 'DIG': 34, 'FERTILIZE': 103}",719,v022e_adaptive_recovery,189490.0,DONE,1,0,0,189490.0,32.022458,random,0.0,DONE,0.049833,0.11875,0.258208,win,0,2026,0,13,1,0,0,0,2,0,3,3
14,322,324,32,100,670,323,103,341,1030,461,262,14,135,793,938,896,"{'BUILD_PASTURE': 14, 'NORTH': 1030, 'WEST': 896, 'PICKUP': 262, 'PLACE': 14, 'PLANT': 135, 'WATER': 938, 'EAST': 670, 'SOUTH': 793, 'FEED': 323, 'CARE': 322, 'PASS': 461, 'COLLECT_FERTILIZER': 324, 'DROP': 100, 'HARVEST': 341, 'DIG': 32, 'FERTILIZE': 103}",719,v022e_adaptive_recovery,192301.0,DONE,1,0,0,192301.0,43.166125,random,0.0,DONE,0.046541,0.09375,0.232208,win,1,2026,0,4,0,0,0,0,1,0,1,1
14,322,324,33,100,671,323,103,341,1029,461,262,14,135,793,937,896,"{'BUILD_PASTURE': 14, 'NORTH': 1029, 'WEST': 896, 'PICKUP': 262, 'PLACE': 14, 'PLANT': 135, 'WATER': 937, 'EAST': 671, 'SOUTH': 793, 'FEED': 323, 'CARE': 322, 'PASS': 461, 'COLLECT_FERTILIZER': 324, 'DROP': 100, 'HARVEST': 341, 'DIG': 33, 'FERTILIZE': 103}",719,v022e_adaptive_recovery,196588.0,DONE,1,0,0,196588.0,46.390875,random,0.0,DONE,0.048958,0.109333,0.2985,win,0,217,0,5,2,0,0,0,2,0,2,2
14,322,324,33,100,671,323,103,341,1030,461,262,14,135,792,937,896,"{'BUILD_PASTURE': 14, 'NORTH': 1030, 'WEST': 896, 'PICKUP': 262, 'PLACE': 14, 'PLANT': 135, 'WATER': 937, 'EAST': 671, 'SOUTH': 792, 'FEED': 323, 'CARE': 322, 'PASS': 461, 'COLLECT_FERTILIZER': 324, 'DROP': 100, 'HARVEST': 341, 'DIG': 33, 'FERTILIZE': 103}",719,v022e_adaptive_recovery,185524.0,DONE,1,0,0,185524.0,33.97875,random,0.0,DONE,0.0465,0.109125,0.242125,win,1,217,0,7,2,0,0,0,2,0,2,2
14,322,323,32,100,671,323,103,341,1030,461,262,14,135,793,938,896,"{'BUILD_PASTURE': 14, 'NORTH': 1030, 'WEST': 896, 'PICKUP': 262, 'PLACE': 14, 'PLANT': 135, 'WATER': 938, 'EAST': 671, 'SOUTH': 793, 'FEED': 323, 'CARE': 322, 'PASS': 461, 'COLLECT_FERTILIZER': 323, 'DROP': 100, 'HARVEST': 341, 'DIG': 32, 'FERTILIZE': 103}",719,v022e_adaptive_recovery,195088.0,DONE,1,0,0,195088.0,37.310416,random,0.0,DONE,0.046334,0.102292,0.273833,win,0,317,0,8,0,0,0,0,1,0,1,1
14,322,324,31,100,671,323,103,341,1030,461,262,14,135,793,938,896,"{'BUILD_PASTURE': 14, 'NORTH': 1030, 'WEST': 896, 'PICKUP': 262, 'PLACE': 14, 'PLANT': 135, 'WATER': 938, 'EAST': 671, 'SOUTH': 793, 'FEED': 323, 'CARE': 322, 'PASS': 461, 'COLLECT_FERTILIZER': 324, 'DROP': 100, 'HARVEST': 341, 'DIG': 31, 'FERTILIZE': 103}",719,v022e_adaptive_recovery,188672.0,DONE,1,0,0,188672.0,33.742083,random,0.0,DONE,0.049042,0.114708,0.253583,win,1,317,0,0,0,0,0,0,0,0,0,0
14,322,324,33,100,671,323,103,341,1030,461,262,14,135,793,938,894,"{'BUILD_PASTURE': 14, 'NORTH': 1030, 'WEST': 894, 'PICKUP': 262, 'PLACE': 14, 'PLANT': 135, 'WATER': 938, 'EAST': 671, 'SOUTH': 793, 'FEED': 323, 'CARE': 322, 'PASS': 461, 'COLLECT_FERTILIZER': 324, 'DROP': 100, 'HARVEST': 341, 'DIG': 33, 'FERTILIZE': 103}",719,v022e_adaptive_recovery,190410.0,DONE,1,0,0,190410.0,1.245083,random,0.0,DONE,0.049042,0.101042,0.254792,win,0,733,0,7,1,1,0,0,2,0,2,2
14,322,324,33,100,671,323,103,341,1029,461,262,14,135,793,937,896,"{'BUILD_PASTURE': 14, 'NORTH': 1029, 'WEST': 896, 'PICKUP': 262, 'PLACE': 14, 'PLANT': 135, 'WATER': 937, 'EAST': 671, 'SOUTH': 793, 'FEED': 323, 'CARE': 322, 'PASS': 461, 'COLLECT_FERTILIZER': 324, 'DROP': 100, 'HARVEST': 341, 'DIG': 33, 'FERTILIZE': 103}",719,v022e_adaptive_recovery,191629.0,DONE,1,0,0,191629.0,45.4765,random,0.0,DONE,0.0455,0.100458,0.232917,win,1,733,0,10,2,0,0,0,2,0,2,2
